Session_ID,User_ID,Device,Region,Channel,Product_Category,Event_Order,Max_Event,Session_Start
SES00001,USR00001,Desktop,West,Organic,Home,3,Checkout,2025-10-28 07:33:50
SES00002,USR00002,Desktop,East,Email,Electronics,4,Purchase,2025-10-19 09:15:10
SES00003,USR00003,Desktop,East,Google Ads,Beauty,4,Purchase,2025-10-12 02:19:00
SES00004,USR00004,Tablet,West,Social Media,Home,1,Browse,2025-10-05 17:55:48
SES00005,USR00005,Tablet,West,Google Ads,Electronics,2,Add to Cart,2025-10-19 12:35:49
SES00006,USR00006,Tablet,North,Email,Beauty,1,Browse,2025-10-06 13:20:53
SES00007,USR00007,Mobile,South,Google Ads,Home,1,Browse,2025-10-20 15:23:11
SES00008,USR00008,Desktop,West,Google Ads,Beauty,4,Purchase,2025-10-13 12:59:29
SES00009,USR00009,Tablet,South,Organic,Fashion,2,Add to Cart,2025-10-17 10:27:10
SES00010,USR00010,Desktop,West,Email,Sports,1,Browse,2025-10-30 17:23:31
SES00011,USR00011,Tablet,South,Social Media,Fashion,3,Checkout,2025-10-23 13:33:44
SES00012,USR00012,Desktop,North,Social Media,Beauty,2,Add to Cart,2025-10-30 17:47:53
SES00013,USR00013,Tablet,East,Social Media,Sports,4,Purchase,2025-10-24 09:26:53
SES00014,USR00014,Tablet,South,Google Ads,Fashion,4,Purchase,2025-10-30 17:13:50
SES00015,USR00015,Mobile,West,Google Ads,Beauty,4,Purchase,2025-10-13 22:58:27
SES00016,USR00016,Mobile,East,Organic,Electronics,3,Checkout,2025-10-26 17:56:29
SES00017,USR00017,Desktop,West,Google Ads,Sports,1,Browse,2025-10-29 03:56:13
SES00018,USR00018,Mobile,East,Organic,Sports,1,Browse,2025-10-19 23:13:10
SES00019,USR00019,Mobile,West,Google Ads,Home,1,Browse,2025-10-07 01:32:36
SES00020,USR00020,Desktop,West,Email,Electronics,1,Browse,2025-10-27 12:48:22
SES00021,USR00021,Desktop,South,Social Media,Fashion,1,Browse,2025-10-08 22:04:33
SES00022,USR00022,Mobile,East,Google Ads,Sports,3,Checkout,2025-10-12 05:27:26
SES00023,USR00023,Tablet,West,Google Ads,Electronics,2,Add to Cart,2025-10-28 11:26:29
SES00024,USR00024,Mobile,South,Organic,Home,3,Checkout,2025-10-08 17:10:15
SES00025,USR00025,Tablet,North,Google Ads,Sports,3,Checkout,2025-10-11 21:31:06
SES00026,USR00026,Mobile,West,Google Ads,Fashion,4,Purchase,2025-10-28 01:31:26
SES00027,USR00027,Mobile,South,Social Media,Beauty,1,Browse,2025-10-03 10:08:55
SES00028,USR00028,Tablet,North,Google Ads,Home,2,Add to Cart,2025-10-11 06:44:35
SES00029,USR00029,Tablet,North,Google Ads,Beauty,1,Browse,2025-10-11 00:33:01
SES00030,USR00030,Tablet,South,Organic,Fashion,2,Add to Cart,2025-10-09 04:13:16
SES00031,USR00031,Tablet,East,Email,Fashion,4,Purchase,2025-10-31 06:41:07
SES00032,USR00032,Mobile,North,Organic,Sports,2,Add to Cart,2025-10-03 09:29:58
SES00033,USR00033,Tablet,West,Email,Beauty,4,Purchase,2025-10-23 03:47:12
SES00034,USR00034,Desktop,North,Google Ads,Sports,3,Checkout,2025-10-23 03:01:18
SES00035,USR00035,Desktop,East,Social Media,Electronics,3,Checkout,2025-10-24 17:17:11
SES00036,USR00036,Tablet,South,Organic,Fashion,2,Add to Cart,2025-10-23 23:31:34
SES00037,USR00037,Mobile,West,Google Ads,Home,1,Browse,2025-10-04 18:02:46
SES00038,USR00038,Tablet,North,Google Ads,Beauty,2,Add to Cart,2025-10-05 05:36:37
SES00039,USR00039,Desktop,East,Email,Sports,3,Checkout,2025-10-24 12:49:39
SES00040,USR00040,Desktop,South,Organic,Electronics,1,Browse,2025-10-13 06:39:58
SES00041,USR00041,Desktop,North,Organic,Beauty,3,Checkout,2025-10-22 17:52:09
SES00042,USR00042,Tablet,North,Social Media,Fashion,1,Browse,2025-10-02 02:00:46
SES00043,USR00043,Tablet,East,Email,Fashion,2,Add to Cart,2025-10-17 21:54:14
SES00044,USR00044,Tablet,East,Google Ads,Beauty,2,Add to Cart,2025-10-26 13:37:42
SES00045,USR00045,Tablet,North,Email,Beauty,1,Browse,2025-10-11 02:37:09
SES00046,USR00046,Tablet,East,Email,Electronics,2,Add to Cart,2025-10-03 15:34:30
SES00047,USR00047,Mobile,East,Organic,Electronics,1,Browse,2025-10-03 01:06:41
SES00048,USR00048,Tablet,South,Email,Electronics,3,Checkout,2025-10-16 18:22:12
SES00049,USR00049,Tablet,East,Email,Electronics,2,Add to Cart,2025-10-31 08:49:27
SES00050,USR00050,Tablet,South,Organic,Home,3,Checkout,2025-10-14 11:45:39
SES00051,USR00051,Tablet,North,Google Ads,Home,1,Browse,2025-10-05 01:07:33
SES00052,USR00052,Mobile,East,Social Media,Home,1,Browse,2025-10-15 16:03:13
SES00053,USR00053,Mobile,East,Google Ads,Electronics,3,Checkout,2025-10-16 06:56:30
SES00054,USR00054,Desktop,West,Google Ads,Home,2,Add to Cart,2025-10-09 07:40:27
SES00055,USR00055,Tablet,West,Google Ads,Electronics,2,Add to Cart,2025-10-06 07:54:15
SES00056,USR00056,Tablet,North,Email,Sports,1,Browse,2025-10-12 03:30:45
SES00057,USR00057,Tablet,South,Social Media,Beauty,1,Browse,2025-10-11 13:12:04
SES00058,USR00058,Mobile,South,Organic,Beauty,3,Checkout,2025-10-18 16:04:50
SES00059,USR00059,Mobile,South,Email,Fashion,1,Browse,2025-10-17 21:18:06
SES00060,USR00060,Tablet,West,Organic,Sports,4,Purchase,2025-10-05 23:25:11
SES00061,USR00061,Tablet,West,Social Media,Beauty,2,Add to Cart,2025-10-02 19:18:58
SES00062,USR00062,Desktop,South,Email,Sports,4,Purchase,2025-10-28 19:04:39
SES00063,USR00063,Mobile,West,Google Ads,Electronics,1,Browse,2025-10-04 06:45:35
SES00064,USR00064,Tablet,West,Email,Sports,2,Add to Cart,2025-10-03 20:40:36
SES00065,USR00065,Tablet,South,Email,Electronics,1,Browse,2025-10-24 18:03:46
SES00066,USR00066,Tablet,North,Email,Electronics,2,Add to Cart,2025-10-29 04:45:18
SES00067,USR00067,Mobile,West,Email,Beauty,3,Checkout,2025-10-11 07:31:15
SES00068,USR00068,Tablet,South,Social Media,Sports,1,Browse,2025-10-14 17:49:27
SES00069,USR00069,Mobile,West,Email,Electronics,3,Checkout,2025-10-05 01:15:08
SES00070,USR00070,Mobile,South,Organic,Electronics,1,Browse,2025-10-12 02:20:37
SES00071,USR00071,Tablet,South,Social Media,Sports,2,Add to Cart,2025-10-16 17:53:10
SES00072,USR00072,Tablet,North,Email,Fashion,4,Purchase,2025-10-12 22:47:11
SES00073,USR00073,Desktop,North,Organic,Home,1,Browse,2025-10-02 02:53:14
SES00074,USR00074,Desktop,South,Email,Home,3,Checkout,2025-10-31 09:48:16
SES00075,USR00075,Desktop,West,Google Ads,Beauty,2,Add to Cart,2025-10-19 15:37:20
SES00076,USR00076,Mobile,West,Social Media,Home,3,Checkout,2025-10-26 22:20:57
SES00077,USR00077,Mobile,North,Organic,Fashion,2,Add to Cart,2025-10-07 10:52:27
SES00078,USR00078,Mobile,North,Social Media,Home,2,Add to Cart,2025-10-20 03:35:12
SES00079,USR00079,Mobile,South,Google Ads,Fashion,1,Browse,2025-10-17 05:29:15
SES00080,USR00080,Mobile,North,Organic,Sports,2,Add to Cart,2025-10-17 08:52:36
SES00081,USR00081,Tablet,East,Social Media,Fashion,3,Checkout,2025-10-22 10:06:06
SES00082,USR00082,Mobile,West,Organic,Fashion,2,Add to Cart,2025-10-06 14:39:56
SES00083,USR00083,Mobile,East,Social Media,Electronics,3,Checkout,2025-10-16 23:48:29
SES00084,USR00084,Desktop,North,Social Media,Fashion,3,Checkout,2025-10-09 08:54:58
SES00085,USR00085,Tablet,South,Organic,Electronics,3,Checkout,2025-10-12 15:26:38
SES00086,USR00086,Mobile,West,Organic,Fashion,1,Browse,2025-10-29 09:16:35
SES00087,USR00087,Mobile,South,Google Ads,Fashion,3,Checkout,2025-10-29 14:58:55
SES00088,USR00088,Desktop,East,Organic,Fashion,2,Add to Cart,2025-10-30 05:12:02
SES00089,USR00089,Mobile,East,Google Ads,Home,2,Add to Cart,2025-10-16 11:10:31
SES00090,USR00090,Tablet,North,Email,Fashion,3,Checkout,2025-10-28 06:54:54
SES00091,USR00091,Desktop,East,Email,Home,2,Add to Cart,2025-10-12 15:30:36
SES00092,USR00092,Desktop,South,Google Ads,Home,2,Add to Cart,2025-10-15 02:28:29
SES00093,USR00093,Tablet,South,Social Media,Home,1,Browse,2025-10-11 16:37:03
SES00094,USR00094,Mobile,East,Google Ads,Electronics,2,Add to Cart,2025-10-13 01:06:18
SES00095,USR00095,Mobile,East,Google Ads,Beauty,3,Checkout,2025-10-08 17:05:04
SES00096,USR00096,Tablet,South,Organic,Fashion,2,Add to Cart,2025-10-20 16:29:51
SES00097,USR00097,Desktop,North,Email,Electronics,2,Add to Cart,2025-10-26 16:37:22
SES00098,USR00098,Tablet,East,Google Ads,Electronics,1,Browse,2025-10-24 21:26:32
SES00099,USR00099,Desktop,East,Email,Home,1,Browse,2025-10-23 00:07:56
SES00100,USR00100,Tablet,North,Organic,Home,2,Add to Cart,2025-10-31 13:55:19
SES00101,USR00101,Mobile,North,Organic,Home,3,Checkout,2025-10-16 04:11:54
SES00102,USR00102,Desktop,North,Email,Fashion,2,Add to Cart,2025-10-07 15:29:38
SES00103,USR00103,Desktop,East,Organic,Home,2,Add to Cart,2025-10-20 12:40:01
SES00104,USR00104,Desktop,East,Email,Home,1,Browse,2025-10-28 10:12:14
SES00105,USR00105,Tablet,East,Organic,Beauty,1,Browse,2025-10-06 20:45:07
SES00106,USR00106,Desktop,North,Google Ads,Sports,2,Add to Cart,2025-10-03 08:03:01
SES00107,USR00107,Desktop,East,Organic,Home,4,Purchase,2025-10-18 10:14:00
SES00108,USR00108,Desktop,West,Social Media,Beauty,1,Browse,2025-10-07 12:11:53
SES00109,USR00109,Mobile,East,Email,Beauty,1,Browse,2025-10-26 15:45:30
SES00110,USR00110,Mobile,North,Email,Fashion,2,Add to Cart,2025-10-03 10:42:16
SES00111,USR00111,Tablet,South,Organic,Electronics,1,Browse,2025-10-22 20:27:38
SES00112,USR00112,Mobile,East,Email,Fashion,3,Checkout,2025-10-10 00:24:10
SES00113,USR00113,Desktop,South,Organic,Fashion,2,Add to Cart,2025-10-30 06:54:52
SES00114,USR00114,Mobile,North,Email,Fashion,3,Checkout,2025-10-02 02:12:28
SES00115,USR00115,Tablet,South,Social Media,Beauty,2,Add to Cart,2025-10-09 17:56:46
SES00116,USR00116,Mobile,North,Google Ads,Electronics,2,Add to Cart,2025-10-03 23:26:28
SES00117,USR00117,Tablet,East,Google Ads,Beauty,1,Browse,2025-10-13 10:15:17
SES00118,USR00118,Tablet,South,Email,Beauty,2,Add to Cart,2025-10-21 01:41:46
SES00119,USR00119,Tablet,East,Email,Home,1,Browse,2025-10-24 13:33:36
SES00120,USR00120,Tablet,West,Google Ads,Beauty,1,Browse,2025-10-18 10:47:11
SES00121,USR00121,Tablet,West,Organic,Beauty,2,Add to Cart,2025-10-28 21:46:41
SES00122,USR00122,Mobile,North,Email,Fashion,3,Checkout,2025-10-05 04:21:17
SES00123,USR00123,Desktop,South,Organic,Sports,3,Checkout,2025-10-29 15:50:27
SES00124,USR00124,Mobile,South,Organic,Electronics,1,Browse,2025-10-24 12:15:18
SES00125,USR00125,Mobile,South,Email,Electronics,2,Add to Cart,2025-10-22 02:41:55
SES00126,USR00126,Desktop,North,Email,Electronics,2,Add to Cart,2025-10-06 13:51:05
SES00127,USR00127,Desktop,West,Email,Home,4,Purchase,2025-10-12 01:14:02
SES00128,USR00128,Tablet,North,Organic,Electronics,4,Purchase,2025-10-25 00:41:41
SES00129,USR00129,Desktop,West,Email,Fashion,4,Purchase,2025-10-07 23:09:34
SES00130,USR00130,Tablet,North,Email,Home,3,Checkout,2025-10-26 10:09:24
SES00131,USR00131,Tablet,West,Google Ads,Electronics,2,Add to Cart,2025-10-02 01:26:20
SES00132,USR00132,Desktop,North,Google Ads,Beauty,3,Checkout,2025-10-30 18:25:36
SES00133,USR00133,Tablet,East,Email,Electronics,3,Checkout,2025-10-06 13:38:21
SES00134,USR00134,Tablet,West,Email,Sports,2,Add to Cart,2025-10-24 21:25:48
SES00135,USR00135,Mobile,South,Google Ads,Sports,3,Checkout,2025-10-17 02:55:36
SES00136,USR00136,Tablet,South,Organic,Sports,4,Purchase,2025-10-03 07:28:32
SES00137,USR00137,Tablet,North,Google Ads,Home,1,Browse,2025-10-26 21:49:49
SES00138,USR00138,Desktop,North,Google Ads,Home,3,Checkout,2025-10-02 20:52:54
SES00139,USR00139,Desktop,North,Social Media,Beauty,3,Checkout,2025-10-19 06:11:43
SES00140,USR00140,Tablet,North,Organic,Sports,1,Browse,2025-10-23 18:36:22
SES00141,USR00141,Tablet,East,Organic,Sports,2,Add to Cart,2025-10-20 22:16:32
SES00142,USR00142,Tablet,North,Organic,Beauty,3,Checkout,2025-10-29 02:57:13
SES00143,USR00143,Desktop,North,Google Ads,Electronics,1,Browse,2025-10-11 06:52:10
SES00144,USR00144,Desktop,West,Organic,Home,1,Browse,2025-10-06 14:40:42
SES00145,USR00145,Desktop,East,Email,Beauty,3,Checkout,2025-10-12 16:40:54
SES00146,USR00146,Mobile,East,Social Media,Electronics,2,Add to Cart,2025-10-23 00:14:16
SES00147,USR00147,Mobile,East,Organic,Fashion,1,Browse,2025-10-07 09:38:04
SES00148,USR00148,Tablet,West,Google Ads,Sports,3,Checkout,2025-10-03 19:52:01
SES00149,USR00149,Desktop,North,Google Ads,Beauty,3,Checkout,2025-10-05 14:08:35
SES00150,USR00150,Tablet,North,Social Media,Beauty,3,Checkout,2025-10-03 05:11:45
SES00151,USR00151,Tablet,East,Google Ads,Home,3,Checkout,2025-10-31 10:48:56
SES00152,USR00152,Desktop,East,Google Ads,Electronics,3,Checkout,2025-10-16 13:39:40
SES00153,USR00153,Tablet,West,Social Media,Home,2,Add to Cart,2025-10-18 15:32:56
SES00154,USR00154,Desktop,South,Email,Beauty,4,Purchase,2025-10-25 10:29:37
SES00155,USR00155,Mobile,East,Email,Sports,3,Checkout,2025-10-04 11:00:44
SES00156,USR00156,Tablet,West,Email,Electronics,3,Checkout,2025-10-11 10:49:08
SES00157,USR00157,Desktop,West,Organic,Beauty,2,Add to Cart,2025-10-16 14:23:41
SES00158,USR00158,Tablet,East,Social Media,Sports,1,Browse,2025-10-08 17:42:56
SES00159,USR00159,Tablet,South,Email,Fashion,3,Checkout,2025-10-16 21:40:06
SES00160,USR00160,Tablet,North,Organic,Electronics,2,Add to Cart,2025-10-12 21:54:04
SES00161,USR00161,Tablet,North,Email,Sports,3,Checkout,2025-10-09 05:23:56
SES00162,USR00162,Mobile,East,Google Ads,Fashion,2,Add to Cart,2025-10-01 22:59:54
SES00163,USR00163,Tablet,West,Google Ads,Sports,2,Add to Cart,2025-10-20 23:50:02
SES00164,USR00164,Mobile,South,Email,Beauty,3,Checkout,2025-10-10 11:56:50
SES00165,USR00165,Tablet,East,Email,Sports,3,Checkout,2025-10-27 05:34:47
SES00166,USR00166,Desktop,South,Social Media,Fashion,2,Add to Cart,2025-10-04 13:05:10
SES00167,USR00167,Mobile,South,Google Ads,Fashion,1,Browse,2025-10-11 07:48:49
SES00168,USR00168,Mobile,East,Email,Sports,2,Add to Cart,2025-10-02 20:17:11
SES00169,USR00169,Tablet,North,Google Ads,Sports,1,Browse,2025-10-24 11:04:34
SES00170,USR00170,Desktop,East,Social Media,Sports,1,Browse,2025-10-30 05:52:40
SES00171,USR00171,Mobile,South,Google Ads,Home,2,Add to Cart,2025-10-30 21:03:18
SES00172,USR00172,Mobile,West,Social Media,Sports,2,Add to Cart,2025-10-05 10:30:14
SES00173,USR00173,Tablet,East,Organic,Home,4,Purchase,2025-10-26 02:19:17
SES00174,USR00174,Desktop,East,Social Media,Sports,3,Checkout,2025-10-15 13:07:06
SES00175,USR00175,Mobile,West,Organic,Sports,1,Browse,2025-10-07 15:59:53
SES00176,USR00176,Mobile,North,Organic,Beauty,2,Add to Cart,2025-10-15 10:31:30
SES00177,USR00177,Mobile,East,Social Media,Home,1,Browse,2025-10-21 19:32:34
SES00178,USR00178,Desktop,South,Social Media,Sports,2,Add to Cart,2025-10-21 01:51:16
SES00179,USR00179,Desktop,West,Organic,Electronics,1,Browse,2025-10-25 02:11:24
SES00180,USR00180,Desktop,South,Social Media,Fashion,3,Checkout,2025-10-27 01:34:18
SES00181,USR00181,Mobile,North,Email,Home,2,Add to Cart,2025-10-19 12:22:10
SES00182,USR00182,Mobile,West,Google Ads,Home,3,Checkout,2025-10-18 06:23:10
SES00183,USR00183,Mobile,East,Organic,Electronics,1,Browse,2025-10-04 08:14:47
SES00184,USR00184,Mobile,West,Email,Beauty,3,Checkout,2025-10-23 21:53:01
SES00185,USR00185,Mobile,East,Google Ads,Beauty,1,Browse,2025-10-06 02:54:00
SES00186,USR00186,Tablet,West,Organic,Electronics,1,Browse,2025-10-19 22:47:21
SES00187,USR00187,Mobile,East,Google Ads,Beauty,1,Browse,2025-10-17 19:24:48
SES00188,USR00188,Mobile,North,Organic,Sports,2,Add to Cart,2025-10-22 00:20:03
SES00189,USR00189,Desktop,East,Organic,Sports,2,Add to Cart,2025-10-07 10:08:51
SES00190,USR00190,Desktop,North,Organic,Fashion,1,Browse,2025-10-25 01:20:11
SES00191,USR00191,Mobile,East,Email,Fashion,4,Purchase,2025-10-16 15:51:08
SES00192,USR00192,Desktop,North,Organic,Home,1,Browse,2025-10-15 05:55:38
SES00193,USR00193,Desktop,East,Google Ads,Beauty,2,Add to Cart,2025-10-23 00:56:11
SES00194,USR00194,Mobile,South,Email,Electronics,2,Add to Cart,2025-10-12 15:57:58
SES00195,USR00195,Tablet,South,Social Media,Home,2,Add to Cart,2025-10-12 20:00:30
SES00196,USR00196,Tablet,West,Email,Beauty,1,Browse,2025-10-08 03:22:51
SES00197,USR00197,Desktop,East,Google Ads,Fashion,4,Purchase,2025-10-14 10:19:08
SES00198,USR00198,Desktop,South,Google Ads,Fashion,1,Browse,2025-10-30 13:49:15
SES00199,USR00199,Tablet,North,Organic,Sports,1,Browse,2025-10-06 08:23:38
SES00200,USR00200,Tablet,West,Social Media,Sports,2,Add to Cart,2025-10-30 08:21:24
SES00201,USR00201,Tablet,South,Google Ads,Sports,4,Purchase,2025-10-02 09:45:56
SES00202,USR00202,Tablet,East,Email,Sports,2,Add to Cart,2025-10-09 20:49:23
SES00203,USR00203,Tablet,North,Google Ads,Sports,2,Add to Cart,2025-10-05 10:41:23
SES00204,USR00204,Mobile,South,Email,Sports,3,Checkout,2025-10-11 16:21:23
SES00205,USR00205,Desktop,North,Organic,Sports,3,Checkout,2025-10-18 20:46:38
SES00206,USR00206,Desktop,West,Organic,Electronics,1,Browse,2025-10-12 03:07:08
SES00207,USR00207,Mobile,East,Organic,Beauty,1,Browse,2025-10-05 08:31:01
SES00208,USR00208,Mobile,South,Social Media,Home,2,Add to Cart,2025-10-19 06:15:53
SES00209,USR00209,Tablet,South,Google Ads,Electronics,4,Purchase,2025-10-24 07:16:55
SES00210,USR00210,Mobile,West,Social Media,Sports,2,Add to Cart,2025-10-27 11:17:08
SES00211,USR00211,Tablet,West,Organic,Home,4,Purchase,2025-10-27 03:52:14
SES00212,USR00212,Mobile,West,Google Ads,Home,1,Browse,2025-10-29 00:48:39
SES00213,USR00213,Mobile,North,Social Media,Beauty,1,Browse,2025-10-02 21:51:11
SES00214,USR00214,Desktop,South,Google Ads,Fashion,1,Browse,2025-10-25 12:46:14
SES00215,USR00215,Desktop,East,Social Media,Beauty,4,Purchase,2025-10-26 23:21:42
SES00216,USR00216,Desktop,East,Social Media,Home,1,Browse,2025-10-10 09:33:20
SES00217,USR00217,Desktop,South,Social Media,Sports,1,Browse,2025-10-27 02:57:34
SES00218,USR00218,Mobile,West,Email,Home,4,Purchase,2025-10-22 12:02:22
SES00219,USR00219,Mobile,South,Organic,Beauty,4,Purchase,2025-10-25 08:26:04
SES00220,USR00220,Tablet,East,Email,Home,1,Browse,2025-10-28 21:18:49
SES00221,USR00221,Tablet,South,Google Ads,Fashion,3,Checkout,2025-10-31 17:03:27
SES00222,USR00222,Desktop,North,Google Ads,Sports,1,Browse,2025-10-11 02:33:10
SES00223,USR00223,Desktop,East,Email,Beauty,1,Browse,2025-10-31 18:56:52
SES00224,USR00224,Desktop,South,Social Media,Fashion,3,Checkout,2025-10-12 02:49:55
SES00225,USR00225,Desktop,North,Social Media,Home,2,Add to Cart,2025-10-23 06:26:39
SES00226,USR00226,Tablet,North,Email,Fashion,2,Add to Cart,2025-10-25 17:23:16
SES00227,USR00227,Tablet,West,Organic,Sports,2,Add to Cart,2025-10-11 03:02:58
SES00228,USR00228,Tablet,North,Google Ads,Home,2,Add to Cart,2025-10-12 13:26:41
SES00229,USR00229,Tablet,West,Organic,Home,2,Add to Cart,2025-10-18 18:36:51
SES00230,USR00230,Tablet,East,Email,Home,3,Checkout,2025-10-20 10:21:24
SES00231,USR00231,Mobile,East,Google Ads,Home,3,Checkout,2025-10-30 12:48:23
SES00232,USR00232,Desktop,South,Organic,Home,2,Add to Cart,2025-10-20 07:32:13
SES00233,USR00233,Desktop,North,Google Ads,Sports,2,Add to Cart,2025-10-12 20:22:05
SES00234,USR00234,Tablet,North,Email,Home,3,Checkout,2025-10-19 23:41:38
SES00235,USR00235,Mobile,East,Social Media,Electronics,2,Add to Cart,2025-10-04 08:39:55
SES00236,USR00236,Desktop,South,Email,Electronics,4,Purchase,2025-10-12 10:43:40
SES00237,USR00237,Mobile,West,Google Ads,Home,4,Purchase,2025-10-24 21:31:55
SES00238,USR00238,Tablet,West,Email,Fashion,3,Checkout,2025-10-09 10:01:06
SES00239,USR00239,Mobile,South,Social Media,Electronics,3,Checkout,2025-10-29 03:38:57
SES00240,USR00240,Desktop,East,Google Ads,Fashion,1,Browse,2025-10-12 08:00:05
SES00241,USR00241,Tablet,West,Google Ads,Fashion,2,Add to Cart,2025-10-27 18:32:15
SES00242,USR00242,Mobile,East,Organic,Beauty,1,Browse,2025-10-19 22:18:58
SES00243,USR00243,Mobile,East,Email,Beauty,1,Browse,2025-10-20 23:25:00
SES00244,USR00244,Tablet,West,Social Media,Beauty,1,Browse,2025-10-02 12:48:33
SES00245,USR00245,Tablet,North,Email,Home,3,Checkout,2025-10-14 20:29:41
SES00246,USR00246,Tablet,East,Email,Fashion,1,Browse,2025-10-19 00:23:11
SES00247,USR00247,Tablet,East,Organic,Beauty,2,Add to Cart,2025-10-04 00:53:18
SES00248,USR00248,Mobile,West,Social Media,Electronics,2,Add to Cart,2025-10-18 13:15:55
SES00249,USR00249,Tablet,North,Social Media,Home,3,Checkout,2025-10-28 02:42:20
SES00250,USR00250,Mobile,East,Google Ads,Sports,3,Checkout,2025-10-22 14:01:45
SES00251,USR00251,Mobile,West,Google Ads,Electronics,1,Browse,2025-10-11 05:06:27
SES00252,USR00252,Tablet,East,Organic,Fashion,1,Browse,2025-10-02 17:55:04
SES00253,USR00253,Desktop,West,Google Ads,Beauty,3,Checkout,2025-10-16 23:56:59
SES00254,USR00254,Tablet,West,Email,Fashion,2,Add to Cart,2025-10-04 12:28:26
SES00255,USR00255,Desktop,East,Email,Fashion,3,Checkout,2025-10-23 10:42:56
SES00256,USR00256,Tablet,East,Social Media,Fashion,1,Browse,2025-10-24 09:46:53
SES00257,USR00257,Desktop,West,Organic,Electronics,2,Add to Cart,2025-10-18 09:20:02
SES00258,USR00258,Desktop,North,Social Media,Home,3,Checkout,2025-10-13 15:35:06
SES00259,USR00259,Tablet,West,Organic,Sports,1,Browse,2025-10-29 19:14:24
SES00260,USR00260,Desktop,South,Google Ads,Fashion,2,Add to Cart,2025-10-11 19:42:30
SES00261,USR00261,Desktop,North,Organic,Home,4,Purchase,2025-10-02 00:29:06
SES00262,USR00262,Tablet,North,Social Media,Home,2,Add to Cart,2025-10-06 21:26:58
SES00263,USR00263,Tablet,South,Organic,Home,4,Purchase,2025-10-08 07:09:13
SES00264,USR00264,Tablet,West,Google Ads,Sports,2,Add to Cart,2025-10-20 02:10:37
SES00265,USR00265,Desktop,North,Google Ads,Sports,2,Add to Cart,2025-10-17 17:10:48
SES00266,USR00266,Desktop,North,Organic,Fashion,3,Checkout,2025-10-30 21:39:15
SES00267,USR00267,Tablet,North,Google Ads,Fashion,4,Purchase,2025-10-03 19:52:59
SES00268,USR00268,Desktop,East,Google Ads,Sports,2,Add to Cart,2025-10-20 13:18:22
SES00269,USR00269,Mobile,North,Social Media,Home,2,Add to Cart,2025-10-17 00:01:41
SES00270,USR00270,Tablet,North,Google Ads,Beauty,3,Checkout,2025-10-07 13:08:21
SES00271,USR00271,Tablet,North,Social Media,Sports,2,Add to Cart,2025-10-27 04:23:18
SES00272,USR00272,Mobile,North,Social Media,Sports,3,Checkout,2025-10-26 09:35:18
SES00273,USR00273,Mobile,East,Email,Home,2,Add to Cart,2025-10-10 10:21:35
SES00274,USR00274,Tablet,North,Social Media,Beauty,2,Add to Cart,2025-10-12 03:54:32
SES00275,USR00275,Mobile,North,Google Ads,Home,2,Add to Cart,2025-10-18 12:23:41
SES00276,USR00276,Mobile,East,Organic,Home,3,Checkout,2025-10-26 13:39:23
SES00277,USR00277,Desktop,West,Google Ads,Beauty,2,Add to Cart,2025-10-19 00:54:46
SES00278,USR00278,Mobile,North,Google Ads,Home,3,Checkout,2025-10-07 08:48:22
SES00279,USR00279,Mobile,South,Organic,Beauty,3,Checkout,2025-10-01 23:59:26
SES00280,USR00280,Tablet,West,Organic,Home,1,Browse,2025-10-29 21:58:38
SES00281,USR00281,Mobile,West,Email,Sports,3,Checkout,2025-10-09 17:56:39
SES00282,USR00282,Desktop,East,Social Media,Fashion,3,Checkout,2025-10-07 00:20:40
SES00283,USR00283,Tablet,South,Organic,Sports,1,Browse,2025-10-22 04:46:36
SES00284,USR00284,Mobile,North,Organic,Home,2,Add to Cart,2025-10-04 00:29:29
SES00285,USR00285,Tablet,East,Google Ads,Home,2,Add to Cart,2025-10-06 00:32:43
SES00286,USR00286,Tablet,South,Google Ads,Electronics,2,Add to Cart,2025-10-18 02:13:43
SES00287,USR00287,Mobile,West,Organic,Beauty,3,Checkout,2025-10-16 15:19:11
SES00288,USR00288,Desktop,North,Organic,Home,2,Add to Cart,2025-10-28 08:45:14
SES00289,USR00289,Desktop,North,Social Media,Home,3,Checkout,2025-10-26 15:49:45
SES00290,USR00290,Tablet,South,Social Media,Fashion,3,Checkout,2025-10-24 03:08:56
SES00291,USR00291,Desktop,North,Organic,Fashion,3,Checkout,2025-10-28 16:57:09
SES00292,USR00292,Tablet,West,Email,Electronics,2,Add to Cart,2025-10-27 13:33:26
SES00293,USR00293,Desktop,East,Google Ads,Sports,2,Add to Cart,2025-10-10 05:09:18
SES00294,USR00294,Tablet,East,Email,Electronics,4,Purchase,2025-10-04 04:34:46
SES00295,USR00295,Mobile,South,Google Ads,Fashion,3,Checkout,2025-10-17 21:57:40
SES00296,USR00296,Tablet,East,Social Media,Electronics,1,Browse,2025-10-11 15:57:07
SES00297,USR00297,Desktop,North,Social Media,Sports,3,Checkout,2025-10-31 17:26:44
SES00298,USR00298,Tablet,South,Social Media,Fashion,2,Add to Cart,2025-10-21 10:23:48
SES00299,USR00299,Mobile,East,Google Ads,Sports,4,Purchase,2025-10-06 17:52:23
SES00300,USR00300,Mobile,East,Social Media,Beauty,2,Add to Cart,2025-10-09 23:45:28
SES00301,USR00301,Desktop,South,Email,Fashion,2,Add to Cart,2025-10-31 19:22:15
SES00302,USR00302,Desktop,West,Google Ads,Sports,3,Checkout,2025-10-13 13:44:57
SES00303,USR00303,Mobile,North,Organic,Home,3,Checkout,2025-10-12 12:50:51
SES00304,USR00304,Mobile,West,Google Ads,Home,2,Add to Cart,2025-10-25 12:55:09
SES00305,USR00305,Tablet,North,Email,Electronics,3,Checkout,2025-10-02 07:40:18
SES00306,USR00306,Tablet,West,Google Ads,Fashion,1,Browse,2025-10-30 18:08:38
SES00307,USR00307,Tablet,West,Social Media,Home,2,Add to Cart,2025-10-11 02:04:42
SES00308,USR00308,Desktop,West,Email,Beauty,2,Add to Cart,2025-10-04 22:44:56
SES00309,USR00309,Tablet,North,Social Media,Electronics,2,Add to Cart,2025-10-26 13:16:29
SES00310,USR00310,Mobile,North,Social Media,Sports,1,Browse,2025-10-14 00:01:05
SES00311,USR00311,Desktop,South,Organic,Sports,2,Add to Cart,2025-10-23 13:27:05
SES00312,USR00312,Mobile,South,Social Media,Electronics,1,Browse,2025-10-06 22:47:50
SES00313,USR00313,Tablet,South,Google Ads,Fashion,3,Checkout,2025-10-05 13:06:35
SES00314,USR00314,Mobile,West,Email,Electronics,4,Purchase,2025-10-04 05:40:28
SES00315,USR00315,Mobile,South,Google Ads,Beauty,2,Add to Cart,2025-10-17 06:48:16
SES00316,USR00316,Desktop,North,Google Ads,Electronics,3,Checkout,2025-10-16 04:22:52
SES00317,USR00317,Mobile,West,Google Ads,Home,2,Add to Cart,2025-10-20 08:34:57
SES00318,USR00318,Tablet,South,Organic,Home,1,Browse,2025-10-16 15:29:34
SES00319,USR00319,Tablet,North,Organic,Home,2,Add to Cart,2025-10-05 07:02:20
SES00320,USR00320,Desktop,East,Social Media,Fashion,2,Add to Cart,2025-10-23 19:23:54
SES00321,USR00321,Tablet,East,Social Media,Electronics,1,Browse,2025-10-22 01:48:12
SES00322,USR00322,Desktop,West,Organic,Sports,3,Checkout,2025-10-12 05:16:44
SES00323,USR00323,Desktop,South,Organic,Home,1,Browse,2025-10-02 05:05:32
SES00324,USR00324,Tablet,East,Social Media,Electronics,2,Add to Cart,2025-10-22 08:51:22
SES00325,USR00325,Tablet,West,Social Media,Electronics,3,Checkout,2025-10-05 19:21:10
SES00326,USR00326,Desktop,North,Email,Home,1,Browse,2025-10-03 11:13:17
SES00327,USR00327,Tablet,East,Organic,Electronics,2,Add to Cart,2025-10-14 06:09:01
SES00328,USR00328,Tablet,West,Social Media,Fashion,1,Browse,2025-10-23 02:40:37
SES00329,USR00329,Mobile,South,Organic,Sports,3,Checkout,2025-10-16 20:03:39
SES00330,USR00330,Tablet,North,Email,Fashion,4,Purchase,2025-10-18 04:02:26
SES00331,USR00331,Tablet,North,Social Media,Beauty,2,Add to Cart,2025-10-27 16:19:13
SES00332,USR00332,Desktop,West,Social Media,Fashion,4,Purchase,2025-10-05 10:51:10
SES00333,USR00333,Mobile,South,Google Ads,Fashion,4,Purchase,2025-10-19 04:33:11
SES00334,USR00334,Desktop,South,Organic,Fashion,1,Browse,2025-10-22 00:27:35
SES00335,USR00335,Tablet,East,Social Media,Sports,3,Checkout,2025-10-14 17:14:56
SES00336,USR00336,Tablet,North,Social Media,Fashion,4,Purchase,2025-10-05 03:42:53
SES00337,USR00337,Tablet,West,Social Media,Sports,1,Browse,2025-10-30 02:14:48
SES00338,USR00338,Tablet,East,Organic,Home,2,Add to Cart,2025-10-25 23:56:15
SES00339,USR00339,Desktop,East,Organic,Sports,1,Browse,2025-10-06 16:55:42
SES00340,USR00340,Mobile,East,Organic,Fashion,1,Browse,2025-10-22 14:49:38
SES00341,USR00341,Mobile,West,Organic,Beauty,3,Checkout,2025-10-24 09:32:28
SES00342,USR00342,Tablet,East,Google Ads,Beauty,2,Add to Cart,2025-10-22 05:02:40
SES00343,USR00343,Desktop,East,Google Ads,Home,3,Checkout,2025-10-12 18:58:39
SES00344,USR00344,Desktop,North,Organic,Beauty,2,Add to Cart,2025-10-31 15:35:27
SES00345,USR00345,Mobile,North,Social Media,Electronics,2,Add to Cart,2025-10-28 12:46:33
SES00346,USR00346,Tablet,East,Google Ads,Home,4,Purchase,2025-10-05 01:39:12
SES00347,USR00347,Desktop,North,Email,Fashion,2,Add to Cart,2025-10-29 21:06:05
SES00348,USR00348,Tablet,East,Email,Sports,1,Browse,2025-10-18 02:30:40
SES00349,USR00349,Tablet,West,Social Media,Fashion,1,Browse,2025-10-09 05:30:47
SES00350,USR00350,Tablet,South,Email,Sports,2,Add to Cart,2025-10-25 14:02:18
SES00351,USR00351,Tablet,West,Organic,Beauty,2,Add to Cart,2025-10-19 16:33:20
SES00352,USR00352,Tablet,North,Email,Fashion,1,Browse,2025-10-27 21:04:29
SES00353,USR00353,Mobile,North,Social Media,Sports,1,Browse,2025-10-18 23:58:17
SES00354,USR00354,Tablet,South,Social Media,Beauty,4,Purchase,2025-10-05 09:59:13
SES00355,USR00355,Tablet,South,Social Media,Electronics,2,Add to Cart,2025-10-14 22:01:03
SES00356,USR00356,Desktop,North,Social Media,Sports,3,Checkout,2025-10-09 17:17:56
SES00357,USR00357,Desktop,South,Google Ads,Fashion,1,Browse,2025-10-10 04:12:56
SES00358,USR00358,Mobile,West,Google Ads,Fashion,1,Browse,2025-10-04 11:23:08
SES00359,USR00359,Tablet,North,Social Media,Home,2,Add to Cart,2025-10-13 02:19:40
SES00360,USR00360,Tablet,North,Organic,Sports,2,Add to Cart,2025-10-11 06:18:51
SES00361,USR00361,Desktop,South,Google Ads,Electronics,3,Checkout,2025-10-16 15:07:53
SES00362,USR00362,Tablet,South,Organic,Electronics,2,Add to Cart,2025-10-20 03:25:32
SES00363,USR00363,Desktop,South,Email,Fashion,1,Browse,2025-10-31 18:04:10
SES00364,USR00364,Mobile,East,Social Media,Beauty,1,Browse,2025-10-25 03:51:06
SES00365,USR00365,Mobile,North,Google Ads,Fashion,4,Purchase,2025-10-03 07:46:41
SES00366,USR00366,Tablet,East,Google Ads,Electronics,2,Add to Cart,2025-10-06 06:01:10
SES00367,USR00367,Tablet,West,Email,Sports,3,Checkout,2025-10-13 03:38:32
SES00368,USR00368,Desktop,West,Email,Sports,3,Checkout,2025-10-04 05:51:39
SES00369,USR00369,Tablet,East,Email,Beauty,1,Browse,2025-10-26 19:17:16
SES00370,USR00370,Mobile,North,Google Ads,Sports,1,Browse,2025-10-08 22:54:58
SES00371,USR00371,Desktop,East,Organic,Sports,2,Add to Cart,2025-10-17 20:52:08
SES00372,USR00372,Tablet,South,Google Ads,Electronics,2,Add to Cart,2025-10-09 11:32:13
SES00373,USR00373,Desktop,North,Email,Fashion,1,Browse,2025-10-03 14:12:19
SES00374,USR00374,Tablet,South,Organic,Sports,2,Add to Cart,2025-10-11 04:37:22
SES00375,USR00375,Desktop,East,Email,Sports,2,Add to Cart,2025-10-13 04:30:04
SES00376,USR00376,Tablet,South,Email,Beauty,1,Browse,2025-10-19 11:25:42
SES00377,USR00377,Desktop,South,Google Ads,Beauty,2,Add to Cart,2025-10-17 03:00:45
SES00378,USR00378,Mobile,West,Email,Beauty,1,Browse,2025-10-22 19:21:07
SES00379,USR00379,Desktop,East,Google Ads,Electronics,1,Browse,2025-10-28 22:24:15
SES00380,USR00380,Tablet,West,Social Media,Beauty,1,Browse,2025-10-14 19:00:04
SES00381,USR00381,Desktop,East,Organic,Home,2,Add to Cart,2025-10-17 21:28:50
SES00382,USR00382,Desktop,West,Email,Sports,3,Checkout,2025-10-04 03:12:20
SES00383,USR00383,Desktop,West,Email,Home,1,Browse,2025-10-23 05:34:46
SES00384,USR00384,Desktop,East,Google Ads,Fashion,4,Purchase,2025-10-25 14:43:57
SES00385,USR00385,Desktop,South,Google Ads,Sports,4,Purchase,2025-10-18 10:40:06
SES00386,USR00386,Desktop,West,Social Media,Home,2,Add to Cart,2025-10-29 12:56:02
SES00387,USR00387,Desktop,East,Organic,Sports,1,Browse,2025-10-03 18:04:17
SES00388,USR00388,Mobile,West,Social Media,Fashion,3,Checkout,2025-10-18 02:15:44
SES00389,USR00389,Tablet,North,Google Ads,Sports,2,Add to Cart,2025-10-13 08:17:37
SES00390,USR00390,Tablet,North,Organic,Sports,2,Add to Cart,2025-10-09 23:42:45
SES00391,USR00391,Tablet,South,Social Media,Electronics,1,Browse,2025-10-03 06:50:59
SES00392,USR00392,Mobile,North,Organic,Fashion,1,Browse,2025-10-25 23:37:26
SES00393,USR00393,Tablet,South,Google Ads,Fashion,1,Browse,2025-10-25 22:39:43
SES00394,USR00394,Mobile,North,Organic,Fashion,2,Add to Cart,2025-10-05 12:14:58
SES00395,USR00395,Tablet,South,Organic,Sports,3,Checkout,2025-10-26 04:38:18
SES00396,USR00396,Desktop,South,Email,Sports,1,Browse,2025-10-21 11:42:13
SES00397,USR00397,Mobile,West,Organic,Home,3,Checkout,2025-10-13 06:04:17
SES00398,USR00398,Mobile,East,Email,Beauty,2,Add to Cart,2025-10-11 16:38:42
SES00399,USR00399,Desktop,East,Email,Beauty,3,Checkout,2025-10-25 17:41:20
SES00400,USR00400,Mobile,North,Email,Home,3,Checkout,2025-10-17 08:06:04
SES00401,USR00401,Tablet,North,Social Media,Home,1,Browse,2025-10-04 22:54:02
SES00402,USR00402,Mobile,East,Organic,Home,4,Purchase,2025-10-23 09:35:32
SES00403,USR00403,Mobile,North,Social Media,Fashion,2,Add to Cart,2025-10-09 17:23:05
SES00404,USR00404,Desktop,North,Google Ads,Fashion,2,Add to Cart,2025-10-17 02:00:04
SES00405,USR00405,Desktop,North,Social Media,Beauty,2,Add to Cart,2025-10-17 05:27:55
SES00406,USR00406,Tablet,North,Email,Electronics,1,Browse,2025-10-12 18:41:28
SES00407,USR00407,Desktop,South,Organic,Electronics,2,Add to Cart,2025-10-07 08:29:36
SES00408,USR00408,Desktop,West,Email,Sports,1,Browse,2025-10-05 05:22:58
SES00409,USR00409,Tablet,East,Organic,Fashion,3,Checkout,2025-10-13 08:31:12
SES00410,USR00410,Desktop,West,Email,Home,2,Add to Cart,2025-10-31 10:29:57
SES00411,USR00411,Tablet,East,Organic,Fashion,1,Browse,2025-10-19 23:07:02
SES00412,USR00412,Desktop,North,Organic,Beauty,2,Add to Cart,2025-10-08 04:31:01
SES00413,USR00413,Tablet,East,Google Ads,Sports,4,Purchase,2025-10-18 00:56:26
SES00414,USR00414,Tablet,West,Organic,Home,1,Browse,2025-10-24 12:57:22
SES00415,USR00415,Desktop,North,Organic,Fashion,1,Browse,2025-10-07 05:46:54
SES00416,USR00416,Desktop,East,Email,Home,2,Add to Cart,2025-10-05 01:39:03
SES00417,USR00417,Desktop,East,Social Media,Home,1,Browse,2025-10-26 02:37:15
SES00418,USR00418,Desktop,East,Organic,Home,1,Browse,2025-10-02 09:42:43
SES00419,USR00419,Desktop,South,Google Ads,Electronics,2,Add to Cart,2025-10-01 21:39:41
SES00420,USR00420,Mobile,North,Email,Fashion,3,Checkout,2025-10-16 21:54:15
SES00421,USR00421,Mobile,East,Google Ads,Beauty,2,Add to Cart,2025-10-09 15:38:00
SES00422,USR00422,Tablet,East,Email,Fashion,2,Add to Cart,2025-10-28 13:35:50
SES00423,USR00423,Desktop,East,Google Ads,Fashion,1,Browse,2025-10-26 19:28:46
SES00424,USR00424,Desktop,North,Google Ads,Sports,3,Checkout,2025-10-06 15:29:37
SES00425,USR00425,Mobile,South,Social Media,Sports,2,Add to Cart,2025-10-25 02:50:36
SES00426,USR00426,Mobile,West,Organic,Beauty,2,Add to Cart,2025-10-12 14:55:01
SES00427,USR00427,Tablet,East,Organic,Home,3,Checkout,2025-10-12 16:14:48
SES00428,USR00428,Mobile,West,Organic,Beauty,1,Browse,2025-10-02 08:34:58
SES00429,USR00429,Tablet,West,Email,Beauty,1,Browse,2025-10-30 01:28:12
SES00430,USR00430,Mobile,North,Organic,Fashion,2,Add to Cart,2025-10-28 23:54:47
SES00431,USR00431,Desktop,East,Social Media,Electronics,2,Add to Cart,2025-10-13 05:00:10
SES00432,USR00432,Mobile,West,Organic,Electronics,3,Checkout,2025-10-11 22:55:02
SES00433,USR00433,Desktop,West,Organic,Fashion,4,Purchase,2025-10-26 02:07:39
SES00434,USR00434,Mobile,South,Email,Sports,1,Browse,2025-10-20 06:30:38
SES00435,USR00435,Desktop,South,Social Media,Electronics,2,Add to Cart,2025-10-08 09:54:34
SES00436,USR00436,Mobile,West,Email,Fashion,2,Add to Cart,2025-10-17 13:05:56
SES00437,USR00437,Desktop,West,Social Media,Home,4,Purchase,2025-10-15 14:08:55
SES00438,USR00438,Tablet,West,Google Ads,Sports,2,Add to Cart,2025-10-30 05:08:49
SES00439,USR00439,Mobile,North,Social Media,Fashion,4,Purchase,2025-10-19 12:56:40
SES00440,USR00440,Mobile,North,Email,Sports,3,Checkout,2025-10-11 10:59:41
SES00441,USR00441,Mobile,East,Social Media,Fashion,2,Add to Cart,2025-10-17 11:18:42
SES00442,USR00442,Desktop,East,Google Ads,Sports,2,Add to Cart,2025-10-21 02:56:08
SES00443,USR00443,Tablet,East,Google Ads,Electronics,1,Browse,2025-10-22 19:23:44
SES00444,USR00444,Mobile,South,Email,Fashion,2,Add to Cart,2025-10-25 04:29:40
SES00445,USR00445,Tablet,North,Google Ads,Beauty,3,Checkout,2025-10-07 14:20:21
SES00446,USR00446,Tablet,North,Social Media,Sports,1,Browse,2025-10-19 02:17:11
SES00447,USR00447,Desktop,South,Social Media,Home,1,Browse,2025-10-17 07:09:07
SES00448,USR00448,Tablet,North,Organic,Sports,3,Checkout,2025-10-11 16:58:57
SES00449,USR00449,Desktop,West,Social Media,Beauty,3,Checkout,2025-10-11 11:37:50
SES00450,USR00450,Tablet,South,Organic,Home,3,Checkout,2025-10-29 05:17:51
SES00451,USR00451,Desktop,South,Social Media,Fashion,1,Browse,2025-10-25 08:51:54
SES00452,USR00452,Mobile,East,Email,Home,1,Browse,2025-10-05 10:44:55
SES00453,USR00453,Desktop,North,Email,Sports,1,Browse,2025-10-24 10:57:40
SES00454,USR00454,Tablet,West,Email,Sports,3,Checkout,2025-10-26 10:35:04
SES00455,USR00455,Desktop,South,Social Media,Beauty,3,Checkout,2025-10-14 23:33:11
SES00456,USR00456,Desktop,North,Organic,Sports,4,Purchase,2025-10-30 20:19:41
SES00457,USR00457,Desktop,East,Email,Home,3,Checkout,2025-10-14 05:06:21
SES00458,USR00458,Tablet,South,Google Ads,Sports,2,Add to Cart,2025-10-23 04:12:56
SES00459,USR00459,Mobile,East,Google Ads,Electronics,2,Add to Cart,2025-10-28 01:36:14
SES00460,USR00460,Mobile,North,Email,Fashion,2,Add to Cart,2025-10-10 07:37:30
SES00461,USR00461,Tablet,North,Organic,Beauty,2,Add to Cart,2025-10-21 05:59:21
SES00462,USR00462,Tablet,West,Email,Beauty,3,Checkout,2025-10-25 14:47:53
SES00463,USR00463,Desktop,South,Email,Beauty,3,Checkout,2025-10-20 14:25:43
SES00464,USR00464,Mobile,South,Email,Beauty,1,Browse,2025-10-26 06:02:56
SES00465,USR00465,Tablet,North,Email,Fashion,1,Browse,2025-10-27 16:24:27
SES00466,USR00466,Desktop,North,Organic,Home,1,Browse,2025-10-02 19:38:42
SES00467,USR00467,Tablet,East,Google Ads,Home,1,Browse,2025-10-18 09:53:13
SES00468,USR00468,Tablet,South,Organic,Fashion,2,Add to Cart,2025-10-29 00:41:23
SES00469,USR00469,Desktop,West,Email,Home,3,Checkout,2025-10-14 23:38:42
SES00470,USR00470,Mobile,East,Google Ads,Home,1,Browse,2025-10-10 04:12:22
SES00471,USR00471,Tablet,East,Email,Sports,4,Purchase,2025-10-02 17:46:44
SES00472,USR00472,Tablet,East,Social Media,Beauty,2,Add to Cart,2025-10-21 16:55:53
SES00473,USR00473,Mobile,North,Google Ads,Home,1,Browse,2025-10-23 06:52:26
SES00474,USR00474,Desktop,West,Google Ads,Sports,1,Browse,2025-10-08 14:38:22
SES00475,USR00475,Tablet,East,Google Ads,Electronics,1,Browse,2025-10-14 21:47:55
SES00476,USR00476,Tablet,East,Google Ads,Home,3,Checkout,2025-10-28 08:23:30
SES00477,USR00477,Mobile,North,Social Media,Sports,2,Add to Cart,2025-10-30 04:01:39
SES00478,USR00478,Tablet,East,Email,Beauty,3,Checkout,2025-10-18 11:31:56
SES00479,USR00479,Tablet,West,Email,Electronics,3,Checkout,2025-10-24 01:01:07
SES00480,USR00480,Desktop,East,Organic,Sports,2,Add to Cart,2025-10-25 09:54:04
SES00481,USR00481,Mobile,North,Email,Electronics,1,Browse,2025-10-13 23:38:25
SES00482,USR00482,Tablet,North,Google Ads,Electronics,1,Browse,2025-10-29 18:39:33
SES00483,USR00483,Desktop,East,Social Media,Beauty,2,Add to Cart,2025-10-20 09:30:49
SES00484,USR00484,Tablet,North,Email,Beauty,3,Checkout,2025-10-05 08:16:04
SES00485,USR00485,Mobile,West,Google Ads,Sports,2,Add to Cart,2025-10-25 02:13:00
SES00486,USR00486,Tablet,East,Organic,Electronics,2,Add to Cart,2025-10-05 19:20:46
SES00487,USR00487,Mobile,North,Organic,Home,1,Browse,2025-10-14 01:25:36
SES00488,USR00488,Tablet,North,Organic,Sports,2,Add to Cart,2025-10-18 10:27:38
SES00489,USR00489,Desktop,North,Organic,Electronics,3,Checkout,2025-10-12 06:41:36
SES00490,USR00490,Desktop,North,Social Media,Beauty,3,Checkout,2025-10-22 08:25:03
SES00491,USR00491,Desktop,East,Organic,Home,2,Add to Cart,2025-10-15 23:48:43
SES00492,USR00492,Desktop,South,Google Ads,Beauty,1,Browse,2025-10-20 21:28:41
SES00493,USR00493,Desktop,West,Organic,Beauty,3,Checkout,2025-10-23 17:06:14
SES00494,USR00494,Tablet,North,Google Ads,Fashion,3,Checkout,2025-10-11 19:52:16
SES00495,USR00495,Desktop,North,Email,Electronics,4,Purchase,2025-10-21 20:14:08
SES00496,USR00496,Mobile,West,Social Media,Fashion,2,Add to Cart,2025-10-27 11:20:45
SES00497,USR00497,Desktop,North,Google Ads,Fashion,2,Add to Cart,2025-10-13 08:10:41
SES00498,USR00498,Desktop,North,Social Media,Electronics,4,Purchase,2025-10-30 12:59:51
SES00499,USR00499,Tablet,East,Email,Beauty,3,Checkout,2025-10-16 20:31:08
SES00500,USR00500,Mobile,West,Organic,Sports,3,Checkout,2025-10-08 11:28:01
SES00501,USR00501,Desktop,North,Email,Sports,2,Add to Cart,2025-10-14 07:19:10
SES00502,USR00502,Mobile,West,Google Ads,Home,1,Browse,2025-10-04 00:57:51
SES00503,USR00503,Tablet,West,Organic,Electronics,2,Add to Cart,2025-10-21 04:48:03
SES00504,USR00504,Tablet,East,Email,Home,1,Browse,2025-10-22 13:16:57
SES00505,USR00505,Desktop,South,Email,Fashion,3,Checkout,2025-10-12 19:35:32
SES00506,USR00506,Tablet,East,Email,Sports,3,Checkout,2025-10-07 09:09:19
SES00507,USR00507,Mobile,East,Google Ads,Sports,3,Checkout,2025-10-21 17:47:47
SES00508,USR00508,Tablet,West,Organic,Home,2,Add to Cart,2025-10-22 09:38:22
SES00509,USR00509,Mobile,East,Social Media,Sports,4,Purchase,2025-10-15 13:50:04
SES00510,USR00510,Desktop,South,Social Media,Beauty,3,Checkout,2025-10-05 10:45:32
SES00511,USR00511,Desktop,South,Organic,Electronics,4,Purchase,2025-10-12 04:50:07
SES00512,USR00512,Mobile,East,Organic,Electronics,1,Browse,2025-10-18 09:28:03
SES00513,USR00513,Mobile,East,Google Ads,Fashion,1,Browse,2025-10-11 12:01:31
SES00514,USR00514,Tablet,South,Social Media,Sports,1,Browse,2025-10-29 14:20:43
SES00515,USR00515,Desktop,West,Social Media,Beauty,2,Add to Cart,2025-10-31 06:35:30
SES00516,USR00516,Mobile,South,Social Media,Home,2,Add to Cart,2025-10-17 12:45:23
SES00517,USR00517,Desktop,West,Social Media,Beauty,2,Add to Cart,2025-10-05 21:59:26
SES00518,USR00518,Mobile,East,Google Ads,Fashion,4,Purchase,2025-10-28 14:00:08
SES00519,USR00519,Mobile,South,Social Media,Sports,1,Browse,2025-10-19 05:46:20
SES00520,USR00520,Desktop,South,Email,Fashion,2,Add to Cart,2025-10-24 08:58:32
SES00521,USR00521,Desktop,East,Social Media,Beauty,2,Add to Cart,2025-10-29 18:27:11
SES00522,USR00522,Mobile,North,Google Ads,Sports,4,Purchase,2025-10-16 18:00:25
SES00523,USR00523,Tablet,West,Email,Fashion,2,Add to Cart,2025-10-30 12:11:10
SES00524,USR00524,Mobile,West,Email,Electronics,2,Add to Cart,2025-10-05 01:55:23
SES00525,USR00525,Tablet,West,Email,Electronics,1,Browse,2025-10-21 18:39:48
SES00526,USR00526,Mobile,North,Organic,Sports,3,Checkout,2025-10-30 22:31:41
SES00527,USR00527,Tablet,North,Social Media,Fashion,1,Browse,2025-10-14 22:03:40
SES00528,USR00528,Desktop,South,Organic,Home,1,Browse,2025-10-25 03:14:03
SES00529,USR00529,Tablet,West,Social Media,Electronics,2,Add to Cart,2025-10-13 15:41:20
SES00530,USR00530,Mobile,East,Organic,Home,2,Add to Cart,2025-10-06 19:04:29
SES00531,USR00531,Tablet,North,Social Media,Electronics,1,Browse,2025-10-25 18:33:05
SES00532,USR00532,Desktop,South,Organic,Fashion,4,Purchase,2025-10-17 02:14:59
SES00533,USR00533,Mobile,North,Social Media,Beauty,2,Add to Cart,2025-10-06 13:01:49
SES00534,USR00534,Mobile,North,Email,Home,4,Purchase,2025-10-04 03:37:02
SES00535,USR00535,Mobile,East,Social Media,Fashion,2,Add to Cart,2025-10-28 04:05:46
SES00536,USR00536,Tablet,South,Email,Sports,1,Browse,2025-10-10 21:27:32
SES00537,USR00537,Tablet,South,Google Ads,Fashion,4,Purchase,2025-10-05 18:17:52
SES00538,USR00538,Mobile,West,Email,Fashion,1,Browse,2025-10-28 09:22:58
SES00539,USR00539,Desktop,West,Email,Beauty,1,Browse,2025-10-11 13:08:35
SES00540,USR00540,Desktop,North,Email,Sports,4,Purchase,2025-10-22 08:44:53
SES00541,USR00541,Desktop,West,Social Media,Beauty,1,Browse,2025-10-22 01:53:40
SES00542,USR00542,Tablet,South,Email,Fashion,3,Checkout,2025-10-20 19:51:01
SES00543,USR00543,Desktop,East,Social Media,Beauty,2,Add to Cart,2025-10-17 03:14:15
SES00544,USR00544,Desktop,South,Email,Beauty,1,Browse,2025-10-16 23:29:04
SES00545,USR00545,Mobile,East,Email,Electronics,4,Purchase,2025-10-16 16:23:08
SES00546,USR00546,Mobile,East,Google Ads,Fashion,1,Browse,2025-10-23 09:40:42
SES00547,USR00547,Desktop,West,Social Media,Home,1,Browse,2025-10-11 12:58:17
SES00548,USR00548,Mobile,West,Google Ads,Electronics,4,Purchase,2025-10-03 06:49:15
SES00549,USR00549,Mobile,West,Social Media,Sports,2,Add to Cart,2025-10-30 21:44:45
SES00550,USR00550,Desktop,West,Google Ads,Fashion,2,Add to Cart,2025-10-08 05:52:38
SES00551,USR00551,Tablet,West,Social Media,Beauty,1,Browse,2025-10-15 07:02:50
SES00552,USR00552,Tablet,West,Organic,Home,3,Checkout,2025-10-16 06:42:58
SES00553,USR00553,Tablet,North,Social Media,Fashion,3,Checkout,2025-10-11 21:43:48
SES00554,USR00554,Mobile,North,Social Media,Beauty,3,Checkout,2025-10-30 12:44:27
SES00555,USR00555,Desktop,West,Email,Electronics,3,Checkout,2025-10-09 23:47:43
SES00556,USR00556,Desktop,South,Organic,Fashion,2,Add to Cart,2025-10-25 15:55:16
SES00557,USR00557,Desktop,South,Google Ads,Electronics,3,Checkout,2025-10-21 04:44:59
SES00558,USR00558,Mobile,North,Google Ads,Fashion,1,Browse,2025-10-24 09:16:25
SES00559,USR00559,Tablet,East,Google Ads,Beauty,2,Add to Cart,2025-10-18 04:46:41
SES00560,USR00560,Desktop,West,Google Ads,Sports,2,Add to Cart,2025-10-13 00:13:45
SES00561,USR00561,Mobile,North,Social Media,Sports,1,Browse,2025-10-22 08:27:08
SES00562,USR00562,Mobile,East,Social Media,Home,2,Add to Cart,2025-10-29 13:18:34
SES00563,USR00563,Mobile,East,Email,Fashion,2,Add to Cart,2025-10-19 14:44:07
SES00564,USR00564,Mobile,North,Organic,Fashion,1,Browse,2025-10-29 11:03:58
SES00565,USR00565,Desktop,East,Organic,Home,4,Purchase,2025-10-22 20:57:40
SES00566,USR00566,Desktop,North,Organic,Fashion,2,Add to Cart,2025-10-23 21:38:01
SES00567,USR00567,Tablet,South,Email,Beauty,3,Checkout,2025-10-18 18:05:12
SES00568,USR00568,Tablet,North,Email,Home,2,Add to Cart,2025-10-28 14:25:50
SES00569,USR00569,Tablet,East,Email,Electronics,2,Add to Cart,2025-10-11 22:49:13
SES00570,USR00570,Mobile,South,Social Media,Fashion,2,Add to Cart,2025-10-04 13:53:34
SES00571,USR00571,Mobile,South,Social Media,Electronics,4,Purchase,2025-10-05 15:52:32
SES00572,USR00572,Tablet,West,Organic,Sports,1,Browse,2025-10-06 18:23:03
SES00573,USR00573,Tablet,East,Email,Fashion,1,Browse,2025-10-14 06:15:14
SES00574,USR00574,Mobile,East,Email,Fashion,3,Checkout,2025-10-23 01:52:37
SES00575,USR00575,Desktop,North,Organic,Sports,4,Purchase,2025-10-14 08:37:34
SES00576,USR00576,Desktop,West,Organic,Home,3,Checkout,2025-10-28 09:57:57
SES00577,USR00577,Desktop,South,Google Ads,Electronics,1,Browse,2025-10-14 07:42:56
SES00578,USR00578,Mobile,West,Organic,Sports,4,Purchase,2025-10-26 13:20:18
SES00579,USR00579,Desktop,South,Social Media,Electronics,3,Checkout,2025-10-22 09:34:55
SES00580,USR00580,Mobile,East,Organic,Home,3,Checkout,2025-10-05 11:24:08
SES00581,USR00581,Tablet,East,Organic,Sports,3,Checkout,2025-10-30 15:34:39
SES00582,USR00582,Desktop,West,Google Ads,Home,2,Add to Cart,2025-10-20 19:43:01
SES00583,USR00583,Tablet,South,Social Media,Electronics,4,Purchase,2025-10-14 03:11:32
SES00584,USR00584,Desktop,East,Google Ads,Home,2,Add to Cart,2025-10-23 14:36:51
SES00585,USR00585,Mobile,South,Google Ads,Home,2,Add to Cart,2025-10-20 21:09:48
SES00586,USR00586,Desktop,East,Google Ads,Beauty,2,Add to Cart,2025-10-29 02:29:46
SES00587,USR00587,Tablet,North,Organic,Electronics,3,Checkout,2025-10-07 09:37:50
SES00588,USR00588,Tablet,West,Social Media,Electronics,2,Add to Cart,2025-10-22 13:01:10
SES00589,USR00589,Tablet,West,Social Media,Sports,3,Checkout,2025-10-10 02:22:02
SES00590,USR00590,Mobile,West,Email,Sports,2,Add to Cart,2025-10-17 01:34:14
SES00591,USR00591,Tablet,North,Social Media,Beauty,2,Add to Cart,2025-10-20 18:57:15
SES00592,USR00592,Desktop,East,Organic,Sports,1,Browse,2025-10-08 09:36:43
SES00593,USR00593,Tablet,South,Organic,Beauty,1,Browse,2025-10-29 04:58:43
SES00594,USR00594,Tablet,North,Organic,Sports,3,Checkout,2025-10-17 19:46:33
SES00595,USR00595,Mobile,West,Google Ads,Electronics,2,Add to Cart,2025-10-10 21:35:20
SES00596,USR00596,Desktop,West,Google Ads,Sports,1,Browse,2025-10-02 07:33:46
SES00597,USR00597,Desktop,South,Google Ads,Sports,1,Browse,2025-10-31 09:12:45
SES00598,USR00598,Desktop,North,Email,Beauty,2,Add to Cart,2025-10-15 22:45:28
SES00599,USR00599,Desktop,West,Organic,Electronics,4,Purchase,2025-10-14 23:46:02
SES00600,USR00600,Tablet,North,Social Media,Electronics,1,Browse,2025-10-15 01:00:17
SES00601,USR00601,Mobile,West,Social Media,Electronics,3,Checkout,2025-10-16 17:05:54
SES00602,USR00602,Desktop,East,Email,Fashion,3,Checkout,2025-10-02 22:00:43
SES00603,USR00603,Mobile,North,Google Ads,Home,4,Purchase,2025-10-29 22:55:18
SES00604,USR00604,Desktop,West,Organic,Home,1,Browse,2025-10-06 22:24:45
SES00605,USR00605,Mobile,South,Organic,Electronics,3,Checkout,2025-10-30 05:38:34
SES00606,USR00606,Desktop,East,Social Media,Home,3,Checkout,2025-10-02 02:49:58
SES00607,USR00607,Tablet,South,Email,Home,1,Browse,2025-10-10 04:38:17
SES00608,USR00608,Tablet,East,Google Ads,Sports,3,Checkout,2025-10-02 14:14:46
SES00609,USR00609,Mobile,West,Organic,Electronics,1,Browse,2025-10-21 05:08:24
SES00610,USR00610,Desktop,South,Email,Fashion,3,Checkout,2025-10-17 03:05:21
SES00611,USR00611,Mobile,North,Organic,Electronics,1,Browse,2025-10-12 09:10:58
SES00612,USR00612,Desktop,West,Google Ads,Beauty,2,Add to Cart,2025-10-26 00:44:51
SES00613,USR00613,Desktop,West,Email,Beauty,4,Purchase,2025-10-26 01:26:44
SES00614,USR00614,Mobile,West,Google Ads,Sports,1,Browse,2025-10-02 11:27:47
SES00615,USR00615,Tablet,North,Google Ads,Home,3,Checkout,2025-10-13 14:37:13
SES00616,USR00616,Mobile,North,Email,Electronics,1,Browse,2025-10-16 01:13:21
SES00617,USR00617,Desktop,East,Organic,Sports,2,Add to Cart,2025-10-05 03:19:14
SES00618,USR00618,Mobile,West,Social Media,Home,4,Purchase,2025-10-03 12:41:57
SES00619,USR00619,Desktop,West,Google Ads,Electronics,2,Add to Cart,2025-10-19 10:38:20
SES00620,USR00620,Mobile,West,Google Ads,Fashion,3,Checkout,2025-10-15 05:15:37
SES00621,USR00621,Mobile,West,Google Ads,Beauty,3,Checkout,2025-10-30 11:35:23
SES00622,USR00622,Desktop,West,Google Ads,Beauty,1,Browse,2025-10-28 03:25:51
SES00623,USR00623,Desktop,West,Social Media,Electronics,2,Add to Cart,2025-10-03 11:00:41
SES00624,USR00624,Desktop,West,Google Ads,Electronics,3,Checkout,2025-10-05 21:00:28
SES00625,USR00625,Tablet,North,Email,Sports,2,Add to Cart,2025-10-05 21:14:29
SES00626,USR00626,Tablet,East,Email,Sports,2,Add to Cart,2025-10-01 20:13:57
SES00627,USR00627,Mobile,South,Email,Beauty,1,Browse,2025-10-04 15:05:48
SES00628,USR00628,Tablet,West,Email,Home,1,Browse,2025-10-20 06:20:27
SES00629,USR00629,Desktop,South,Organic,Sports,1,Browse,2025-10-29 09:32:00
SES00630,USR00630,Mobile,East,Google Ads,Fashion,2,Add to Cart,2025-10-12 23:04:54
SES00631,USR00631,Desktop,North,Email,Fashion,3,Checkout,2025-10-11 22:45:11
SES00632,USR00632,Mobile,West,Google Ads,Home,2,Add to Cart,2025-10-30 12:05:52
SES00633,USR00633,Mobile,East,Organic,Beauty,1,Browse,2025-10-02 09:29:23
SES00634,USR00634,Tablet,West,Social Media,Home,2,Add to Cart,2025-10-22 05:03:49
SES00635,USR00635,Desktop,East,Google Ads,Beauty,3,Checkout,2025-10-10 14:47:14
SES00636,USR00636,Mobile,East,Organic,Beauty,2,Add to Cart,2025-10-13 04:42:27
SES00637,USR00637,Tablet,East,Organic,Sports,2,Add to Cart,2025-10-22 21:15:51
SES00638,USR00638,Tablet,East,Google Ads,Beauty,2,Add to Cart,2025-10-21 07:24:24
SES00639,USR00639,Tablet,East,Google Ads,Sports,3,Checkout,2025-10-11 06:24:13
SES00640,USR00640,Desktop,West,Social Media,Electronics,1,Browse,2025-10-21 03:56:05
SES00641,USR00641,Mobile,South,Email,Sports,3,Checkout,2025-10-25 02:22:05
SES00642,USR00642,Desktop,West,Google Ads,Electronics,2,Add to Cart,2025-10-21 07:14:15
SES00643,USR00643,Tablet,West,Google Ads,Electronics,3,Checkout,2025-10-17 23:47:44
SES00644,USR00644,Desktop,South,Google Ads,Sports,2,Add to Cart,2025-10-30 15:04:51
SES00645,USR00645,Mobile,North,Google Ads,Home,1,Browse,2025-10-11 18:29:24
SES00646,USR00646,Desktop,East,Google Ads,Beauty,2,Add to Cart,2025-10-10 06:16:38
SES00647,USR00647,Desktop,North,Email,Beauty,2,Add to Cart,2025-10-24 12:46:48
SES00648,USR00648,Desktop,West,Social Media,Beauty,1,Browse,2025-10-25 01:57:22
SES00649,USR00649,Tablet,East,Google Ads,Sports,3,Checkout,2025-10-18 16:17:11
SES00650,USR00650,Tablet,South,Google Ads,Sports,4,Purchase,2025-10-11 06:25:37
SES00651,USR00651,Mobile,West,Organic,Electronics,3,Checkout,2025-10-16 08:11:17
SES00652,USR00652,Tablet,North,Social Media,Electronics,1,Browse,2025-10-23 18:56:23
SES00653,USR00653,Desktop,East,Google Ads,Sports,3,Checkout,2025-10-24 22:30:01
SES00654,USR00654,Tablet,West,Organic,Fashion,1,Browse,2025-10-06 13:01:41
SES00655,USR00655,Tablet,East,Google Ads,Sports,2,Add to Cart,2025-10-30 00:28:58
SES00656,USR00656,Desktop,South,Email,Electronics,2,Add to Cart,2025-10-17 19:51:46
SES00657,USR00657,Tablet,West,Email,Fashion,3,Checkout,2025-10-24 06:48:13
SES00658,USR00658,Tablet,North,Email,Electronics,2,Add to Cart,2025-10-21 00:40:28
SES00659,USR00659,Mobile,South,Organic,Fashion,2,Add to Cart,2025-10-28 15:37:28
SES00660,USR00660,Tablet,North,Social Media,Fashion,1,Browse,2025-10-19 23:37:28
SES00661,USR00661,Tablet,West,Social Media,Sports,2,Add to Cart,2025-10-11 20:22:20
SES00662,USR00662,Tablet,South,Organic,Electronics,2,Add to Cart,2025-10-26 16:08:24
SES00663,USR00663,Mobile,East,Google Ads,Electronics,1,Browse,2025-10-26 22:49:08
SES00664,USR00664,Desktop,North,Email,Sports,2,Add to Cart,2025-10-24 07:27:05
SES00665,USR00665,Tablet,West,Organic,Home,3,Checkout,2025-10-22 14:12:42
SES00666,USR00666,Tablet,North,Google Ads,Fashion,3,Checkout,2025-10-24 04:11:06
SES00667,USR00667,Tablet,West,Google Ads,Sports,1,Browse,2025-10-14 22:38:21
SES00668,USR00668,Mobile,East,Organic,Home,2,Add to Cart,2025-10-27 19:38:49
SES00669,USR00669,Mobile,South,Organic,Fashion,2,Add to Cart,2025-10-02 23:26:21
SES00670,USR00670,Desktop,South,Google Ads,Home,2,Add to Cart,2025-10-21 17:01:45
SES00671,USR00671,Desktop,West,Organic,Fashion,3,Checkout,2025-10-27 15:49:10
SES00672,USR00672,Desktop,North,Email,Electronics,3,Checkout,2025-10-08 07:22:07
SES00673,USR00673,Mobile,East,Organic,Electronics,3,Checkout,2025-10-27 15:14:46
SES00674,USR00674,Mobile,North,Social Media,Sports,2,Add to Cart,2025-10-20 11:52:07
SES00675,USR00675,Desktop,South,Email,Electronics,2,Add to Cart,2025-10-31 16:31:14
SES00676,USR00676,Desktop,South,Email,Fashion,1,Browse,2025-10-28 21:39:05
SES00677,USR00677,Tablet,West,Google Ads,Electronics,4,Purchase,2025-10-10 13:10:52
SES00678,USR00678,Desktop,North,Social Media,Electronics,2,Add to Cart,2025-10-19 22:05:12
SES00679,USR00679,Tablet,South,Google Ads,Home,1,Browse,2025-10-29 05:01:14
SES00680,USR00680,Tablet,East,Google Ads,Home,3,Checkout,2025-10-31 12:10:44
SES00681,USR00681,Desktop,East,Google Ads,Home,3,Checkout,2025-10-08 13:09:14
SES00682,USR00682,Tablet,North,Google Ads,Home,2,Add to Cart,2025-10-10 05:35:49
SES00683,USR00683,Tablet,North,Google Ads,Home,3,Checkout,2025-10-19 03:56:53
SES00684,USR00684,Mobile,North,Social Media,Sports,2,Add to Cart,2025-10-09 09:01:58
SES00685,USR00685,Mobile,West,Social Media,Beauty,2,Add to Cart,2025-10-27 11:02:52
SES00686,USR00686,Mobile,South,Google Ads,Electronics,2,Add to Cart,2025-10-13 23:45:17
SES00687,USR00687,Desktop,East,Organic,Home,1,Browse,2025-10-11 09:55:31
SES00688,USR00688,Desktop,North,Email,Home,3,Checkout,2025-10-24 03:59:16
SES00689,USR00689,Desktop,East,Organic,Electronics,2,Add to Cart,2025-10-05 15:02:19
SES00690,USR00690,Mobile,North,Email,Beauty,3,Checkout,2025-10-19 22:48:32
SES00691,USR00691,Tablet,West,Social Media,Beauty,2,Add to Cart,2025-10-05 10:54:53
SES00692,USR00692,Mobile,South,Email,Electronics,1,Browse,2025-10-19 05:37:31
SES00693,USR00693,Tablet,South,Social Media,Sports,3,Checkout,2025-10-13 01:50:50
SES00694,USR00694,Tablet,West,Organic,Electronics,1,Browse,2025-10-30 02:25:16
SES00695,USR00695,Desktop,East,Email,Sports,2,Add to Cart,2025-10-24 08:32:29
SES00696,USR00696,Mobile,North,Google Ads,Electronics,1,Browse,2025-10-11 00:41:29
SES00697,USR00697,Desktop,South,Social Media,Home,3,Checkout,2025-10-13 10:39:48
SES00698,USR00698,Desktop,East,Social Media,Electronics,1,Browse,2025-10-19 23:21:44
SES00699,USR00699,Tablet,West,Email,Electronics,2,Add to Cart,2025-10-08 02:48:12
SES00700,USR00700,Mobile,North,Google Ads,Sports,1,Browse,2025-10-07 11:11:13
SES00701,USR00701,Desktop,North,Email,Fashion,1,Browse,2025-10-14 22:23:03
SES00702,USR00702,Tablet,West,Google Ads,Fashion,3,Checkout,2025-10-26 01:52:06
SES00703,USR00703,Tablet,East,Social Media,Sports,2,Add to Cart,2025-10-21 16:15:10
SES00704,USR00704,Desktop,West,Email,Electronics,3,Checkout,2025-10-16 04:10:21
SES00705,USR00705,Desktop,North,Google Ads,Home,2,Add to Cart,2025-10-14 08:52:22
SES00706,USR00706,Tablet,West,Social Media,Beauty,2,Add to Cart,2025-10-05 08:40:28
SES00707,USR00707,Desktop,West,Social Media,Beauty,4,Purchase,2025-10-24 03:42:08
SES00708,USR00708,Desktop,South,Email,Fashion,3,Checkout,2025-10-29 01:37:18
SES00709,USR00709,Tablet,South,Google Ads,Beauty,2,Add to Cart,2025-10-07 08:17:15
SES00710,USR00710,Desktop,North,Google Ads,Sports,1,Browse,2025-10-10 19:47:05
SES00711,USR00711,Mobile,East,Email,Home,4,Purchase,2025-10-21 21:34:53
SES00712,USR00712,Desktop,North,Organic,Beauty,2,Add to Cart,2025-10-07 09:56:47
SES00713,USR00713,Mobile,North,Email,Home,4,Purchase,2025-10-25 01:47:24
SES00714,USR00714,Desktop,South,Social Media,Fashion,1,Browse,2025-10-10 06:28:19
SES00715,USR00715,Desktop,South,Email,Fashion,2,Add to Cart,2025-10-15 10:34:44
SES00716,USR00716,Desktop,North,Google Ads,Beauty,2,Add to Cart,2025-10-11 22:31:19
SES00717,USR00717,Mobile,East,Organic,Beauty,2,Add to Cart,2025-10-26 17:52:51
SES00718,USR00718,Tablet,East,Social Media,Sports,1,Browse,2025-10-19 08:02:38
SES00719,USR00719,Desktop,East,Social Media,Electronics,4,Purchase,2025-10-29 22:15:34
SES00720,USR00720,Desktop,South,Email,Electronics,2,Add to Cart,2025-10-17 07:18:23
SES00721,USR00721,Mobile,North,Organic,Fashion,1,Browse,2025-10-26 02:20:43
SES00722,USR00722,Desktop,North,Social Media,Beauty,1,Browse,2025-10-13 00:12:32
SES00723,USR00723,Mobile,North,Organic,Beauty,1,Browse,2025-10-19 13:56:59
SES00724,USR00724,Tablet,West,Organic,Beauty,2,Add to Cart,2025-10-16 15:59:17
SES00725,USR00725,Desktop,East,Email,Fashion,2,Add to Cart,2025-10-19 16:29:13
SES00726,USR00726,Tablet,East,Social Media,Home,3,Checkout,2025-10-12 21:21:03
SES00727,USR00727,Tablet,South,Google Ads,Electronics,1,Browse,2025-10-18 12:40:04
SES00728,USR00728,Mobile,North,Social Media,Sports,3,Checkout,2025-10-24 04:08:13
SES00729,USR00729,Tablet,West,Social Media,Electronics,2,Add to Cart,2025-10-13 14:31:57
SES00730,USR00730,Mobile,West,Social Media,Sports,3,Checkout,2025-10-20 23:32:00
SES00731,USR00731,Mobile,South,Email,Electronics,3,Checkout,2025-10-13 17:41:15
SES00732,USR00732,Tablet,North,Email,Beauty,4,Purchase,2025-10-24 12:24:08
SES00733,USR00733,Mobile,North,Email,Home,2,Add to Cart,2025-10-05 17:54:25
SES00734,USR00734,Tablet,East,Organic,Electronics,2,Add to Cart,2025-10-14 21:26:38
SES00735,USR00735,Tablet,South,Email,Fashion,2,Add to Cart,2025-10-17 08:58:51
SES00736,USR00736,Tablet,North,Email,Beauty,2,Add to Cart,2025-10-15 17:59:55
SES00737,USR00737,Tablet,East,Email,Home,2,Add to Cart,2025-10-17 14:44:42
SES00738,USR00738,Tablet,West,Google Ads,Electronics,4,Purchase,2025-10-23 21:54:12
SES00739,USR00739,Desktop,West,Organic,Sports,3,Checkout,2025-10-28 07:21:09
SES00740,USR00740,Mobile,South,Organic,Beauty,2,Add to Cart,2025-10-05 19:22:40
SES00741,USR00741,Mobile,South,Social Media,Beauty,2,Add to Cart,2025-10-11 02:28:44
SES00742,USR00742,Desktop,North,Organic,Fashion,2,Add to Cart,2025-10-20 03:28:36
SES00743,USR00743,Mobile,North,Google Ads,Electronics,1,Browse,2025-10-25 02:19:07
SES00744,USR00744,Tablet,East,Email,Beauty,1,Browse,2025-10-27 07:46:06
SES00745,USR00745,Mobile,North,Google Ads,Beauty,2,Add to Cart,2025-10-25 05:27:39
SES00746,USR00746,Mobile,West,Email,Fashion,3,Checkout,2025-10-15 23:26:47
SES00747,USR00747,Mobile,East,Organic,Beauty,2,Add to Cart,2025-10-10 17:22:20
SES00748,USR00748,Mobile,North,Google Ads,Electronics,3,Checkout,2025-10-21 05:19:00
SES00749,USR00749,Desktop,North,Google Ads,Sports,3,Checkout,2025-10-07 09:44:43
SES00750,USR00750,Desktop,North,Social Media,Home,2,Add to Cart,2025-10-09 06:37:56
SES00751,USR00751,Mobile,North,Social Media,Beauty,2,Add to Cart,2025-10-08 01:34:34
SES00752,USR00752,Tablet,West,Organic,Electronics,2,Add to Cart,2025-10-14 04:15:23
SES00753,USR00753,Tablet,South,Google Ads,Electronics,3,Checkout,2025-10-25 10:41:38
SES00754,USR00754,Mobile,East,Social Media,Home,4,Purchase,2025-10-14 00:26:26
SES00755,USR00755,Mobile,North,Email,Sports,1,Browse,2025-10-19 14:21:25
SES00756,USR00756,Mobile,East,Social Media,Electronics,1,Browse,2025-10-18 23:41:35
SES00757,USR00757,Desktop,East,Social Media,Electronics,2,Add to Cart,2025-10-17 19:42:19
SES00758,USR00758,Mobile,South,Google Ads,Home,3,Checkout,2025-10-08 17:47:43
SES00759,USR00759,Tablet,North,Social Media,Fashion,3,Checkout,2025-10-07 17:28:51
SES00760,USR00760,Desktop,East,Organic,Fashion,3,Checkout,2025-10-09 17:52:43
SES00761,USR00761,Tablet,West,Email,Home,1,Browse,2025-10-03 07:14:06
SES00762,USR00762,Mobile,East,Email,Home,1,Browse,2025-10-22 06:45:00
SES00763,USR00763,Desktop,North,Email,Fashion,2,Add to Cart,2025-10-06 17:30:27
SES00764,USR00764,Desktop,South,Social Media,Home,3,Checkout,2025-10-28 22:39:20
SES00765,USR00765,Mobile,East,Social Media,Home,1,Browse,2025-10-20 07:15:38
SES00766,USR00766,Tablet,East,Organic,Home,4,Purchase,2025-10-05 13:39:46
SES00767,USR00767,Mobile,South,Social Media,Fashion,1,Browse,2025-10-04 09:45:54
SES00768,USR00768,Desktop,West,Email,Beauty,3,Checkout,2025-10-28 04:17:02
SES00769,USR00769,Desktop,West,Google Ads,Fashion,2,Add to Cart,2025-10-30 04:59:14
SES00770,USR00770,Tablet,East,Email,Beauty,1,Browse,2025-10-11 22:49:55
SES00771,USR00771,Desktop,North,Social Media,Electronics,3,Checkout,2025-10-13 20:14:10
SES00772,USR00772,Desktop,East,Social Media,Beauty,1,Browse,2025-10-28 17:11:15
SES00773,USR00773,Mobile,East,Email,Electronics,2,Add to Cart,2025-10-21 13:04:57
SES00774,USR00774,Mobile,North,Social Media,Fashion,2,Add to Cart,2025-10-13 23:52:32
SES00775,USR00775,Tablet,South,Email,Fashion,1,Browse,2025-10-16 06:19:46
SES00776,USR00776,Mobile,East,Organic,Home,3,Checkout,2025-10-14 20:00:56
SES00777,USR00777,Tablet,East,Google Ads,Home,1,Browse,2025-10-16 02:19:28
SES00778,USR00778,Desktop,West,Social Media,Beauty,4,Purchase,2025-10-26 18:53:19
SES00779,USR00779,Tablet,East,Social Media,Sports,3,Checkout,2025-10-14 20:24:18
SES00780,USR00780,Tablet,West,Social Media,Beauty,3,Checkout,2025-10-16 12:39:19
SES00781,USR00781,Desktop,North,Email,Electronics,2,Add to Cart,2025-10-07 12:44:31
SES00782,USR00782,Tablet,West,Email,Home,2,Add to Cart,2025-10-26 15:39:59
SES00783,USR00783,Tablet,West,Organic,Home,2,Add to Cart,2025-10-26 05:45:26
SES00784,USR00784,Mobile,West,Social Media,Fashion,1,Browse,2025-10-18 10:42:00
SES00785,USR00785,Desktop,North,Organic,Electronics,4,Purchase,2025-10-03 00:00:01
SES00786,USR00786,Tablet,West,Email,Home,1,Browse,2025-10-24 11:50:53
SES00787,USR00787,Tablet,West,Social Media,Beauty,1,Browse,2025-10-04 14:29:24
SES00788,USR00788,Tablet,North,Organic,Sports,1,Browse,2025-10-14 15:39:45
SES00789,USR00789,Mobile,North,Organic,Electronics,1,Browse,2025-10-17 23:48:28
SES00790,USR00790,Tablet,West,Organic,Electronics,2,Add to Cart,2025-10-05 15:25:19
SES00791,USR00791,Desktop,South,Social Media,Electronics,2,Add to Cart,2025-10-21 10:00:39
SES00792,USR00792,Mobile,South,Google Ads,Home,2,Add to Cart,2025-10-30 03:53:09
SES00793,USR00793,Tablet,East,Social Media,Electronics,1,Browse,2025-10-09 07:44:02
SES00794,USR00794,Desktop,North,Social Media,Home,1,Browse,2025-10-07 14:29:23
SES00795,USR00795,Mobile,North,Google Ads,Electronics,2,Add to Cart,2025-10-25 18:06:50
SES00796,USR00796,Mobile,West,Social Media,Sports,4,Purchase,2025-10-04 19:55:25
SES00797,USR00797,Desktop,South,Google Ads,Fashion,3,Checkout,2025-10-21 13:35:28
SES00798,USR00798,Tablet,East,Social Media,Electronics,3,Checkout,2025-10-26 07:59:42
SES00799,USR00799,Desktop,North,Organic,Home,2,Add to Cart,2025-10-30 19:07:23
SES00800,USR00800,Mobile,East,Google Ads,Fashion,1,Browse,2025-10-21 13:53:57
SES00801,USR00801,Tablet,West,Email,Home,2,Add to Cart,2025-10-23 21:03:34
SES00802,USR00802,Tablet,South,Google Ads,Home,2,Add to Cart,2025-10-10 08:20:59
SES00803,USR00803,Desktop,East,Social Media,Sports,2,Add to Cart,2025-10-27 14:23:44
SES00804,USR00804,Desktop,North,Organic,Electronics,3,Checkout,2025-10-18 22:28:32
SES00805,USR00805,Desktop,North,Social Media,Electronics,1,Browse,2025-10-25 09:04:13
SES00806,USR00806,Mobile,West,Organic,Home,2,Add to Cart,2025-10-03 00:22:07
SES00807,USR00807,Mobile,North,Social Media,Fashion,2,Add to Cart,2025-10-12 21:04:06
SES00808,USR00808,Mobile,North,Email,Fashion,3,Checkout,2025-10-21 16:12:45
SES00809,USR00809,Mobile,East,Google Ads,Sports,2,Add to Cart,2025-10-19 00:16:08
SES00810,USR00810,Tablet,South,Google Ads,Beauty,1,Browse,2025-10-27 14:35:13
SES00811,USR00811,Desktop,East,Social Media,Electronics,1,Browse,2025-10-20 07:57:24
SES00812,USR00812,Desktop,North,Organic,Fashion,4,Purchase,2025-10-05 00:39:22
SES00813,USR00813,Tablet,West,Email,Sports,1,Browse,2025-10-05 06:54:43
SES00814,USR00814,Desktop,South,Google Ads,Beauty,3,Checkout,2025-10-12 00:09:01
SES00815,USR00815,Tablet,West,Social Media,Electronics,2,Add to Cart,2025-10-05 13:22:09
SES00816,USR00816,Tablet,East,Social Media,Electronics,4,Purchase,2025-10-10 05:12:23
SES00817,USR00817,Tablet,North,Organic,Fashion,1,Browse,2025-10-08 22:48:14
SES00818,USR00818,Desktop,West,Google Ads,Home,1,Browse,2025-10-16 15:27:48
SES00819,USR00819,Mobile,West,Organic,Beauty,3,Checkout,2025-10-26 03:50:56
SES00820,USR00820,Tablet,North,Organic,Home,1,Browse,2025-10-02 21:41:32
SES00821,USR00821,Tablet,North,Google Ads,Home,2,Add to Cart,2025-10-13 15:42:54
SES00822,USR00822,Tablet,North,Email,Electronics,1,Browse,2025-10-03 11:55:24
SES00823,USR00823,Tablet,North,Google Ads,Beauty,2,Add to Cart,2025-10-23 00:19:43
SES00824,USR00824,Mobile,East,Google Ads,Electronics,1,Browse,2025-10-21 13:17:31
SES00825,USR00825,Desktop,North,Google Ads,Electronics,3,Checkout,2025-10-22 00:26:50
SES00826,USR00826,Tablet,West,Organic,Fashion,1,Browse,2025-10-15 21:09:54
SES00827,USR00827,Desktop,South,Social Media,Home,3,Checkout,2025-10-05 05:27:09
SES00828,USR00828,Mobile,West,Email,Electronics,3,Checkout,2025-10-07 14:44:21
SES00829,USR00829,Tablet,East,Social Media,Fashion,3,Checkout,2025-10-21 06:17:52
SES00830,USR00830,Tablet,East,Google Ads,Home,2,Add to Cart,2025-10-26 23:16:07
SES00831,USR00831,Mobile,West,Organic,Beauty,2,Add to Cart,2025-10-16 10:05:25
SES00832,USR00832,Mobile,West,Social Media,Electronics,3,Checkout,2025-10-24 22:31:19
SES00833,USR00833,Desktop,East,Email,Electronics,2,Add to Cart,2025-10-11 23:40:13
SES00834,USR00834,Desktop,East,Email,Sports,4,Purchase,2025-10-20 08:12:19
SES00835,USR00835,Mobile,East,Social Media,Sports,1,Browse,2025-10-23 21:54:18
SES00836,USR00836,Tablet,East,Google Ads,Electronics,2,Add to Cart,2025-10-12 18:58:57
SES00837,USR00837,Mobile,East,Email,Fashion,1,Browse,2025-10-05 16:14:46
SES00838,USR00838,Mobile,South,Email,Fashion,4,Purchase,2025-10-05 21:35:34
SES00839,USR00839,Tablet,South,Social Media,Sports,2,Add to Cart,2025-10-08 21:15:42
SES00840,USR00840,Desktop,South,Organic,Fashion,2,Add to Cart,2025-10-18 05:16:06
SES00841,USR00841,Mobile,South,Email,Fashion,2,Add to Cart,2025-10-20 09:27:30
SES00842,USR00842,Mobile,West,Google Ads,Beauty,2,Add to Cart,2025-10-10 06:44:42
SES00843,USR00843,Mobile,North,Email,Home,2,Add to Cart,2025-10-13 23:57:29
SES00844,USR00844,Mobile,West,Social Media,Electronics,1,Browse,2025-10-04 02:54:35
SES00845,USR00845,Desktop,North,Organic,Home,1,Browse,2025-10-21 19:45:36
SES00846,USR00846,Mobile,West,Email,Beauty,2,Add to Cart,2025-10-28 00:03:37
SES00847,USR00847,Mobile,East,Email,Sports,1,Browse,2025-10-12 13:31:14
SES00848,USR00848,Mobile,North,Social Media,Electronics,2,Add to Cart,2025-10-11 19:31:53
SES00849,USR00849,Mobile,South,Organic,Sports,3,Checkout,2025-10-11 19:17:00
SES00850,USR00850,Mobile,South,Organic,Electronics,4,Purchase,2025-10-08 20:23:16
SES00851,USR00851,Desktop,South,Organic,Sports,1,Browse,2025-10-21 03:27:37
SES00852,USR00852,Mobile,South,Email,Sports,1,Browse,2025-10-13 18:35:06
SES00853,USR00853,Mobile,East,Google Ads,Electronics,2,Add to Cart,2025-10-13 01:57:18
SES00854,USR00854,Tablet,South,Email,Home,4,Purchase,2025-10-20 19:55:57
SES00855,USR00855,Mobile,West,Social Media,Home,3,Checkout,2025-10-26 04:12:14
SES00856,USR00856,Tablet,West,Organic,Beauty,3,Checkout,2025-10-04 18:07:49
SES00857,USR00857,Tablet,East,Organic,Sports,1,Browse,2025-10-31 08:11:31
SES00858,USR00858,Tablet,South,Organic,Home,3,Checkout,2025-10-11 19:47:33
SES00859,USR00859,Mobile,East,Social Media,Fashion,3,Checkout,2025-10-26 18:31:29
SES00860,USR00860,Mobile,South,Google Ads,Fashion,3,Checkout,2025-10-31 02:31:21
SES00861,USR00861,Desktop,South,Email,Home,2,Add to Cart,2025-10-09 06:48:57
SES00862,USR00862,Tablet,West,Social Media,Home,3,Checkout,2025-10-27 16:17:08
SES00863,USR00863,Mobile,West,Email,Fashion,1,Browse,2025-10-25 07:07:25
SES00864,USR00864,Desktop,West,Social Media,Electronics,1,Browse,2025-10-13 08:02:25
SES00865,USR00865,Mobile,South,Email,Fashion,2,Add to Cart,2025-10-22 06:39:53
SES00866,USR00866,Tablet,South,Social Media,Beauty,4,Purchase,2025-10-08 18:26:24
SES00867,USR00867,Tablet,East,Google Ads,Home,2,Add to Cart,2025-10-11 16:55:45
SES00868,USR00868,Desktop,East,Email,Electronics,2,Add to Cart,2025-10-19 19:57:26
SES00869,USR00869,Desktop,North,Social Media,Beauty,2,Add to Cart,2025-10-11 07:59:44
SES00870,USR00870,Desktop,South,Social Media,Electronics,2,Add to Cart,2025-10-18 03:19:32
SES00871,USR00871,Tablet,South,Google Ads,Beauty,1,Browse,2025-10-12 01:15:50
SES00872,USR00872,Desktop,West,Social Media,Fashion,1,Browse,2025-10-21 15:56:09
SES00873,USR00873,Mobile,South,Organic,Electronics,2,Add to Cart,2025-10-20 17:26:37
SES00874,USR00874,Mobile,East,Organic,Sports,2,Add to Cart,2025-10-21 01:00:20
SES00875,USR00875,Desktop,North,Email,Fashion,3,Checkout,2025-10-18 21:02:53
SES00876,USR00876,Mobile,West,Organic,Sports,2,Add to Cart,2025-10-07 15:52:05
SES00877,USR00877,Mobile,South,Google Ads,Electronics,1,Browse,2025-10-23 01:30:38
SES00878,USR00878,Mobile,North,Social Media,Beauty,3,Checkout,2025-10-28 17:19:19
SES00879,USR00879,Mobile,East,Organic,Sports,1,Browse,2025-10-21 23:08:36
SES00880,USR00880,Desktop,West,Email,Home,1,Browse,2025-10-26 09:34:05
SES00881,USR00881,Tablet,South,Organic,Fashion,3,Checkout,2025-10-30 02:04:46
SES00882,USR00882,Tablet,West,Email,Sports,4,Purchase,2025-10-02 15:01:30
SES00883,USR00883,Desktop,East,Organic,Beauty,2,Add to Cart,2025-10-24 03:15:09
SES00884,USR00884,Mobile,West,Organic,Fashion,4,Purchase,2025-10-14 07:46:57
SES00885,USR00885,Tablet,South,Google Ads,Beauty,1,Browse,2025-10-02 06:30:48
SES00886,USR00886,Mobile,South,Google Ads,Fashion,2,Add to Cart,2025-10-07 14:47:59
SES00887,USR00887,Desktop,West,Social Media,Electronics,2,Add to Cart,2025-10-16 21:02:41
SES00888,USR00888,Mobile,West,Email,Sports,4,Purchase,2025-10-12 02:02:44
SES00889,USR00889,Desktop,South,Social Media,Fashion,2,Add to Cart,2025-10-24 19:02:20
SES00890,USR00890,Tablet,North,Email,Home,2,Add to Cart,2025-10-21 12:49:46
SES00891,USR00891,Tablet,South,Social Media,Home,3,Checkout,2025-10-07 11:11:49
SES00892,USR00892,Desktop,North,Google Ads,Home,3,Checkout,2025-10-17 02:18:50
SES00893,USR00893,Desktop,East,Social Media,Beauty,2,Add to Cart,2025-10-06 10:50:25
SES00894,USR00894,Desktop,South,Email,Fashion,2,Add to Cart,2025-10-23 00:05:41
SES00895,USR00895,Tablet,South,Organic,Home,2,Add to Cart,2025-10-19 13:59:26
SES00896,USR00896,Desktop,South,Social Media,Beauty,4,Purchase,2025-10-03 23:24:54
SES00897,USR00897,Desktop,West,Social Media,Home,1,Browse,2025-10-29 20:25:39
SES00898,USR00898,Desktop,East,Google Ads,Home,1,Browse,2025-10-16 04:38:08
SES00899,USR00899,Mobile,South,Email,Beauty,1,Browse,2025-10-02 11:36:48
SES00900,USR00900,Mobile,East,Email,Sports,2,Add to Cart,2025-10-26 05:28:43
SES00901,USR00901,Desktop,East,Organic,Fashion,4,Purchase,2025-10-08 14:47:50
SES00902,USR00902,Desktop,North,Email,Beauty,1,Browse,2025-10-12 10:52:06
SES00903,USR00903,Mobile,South,Email,Sports,1,Browse,2025-10-06 08:04:12
SES00904,USR00904,Mobile,East,Organic,Electronics,2,Add to Cart,2025-10-16 02:28:35
SES00905,USR00905,Tablet,South,Email,Beauty,2,Add to Cart,2025-10-24 17:39:35
SES00906,USR00906,Mobile,West,Email,Beauty,1,Browse,2025-10-15 12:14:13
SES00907,USR00907,Mobile,North,Organic,Beauty,3,Checkout,2025-10-13 07:09:28
SES00908,USR00908,Tablet,West,Social Media,Fashion,4,Purchase,2025-10-27 10:30:09
SES00909,USR00909,Tablet,West,Organic,Fashion,1,Browse,2025-10-11 10:07:29
SES00910,USR00910,Mobile,North,Email,Home,1,Browse,2025-10-05 23:45:07
SES00911,USR00911,Desktop,East,Google Ads,Fashion,2,Add to Cart,2025-10-18 11:52:53
SES00912,USR00912,Mobile,East,Social Media,Fashion,1,Browse,2025-10-30 20:54:58
SES00913,USR00913,Tablet,West,Organic,Fashion,1,Browse,2025-10-27 21:06:27
SES00914,USR00914,Desktop,East,Google Ads,Sports,2,Add to Cart,2025-10-24 01:27:02
SES00915,USR00915,Desktop,East,Organic,Beauty,2,Add to Cart,2025-10-23 18:41:36
SES00916,USR00916,Desktop,South,Social Media,Home,2,Add to Cart,2025-10-19 04:03:30
SES00917,USR00917,Mobile,West,Google Ads,Fashion,4,Purchase,2025-10-08 21:21:36
SES00918,USR00918,Desktop,West,Email,Sports,2,Add to Cart,2025-10-27 12:08:27
SES00919,USR00919,Mobile,North,Organic,Beauty,3,Checkout,2025-10-16 16:03:15
SES00920,USR00920,Tablet,North,Social Media,Fashion,1,Browse,2025-10-20 19:59:21
SES00921,USR00921,Desktop,West,Organic,Beauty,2,Add to Cart,2025-10-02 14:31:56
SES00922,USR00922,Tablet,North,Email,Electronics,2,Add to Cart,2025-10-13 20:48:39
SES00923,USR00923,Tablet,East,Social Media,Electronics,2,Add to Cart,2025-10-04 19:35:08
SES00924,USR00924,Mobile,North,Email,Electronics,3,Checkout,2025-10-03 00:37:04
SES00925,USR00925,Tablet,West,Email,Home,4,Purchase,2025-10-23 15:32:56
SES00926,USR00926,Mobile,North,Organic,Sports,2,Add to Cart,2025-10-23 23:13:56
SES00927,USR00927,Mobile,East,Organic,Electronics,2,Add to Cart,2025-10-05 01:41:35
SES00928,USR00928,Tablet,North,Organic,Sports,1,Browse,2025-10-30 18:33:36
SES00929,USR00929,Tablet,South,Email,Beauty,4,Purchase,2025-10-01 21:58:55
SES00930,USR00930,Tablet,West,Email,Beauty,3,Checkout,2025-10-23 05:39:10
SES00931,USR00931,Mobile,North,Email,Electronics,4,Purchase,2025-10-09 04:55:11
SES00932,USR00932,Tablet,West,Social Media,Home,1,Browse,2025-10-21 17:39:47
SES00933,USR00933,Mobile,West,Organic,Home,3,Checkout,2025-10-03 18:34:48
SES00934,USR00934,Mobile,South,Google Ads,Electronics,2,Add to Cart,2025-10-16 11:01:58
SES00935,USR00935,Mobile,West,Google Ads,Sports,3,Checkout,2025-10-14 14:33:04
SES00936,USR00936,Tablet,East,Organic,Sports,1,Browse,2025-10-31 10:21:37
SES00937,USR00937,Desktop,North,Google Ads,Fashion,1,Browse,2025-10-13 20:33:47
SES00938,USR00938,Mobile,West,Google Ads,Beauty,3,Checkout,2025-10-25 18:22:21
SES00939,USR00939,Mobile,East,Email,Beauty,1,Browse,2025-10-05 01:59:04
SES00940,USR00940,Tablet,South,Organic,Beauty,2,Add to Cart,2025-10-26 13:14:34
SES00941,USR00941,Tablet,North,Google Ads,Home,2,Add to Cart,2025-10-13 10:53:13
SES00942,USR00942,Tablet,East,Organic,Electronics,4,Purchase,2025-10-08 16:15:34
SES00943,USR00943,Desktop,South,Email,Fashion,3,Checkout,2025-10-21 14:57:21
SES00944,USR00944,Tablet,North,Organic,Electronics,4,Purchase,2025-10-06 03:45:37
SES00945,USR00945,Tablet,West,Social Media,Home,2,Add to Cart,2025-10-23 05:17:47
SES00946,USR00946,Desktop,South,Google Ads,Electronics,2,Add to Cart,2025-10-26 20:02:14
SES00947,USR00947,Desktop,North,Email,Sports,2,Add to Cart,2025-10-19 01:38:09
SES00948,USR00948,Desktop,East,Google Ads,Electronics,3,Checkout,2025-10-09 20:28:58
SES00949,USR00949,Mobile,East,Google Ads,Home,3,Checkout,2025-10-10 22:03:14
SES00950,USR00950,Desktop,East,Email,Home,1,Browse,2025-10-29 03:05:37
SES00951,USR00951,Mobile,East,Google Ads,Sports,1,Browse,2025-10-20 18:54:57
SES00952,USR00952,Desktop,North,Google Ads,Sports,3,Checkout,2025-10-30 07:18:23
SES00953,USR00953,Mobile,West,Social Media,Beauty,2,Add to Cart,2025-10-03 13:22:39
SES00954,USR00954,Mobile,East,Google Ads,Home,1,Browse,2025-10-09 08:51:36
SES00955,USR00955,Mobile,East,Organic,Electronics,1,Browse,2025-10-15 02:34:35
SES00956,USR00956,Tablet,North,Social Media,Fashion,2,Add to Cart,2025-10-14 12:27:30
SES00957,USR00957,Tablet,West,Google Ads,Beauty,3,Checkout,2025-10-05 00:43:05
SES00958,USR00958,Mobile,East,Google Ads,Fashion,3,Checkout,2025-10-01 20:59:32
SES00959,USR00959,Desktop,West,Social Media,Fashion,3,Checkout,2025-10-29 20:42:47
SES00960,USR00960,Mobile,North,Google Ads,Beauty,1,Browse,2025-10-18 10:49:12
SES00961,USR00961,Tablet,South,Google Ads,Sports,1,Browse,2025-10-09 21:56:50
SES00962,USR00962,Mobile,North,Google Ads,Home,4,Purchase,2025-10-11 10:36:24
SES00963,USR00963,Mobile,West,Organic,Sports,3,Checkout,2025-10-17 06:37:59
SES00964,USR00964,Desktop,West,Organic,Sports,2,Add to Cart,2025-10-06 21:34:06
SES00965,USR00965,Mobile,South,Organic,Sports,2,Add to Cart,2025-10-28 01:31:55
SES00966,USR00966,Mobile,South,Organic,Sports,4,Purchase,2025-10-15 08:57:36
SES00967,USR00967,Desktop,East,Google Ads,Beauty,1,Browse,2025-10-25 09:57:29
SES00968,USR00968,Desktop,West,Organic,Fashion,4,Purchase,2025-10-26 17:57:51
SES00969,USR00969,Tablet,North,Organic,Fashion,3,Checkout,2025-10-07 13:02:00
SES00970,USR00970,Desktop,North,Email,Home,1,Browse,2025-10-19 02:58:42
SES00971,USR00971,Mobile,East,Organic,Beauty,2,Add to Cart,2025-10-18 13:53:24
SES00972,USR00972,Mobile,South,Organic,Home,4,Purchase,2025-10-25 16:28:25
SES00973,USR00973,Tablet,East,Email,Sports,2,Add to Cart,2025-10-13 11:21:50
SES00974,USR00974,Mobile,West,Social Media,Beauty,1,Browse,2025-10-10 18:21:26
SES00975,USR00975,Tablet,West,Email,Sports,3,Checkout,2025-10-19 23:55:59
SES00976,USR00976,Mobile,East,Google Ads,Fashion,3,Checkout,2025-10-28 17:02:59
SES00977,USR00977,Tablet,East,Social Media,Electronics,1,Browse,2025-10-19 12:19:05
SES00978,USR00978,Mobile,West,Google Ads,Home,3,Checkout,2025-10-11 14:28:34
SES00979,USR00979,Desktop,South,Google Ads,Sports,4,Purchase,2025-10-25 10:03:05
SES00980,USR00980,Desktop,North,Email,Sports,4,Purchase,2025-10-27 12:52:25
SES00981,USR00981,Desktop,South,Email,Fashion,4,Purchase,2025-10-15 19:07:28
SES00982,USR00982,Desktop,West,Email,Electronics,1,Browse,2025-10-24 04:44:42
SES00983,USR00983,Desktop,North,Google Ads,Home,3,Checkout,2025-10-16 13:26:37
SES00984,USR00984,Desktop,South,Google Ads,Electronics,1,Browse,2025-10-24 13:57:31
SES00985,USR00985,Desktop,North,Google Ads,Beauty,2,Add to Cart,2025-10-25 11:46:24
SES00986,USR00986,Desktop,West,Google Ads,Electronics,1,Browse,2025-10-19 15:03:33
SES00987,USR00987,Mobile,West,Organic,Electronics,3,Checkout,2025-10-08 04:41:39
SES00988,USR00988,Mobile,East,Email,Fashion,2,Add to Cart,2025-10-29 20:06:38
SES00989,USR00989,Desktop,South,Google Ads,Fashion,2,Add to Cart,2025-10-25 23:34:07
SES00990,USR00990,Tablet,North,Organic,Electronics,1,Browse,2025-10-29 18:13:08
SES00991,USR00991,Mobile,North,Organic,Beauty,3,Checkout,2025-10-10 06:15:05
SES00992,USR00992,Tablet,South,Social Media,Home,1,Browse,2025-10-23 14:12:21
SES00993,USR00993,Desktop,East,Google Ads,Sports,2,Add to Cart,2025-10-19 15:19:07
SES00994,USR00994,Desktop,East,Social Media,Fashion,4,Purchase,2025-10-19 09:34:45
SES00995,USR00995,Desktop,South,Email,Beauty,2,Add to Cart,2025-10-24 04:46:24
SES00996,USR00996,Tablet,South,Google Ads,Electronics,1,Browse,2025-10-28 13:19:31
SES00997,USR00997,Mobile,West,Organic,Home,3,Checkout,2025-10-08 04:01:32
SES00998,USR00998,Tablet,West,Organic,Fashion,1,Browse,2025-10-06 21:55:07
SES00999,USR00999,Mobile,North,Google Ads,Beauty,2,Add to Cart,2025-10-04 06:14:12
SES01000,USR01000,Mobile,South,Email,Electronics,1,Browse,2025-10-29 01:48:28
SES01001,USR01001,Tablet,East,Organic,Sports,2,Add to Cart,2025-10-27 15:54:04
SES01002,USR01002,Mobile,South,Google Ads,Sports,1,Browse,2025-10-10 02:57:46
SES01003,USR01003,Desktop,West,Google Ads,Beauty,2,Add to Cart,2025-10-13 21:27:21
SES01004,USR01004,Tablet,East,Email,Home,3,Checkout,2025-10-25 06:28:03
SES01005,USR01005,Tablet,East,Google Ads,Beauty,1,Browse,2025-10-07 07:44:00
SES01006,USR01006,Desktop,East,Google Ads,Fashion,2,Add to Cart,2025-10-10 07:26:12
SES01007,USR01007,Tablet,West,Social Media,Electronics,4,Purchase,2025-10-28 13:34:26
SES01008,USR01008,Tablet,North,Organic,Beauty,3,Checkout,2025-10-29 14:41:44
SES01009,USR01009,Tablet,East,Social Media,Sports,1,Browse,2025-10-02 11:06:55
SES01010,USR01010,Mobile,North,Social Media,Home,4,Purchase,2025-10-06 18:30:23
SES01011,USR01011,Desktop,West,Social Media,Electronics,4,Purchase,2025-10-06 21:24:32
SES01012,USR01012,Mobile,East,Email,Electronics,3,Checkout,2025-10-21 10:40:59
SES01013,USR01013,Desktop,West,Organic,Beauty,1,Browse,2025-10-10 11:24:30
SES01014,USR01014,Desktop,North,Google Ads,Fashion,2,Add to Cart,2025-10-18 05:00:30
SES01015,USR01015,Desktop,West,Email,Electronics,1,Browse,2025-10-13 13:59:24
SES01016,USR01016,Desktop,West,Social Media,Sports,4,Purchase,2025-10-19 05:31:54
SES01017,USR01017,Mobile,East,Email,Electronics,3,Checkout,2025-10-04 01:33:28
SES01018,USR01018,Tablet,East,Email,Electronics,2,Add to Cart,2025-10-18 04:04:35
SES01019,USR01019,Mobile,North,Google Ads,Fashion,3,Checkout,2025-10-05 22:27:45
SES01020,USR01020,Mobile,East,Google Ads,Home,1,Browse,2025-10-26 08:42:36
SES01021,USR01021,Desktop,East,Social Media,Home,3,Checkout,2025-10-20 04:23:16
SES01022,USR01022,Tablet,West,Organic,Sports,4,Purchase,2025-10-16 01:53:15
SES01023,USR01023,Tablet,South,Google Ads,Fashion,1,Browse,2025-10-28 21:40:07
SES01024,USR01024,Mobile,East,Social Media,Sports,1,Browse,2025-10-04 06:59:35
SES01025,USR01025,Tablet,North,Google Ads,Home,3,Checkout,2025-10-14 16:20:53
SES01026,USR01026,Desktop,East,Google Ads,Beauty,1,Browse,2025-10-28 04:26:17
SES01027,USR01027,Mobile,West,Google Ads,Home,3,Checkout,2025-10-10 22:14:57
SES01028,USR01028,Desktop,West,Social Media,Sports,1,Browse,2025-10-10 19:23:23
SES01029,USR01029,Mobile,West,Email,Fashion,2,Add to Cart,2025-10-12 21:24:49
SES01030,USR01030,Tablet,East,Organic,Beauty,2,Add to Cart,2025-10-29 04:00:33
SES01031,USR01031,Desktop,South,Email,Electronics,2,Add to Cart,2025-10-15 12:46:50
SES01032,USR01032,Desktop,North,Google Ads,Home,1,Browse,2025-10-30 13:53:25
SES01033,USR01033,Tablet,East,Social Media,Sports,4,Purchase,2025-10-10 05:28:13
SES01034,USR01034,Tablet,West,Organic,Beauty,1,Browse,2025-10-20 13:58:04
SES01035,USR01035,Mobile,North,Email,Fashion,4,Purchase,2025-10-15 11:33:44
SES01036,USR01036,Tablet,South,Google Ads,Home,2,Add to Cart,2025-10-02 02:48:18
SES01037,USR01037,Tablet,West,Organic,Home,1,Browse,2025-10-16 22:25:24
SES01038,USR01038,Desktop,West,Organic,Home,3,Checkout,2025-10-04 00:54:54
SES01039,USR01039,Desktop,South,Organic,Electronics,2,Add to Cart,2025-10-12 08:40:46
SES01040,USR01040,Desktop,North,Google Ads,Electronics,2,Add to Cart,2025-10-30 07:30:42
SES01041,USR01041,Tablet,North,Google Ads,Beauty,2,Add to Cart,2025-10-10 17:58:27
SES01042,USR01042,Tablet,West,Google Ads,Beauty,2,Add to Cart,2025-10-31 06:54:11
SES01043,USR01043,Desktop,West,Organic,Beauty,2,Add to Cart,2025-10-10 01:37:27
SES01044,USR01044,Desktop,South,Email,Home,3,Checkout,2025-10-30 04:58:54
SES01045,USR01045,Mobile,West,Email,Beauty,2,Add to Cart,2025-10-15 11:23:29
SES01046,USR01046,Mobile,North,Email,Fashion,2,Add to Cart,2025-10-31 15:56:02
SES01047,USR01047,Tablet,East,Email,Beauty,2,Add to Cart,2025-10-27 22:46:55
SES01048,USR01048,Tablet,North,Organic,Sports,2,Add to Cart,2025-10-06 08:08:09
SES01049,USR01049,Mobile,North,Google Ads,Sports,3,Checkout,2025-10-20 17:00:05
SES01050,USR01050,Mobile,East,Social Media,Electronics,1,Browse,2025-10-09 21:28:36
SES01051,USR01051,Mobile,South,Social Media,Fashion,3,Checkout,2025-10-13 10:50:55
SES01052,USR01052,Mobile,West,Email,Sports,1,Browse,2025-10-21 11:49:10
SES01053,USR01053,Desktop,West,Google Ads,Home,2,Add to Cart,2025-10-23 14:56:48
SES01054,USR01054,Mobile,North,Email,Beauty,2,Add to Cart,2025-10-20 14:53:48
SES01055,USR01055,Mobile,East,Email,Beauty,1,Browse,2025-10-27 23:31:52
SES01056,USR01056,Desktop,East,Organic,Beauty,1,Browse,2025-10-05 01:39:49
SES01057,USR01057,Mobile,South,Email,Electronics,1,Browse,2025-10-15 21:37:55
SES01058,USR01058,Desktop,North,Social Media,Fashion,4,Purchase,2025-10-25 03:55:03
SES01059,USR01059,Tablet,East,Social Media,Fashion,3,Checkout,2025-10-16 20:21:46
SES01060,USR01060,Mobile,West,Organic,Electronics,1,Browse,2025-10-13 06:27:05
SES01061,USR01061,Mobile,North,Organic,Fashion,1,Browse,2025-10-17 02:21:38
SES01062,USR01062,Tablet,East,Social Media,Home,2,Add to Cart,2025-10-23 14:18:11
SES01063,USR01063,Mobile,South,Email,Beauty,3,Checkout,2025-10-16 03:50:23
SES01064,USR01064,Tablet,South,Organic,Home,2,Add to Cart,2025-10-27 12:14:58
SES01065,USR01065,Desktop,South,Google Ads,Fashion,2,Add to Cart,2025-10-25 15:34:51
SES01066,USR01066,Tablet,South,Organic,Sports,2,Add to Cart,2025-10-27 14:59:40
SES01067,USR01067,Tablet,East,Google Ads,Fashion,2,Add to Cart,2025-10-07 14:41:06
SES01068,USR01068,Tablet,South,Organic,Home,1,Browse,2025-10-19 08:05:29
SES01069,USR01069,Mobile,North,Email,Electronics,4,Purchase,2025-10-05 20:30:31
SES01070,USR01070,Tablet,North,Google Ads,Beauty,3,Checkout,2025-10-02 02:40:10
SES01071,USR01071,Desktop,West,Social Media,Home,1,Browse,2025-10-27 17:00:13
SES01072,USR01072,Tablet,South,Organic,Fashion,3,Checkout,2025-10-13 08:09:53
SES01073,USR01073,Mobile,West,Email,Home,1,Browse,2025-10-10 05:21:48
SES01074,USR01074,Tablet,North,Organic,Electronics,1,Browse,2025-10-16 17:16:32
SES01075,USR01075,Desktop,East,Google Ads,Electronics,1,Browse,2025-10-26 13:20:49
SES01076,USR01076,Mobile,West,Google Ads,Electronics,2,Add to Cart,2025-10-25 01:11:14
SES01077,USR01077,Desktop,West,Organic,Home,1,Browse,2025-10-08 06:58:32
SES01078,USR01078,Desktop,South,Google Ads,Beauty,2,Add to Cart,2025-10-09 17:29:34
SES01079,USR01079,Tablet,East,Social Media,Sports,2,Add to Cart,2025-10-18 20:35:05
SES01080,USR01080,Desktop,East,Organic,Fashion,4,Purchase,2025-10-23 15:14:35
SES01081,USR01081,Mobile,West,Email,Beauty,1,Browse,2025-10-24 06:44:03
SES01082,USR01082,Tablet,West,Google Ads,Home,2,Add to Cart,2025-10-06 17:00:04
SES01083,USR01083,Tablet,West,Email,Sports,1,Browse,2025-10-04 12:36:46
SES01084,USR01084,Desktop,East,Email,Electronics,2,Add to Cart,2025-10-18 05:44:21
SES01085,USR01085,Mobile,West,Email,Sports,2,Add to Cart,2025-10-31 02:39:23
SES01086,USR01086,Desktop,East,Social Media,Electronics,3,Checkout,2025-10-17 13:24:19
SES01087,USR01087,Mobile,West,Email,Fashion,2,Add to Cart,2025-10-13 23:27:07
SES01088,USR01088,Desktop,North,Social Media,Electronics,1,Browse,2025-10-20 04:05:51
SES01089,USR01089,Mobile,North,Social Media,Electronics,1,Browse,2025-10-19 18:28:16
SES01090,USR01090,Mobile,South,Social Media,Home,3,Checkout,2025-10-13 07:23:19
SES01091,USR01091,Mobile,South,Google Ads,Sports,1,Browse,2025-10-12 10:51:34
SES01092,USR01092,Desktop,West,Organic,Fashion,3,Checkout,2025-10-24 11:34:07
SES01093,USR01093,Desktop,East,Email,Home,3,Checkout,2025-10-18 12:36:47
SES01094,USR01094,Tablet,South,Social Media,Electronics,4,Purchase,2025-10-15 01:20:13
SES01095,USR01095,Desktop,South,Google Ads,Sports,3,Checkout,2025-10-20 18:07:34
SES01096,USR01096,Mobile,South,Social Media,Sports,1,Browse,2025-10-28 19:16:24
SES01097,USR01097,Tablet,East,Social Media,Home,2,Add to Cart,2025-10-11 14:36:01
SES01098,USR01098,Mobile,East,Email,Electronics,3,Checkout,2025-10-25 23:02:10
SES01099,USR01099,Desktop,South,Social Media,Beauty,3,Checkout,2025-10-29 10:14:49
SES01100,USR01100,Tablet,North,Email,Electronics,1,Browse,2025-10-24 12:59:35
SES01101,USR01101,Tablet,North,Social Media,Fashion,2,Add to Cart,2025-10-15 04:04:25
SES01102,USR01102,Desktop,North,Social Media,Sports,1,Browse,2025-10-29 18:08:03
SES01103,USR01103,Mobile,South,Google Ads,Home,2,Add to Cart,2025-10-18 19:46:20
SES01104,USR01104,Mobile,South,Organic,Home,1,Browse,2025-10-05 21:42:35
SES01105,USR01105,Desktop,West,Social Media,Fashion,2,Add to Cart,2025-10-09 21:29:42
SES01106,USR01106,Mobile,East,Google Ads,Fashion,1,Browse,2025-10-26 05:31:30
SES01107,USR01107,Desktop,East,Organic,Electronics,2,Add to Cart,2025-10-04 06:17:37
SES01108,USR01108,Mobile,North,Social Media,Beauty,2,Add to Cart,2025-10-25 12:12:15
SES01109,USR01109,Mobile,South,Social Media,Sports,4,Purchase,2025-10-22 21:06:24
SES01110,USR01110,Mobile,West,Organic,Fashion,2,Add to Cart,2025-10-04 03:51:48
SES01111,USR01111,Mobile,South,Email,Electronics,1,Browse,2025-10-23 05:27:05
SES01112,USR01112,Mobile,North,Organic,Fashion,1,Browse,2025-10-15 15:59:58
SES01113,USR01113,Mobile,West,Organic,Fashion,3,Checkout,2025-10-30 01:37:28
SES01114,USR01114,Desktop,West,Google Ads,Home,1,Browse,2025-10-25 05:55:47
SES01115,USR01115,Mobile,West,Organic,Sports,3,Checkout,2025-10-11 03:24:06
SES01116,USR01116,Desktop,South,Organic,Sports,1,Browse,2025-10-08 13:27:40
SES01117,USR01117,Tablet,North,Organic,Home,3,Checkout,2025-10-02 05:30:12
SES01118,USR01118,Mobile,East,Google Ads,Home,4,Purchase,2025-10-13 09:22:19
SES01119,USR01119,Tablet,South,Google Ads,Sports,2,Add to Cart,2025-10-18 22:12:51
SES01120,USR01120,Mobile,North,Google Ads,Home,4,Purchase,2025-10-17 14:50:58
SES01121,USR01121,Mobile,East,Google Ads,Beauty,4,Purchase,2025-10-11 10:07:14
SES01122,USR01122,Desktop,East,Social Media,Electronics,1,Browse,2025-10-24 16:50:40
SES01123,USR01123,Mobile,West,Social Media,Home,2,Add to Cart,2025-10-17 19:26:27
SES01124,USR01124,Mobile,South,Email,Fashion,2,Add to Cart,2025-10-28 18:10:57
SES01125,USR01125,Tablet,South,Email,Home,2,Add to Cart,2025-10-27 09:58:29
SES01126,USR01126,Tablet,East,Social Media,Beauty,3,Checkout,2025-10-31 00:45:03
SES01127,USR01127,Mobile,North,Email,Home,2,Add to Cart,2025-10-17 07:29:56
SES01128,USR01128,Desktop,South,Google Ads,Electronics,1,Browse,2025-10-21 15:02:42
SES01129,USR01129,Mobile,East,Email,Beauty,1,Browse,2025-10-01 20:03:04
SES01130,USR01130,Desktop,West,Email,Beauty,1,Browse,2025-10-14 10:32:47
SES01131,USR01131,Desktop,North,Social Media,Fashion,1,Browse,2025-10-07 00:06:35
SES01132,USR01132,Desktop,East,Google Ads,Sports,2,Add to Cart,2025-10-23 15:30:32
SES01133,USR01133,Desktop,East,Organic,Sports,3,Checkout,2025-10-16 00:05:48
SES01134,USR01134,Tablet,East,Google Ads,Beauty,2,Add to Cart,2025-10-21 06:12:19
SES01135,USR01135,Tablet,East,Organic,Fashion,4,Purchase,2025-10-15 14:18:31
SES01136,USR01136,Desktop,South,Email,Sports,2,Add to Cart,2025-10-18 04:22:44
SES01137,USR01137,Tablet,West,Email,Fashion,2,Add to Cart,2025-10-02 09:24:03
SES01138,USR01138,Desktop,North,Social Media,Sports,1,Browse,2025-10-14 14:57:51
SES01139,USR01139,Tablet,West,Email,Sports,3,Checkout,2025-10-03 08:25:27
SES01140,USR01140,Tablet,East,Organic,Electronics,2,Add to Cart,2025-10-06 07:12:23
SES01141,USR01141,Tablet,East,Email,Sports,4,Purchase,2025-10-09 09:52:31
SES01142,USR01142,Mobile,East,Social Media,Electronics,3,Checkout,2025-10-19 01:23:25
SES01143,USR01143,Mobile,North,Google Ads,Home,3,Checkout,2025-10-16 10:12:46
SES01144,USR01144,Desktop,North,Social Media,Sports,1,Browse,2025-10-03 20:15:01
SES01145,USR01145,Tablet,East,Organic,Beauty,4,Purchase,2025-10-20 12:35:03
SES01146,USR01146,Mobile,North,Social Media,Electronics,1,Browse,2025-10-03 08:13:06
SES01147,USR01147,Mobile,North,Google Ads,Fashion,2,Add to Cart,2025-10-05 04:01:55
SES01148,USR01148,Mobile,North,Email,Fashion,3,Checkout,2025-10-26 01:07:21
SES01149,USR01149,Mobile,South,Email,Sports,1,Browse,2025-10-23 03:17:57
SES01150,USR01150,Mobile,South,Google Ads,Beauty,1,Browse,2025-10-10 18:32:56
SES01151,USR01151,Desktop,North,Google Ads,Electronics,3,Checkout,2025-10-17 06:12:19
SES01152,USR01152,Tablet,West,Organic,Home,3,Checkout,2025-10-30 07:01:51
SES01153,USR01153,Mobile,West,Social Media,Home,3,Checkout,2025-10-02 00:58:29
SES01154,USR01154,Mobile,East,Social Media,Beauty,2,Add to Cart,2025-10-13 01:24:41
SES01155,USR01155,Desktop,West,Email,Electronics,3,Checkout,2025-10-26 09:26:07
SES01156,USR01156,Tablet,North,Email,Electronics,1,Browse,2025-10-13 18:17:42
SES01157,USR01157,Mobile,North,Email,Beauty,3,Checkout,2025-10-06 05:32:32
SES01158,USR01158,Mobile,West,Organic,Beauty,2,Add to Cart,2025-10-12 09:35:50
SES01159,USR01159,Desktop,North,Organic,Sports,3,Checkout,2025-10-29 05:43:55
SES01160,USR01160,Desktop,North,Email,Sports,1,Browse,2025-10-18 02:41:50
SES01161,USR01161,Desktop,East,Organic,Electronics,2,Add to Cart,2025-10-09 20:11:00
SES01162,USR01162,Mobile,East,Google Ads,Home,1,Browse,2025-10-28 08:42:00
SES01163,USR01163,Mobile,East,Google Ads,Beauty,1,Browse,2025-10-05 05:43:20
SES01164,USR01164,Mobile,West,Organic,Electronics,2,Add to Cart,2025-10-20 05:34:23
SES01165,USR01165,Desktop,West,Google Ads,Fashion,2,Add to Cart,2025-10-31 07:27:39
SES01166,USR01166,Desktop,South,Google Ads,Sports,1,Browse,2025-10-25 18:23:38
SES01167,USR01167,Tablet,East,Organic,Electronics,2,Add to Cart,2025-10-26 01:26:34
SES01168,USR01168,Desktop,West,Social Media,Beauty,3,Checkout,2025-10-14 06:32:31
SES01169,USR01169,Mobile,South,Organic,Beauty,3,Checkout,2025-10-03 12:36:26
SES01170,USR01170,Mobile,South,Social Media,Fashion,1,Browse,2025-10-29 17:43:37
SES01171,USR01171,Desktop,East,Email,Beauty,1,Browse,2025-10-07 09:18:50
SES01172,USR01172,Mobile,South,Google Ads,Home,2,Add to Cart,2025-10-19 17:12:18
SES01173,USR01173,Mobile,North,Google Ads,Home,2,Add to Cart,2025-10-08 22:18:08
SES01174,USR01174,Desktop,East,Google Ads,Sports,3,Checkout,2025-10-06 18:11:40
SES01175,USR01175,Mobile,South,Organic,Beauty,2,Add to Cart,2025-10-24 20:22:39
SES01176,USR01176,Desktop,South,Email,Beauty,1,Browse,2025-10-08 06:47:07
SES01177,USR01177,Desktop,South,Social Media,Beauty,3,Checkout,2025-10-21 03:54:30
SES01178,USR01178,Desktop,East,Email,Fashion,2,Add to Cart,2025-10-15 13:12:42
SES01179,USR01179,Tablet,West,Organic,Fashion,1,Browse,2025-10-29 16:54:43
SES01180,USR01180,Tablet,South,Organic,Sports,3,Checkout,2025-10-30 16:41:24
SES01181,USR01181,Tablet,West,Google Ads,Electronics,2,Add to Cart,2025-10-16 17:53:23
SES01182,USR01182,Mobile,West,Social Media,Fashion,2,Add to Cart,2025-10-03 07:05:13
SES01183,USR01183,Desktop,South,Organic,Home,3,Checkout,2025-10-06 10:39:18
SES01184,USR01184,Mobile,East,Organic,Fashion,3,Checkout,2025-10-24 00:44:50
SES01185,USR01185,Tablet,South,Social Media,Beauty,2,Add to Cart,2025-10-13 16:33:40
SES01186,USR01186,Mobile,North,Social Media,Home,2,Add to Cart,2025-10-19 03:02:34
SES01187,USR01187,Tablet,North,Organic,Sports,2,Add to Cart,2025-10-30 05:31:56
SES01188,USR01188,Mobile,North,Email,Beauty,1,Browse,2025-10-03 03:44:46
SES01189,USR01189,Desktop,West,Email,Home,2,Add to Cart,2025-10-13 01:49:08
SES01190,USR01190,Desktop,West,Social Media,Sports,2,Add to Cart,2025-10-14 03:13:59
SES01191,USR01191,Desktop,South,Organic,Electronics,3,Checkout,2025-10-11 06:45:38
SES01192,USR01192,Mobile,North,Google Ads,Sports,4,Purchase,2025-10-16 21:26:17
SES01193,USR01193,Desktop,East,Social Media,Electronics,2,Add to Cart,2025-10-11 22:29:38
SES01194,USR01194,Desktop,West,Google Ads,Electronics,2,Add to Cart,2025-10-23 03:06:13
SES01195,USR01195,Desktop,North,Social Media,Beauty,1,Browse,2025-10-09 07:33:53
SES01196,USR01196,Mobile,East,Email,Electronics,1,Browse,2025-10-08 01:07:20
SES01197,USR01197,Mobile,West,Email,Electronics,2,Add to Cart,2025-10-31 00:01:45
SES01198,USR01198,Desktop,West,Google Ads,Sports,2,Add to Cart,2025-10-05 08:48:40
SES01199,USR01199,Desktop,East,Organic,Beauty,2,Add to Cart,2025-10-07 17:40:46
SES01200,USR01200,Tablet,North,Google Ads,Home,1,Browse,2025-10-15 12:10:03
SES01201,USR01201,Desktop,East,Google Ads,Sports,4,Purchase,2025-10-15 14:55:43
SES01202,USR01202,Tablet,East,Organic,Beauty,1,Browse,2025-10-21 05:14:08
SES01203,USR01203,Desktop,South,Organic,Fashion,3,Checkout,2025-10-29 14:22:38
SES01204,USR01204,Mobile,South,Organic,Fashion,4,Purchase,2025-10-02 01:15:54
SES01205,USR01205,Tablet,East,Social Media,Fashion,1,Browse,2025-10-15 21:41:33
SES01206,USR01206,Desktop,North,Social Media,Electronics,3,Checkout,2025-10-31 04:42:43
SES01207,USR01207,Desktop,East,Social Media,Sports,3,Checkout,2025-10-11 08:53:34
SES01208,USR01208,Tablet,North,Google Ads,Beauty,3,Checkout,2025-10-24 17:25:55
SES01209,USR01209,Desktop,West,Google Ads,Fashion,2,Add to Cart,2025-10-06 06:55:13
SES01210,USR01210,Tablet,North,Social Media,Electronics,1,Browse,2025-10-10 16:33:50
SES01211,USR01211,Desktop,North,Organic,Fashion,2,Add to Cart,2025-10-28 15:27:50
SES01212,USR01212,Mobile,South,Social Media,Electronics,2,Add to Cart,2025-10-14 19:32:09
SES01213,USR01213,Mobile,South,Email,Fashion,3,Checkout,2025-10-02 05:47:11
SES01214,USR01214,Mobile,East,Google Ads,Sports,3,Checkout,2025-10-07 16:07:48
SES01215,USR01215,Desktop,South,Organic,Beauty,2,Add to Cart,2025-10-05 23:57:46
SES01216,USR01216,Desktop,West,Social Media,Home,2,Add to Cart,2025-10-21 19:38:36
SES01217,USR01217,Mobile,West,Social Media,Home,3,Checkout,2025-10-21 16:55:47
SES01218,USR01218,Mobile,West,Google Ads,Home,1,Browse,2025-10-05 03:10:53
SES01219,USR01219,Desktop,South,Organic,Fashion,1,Browse,2025-10-17 22:01:50
SES01220,USR01220,Tablet,East,Google Ads,Sports,3,Checkout,2025-10-02 06:37:22
SES01221,USR01221,Desktop,South,Social Media,Home,2,Add to Cart,2025-10-19 21:21:34
SES01222,USR01222,Mobile,East,Google Ads,Beauty,1,Browse,2025-10-13 04:45:55
SES01223,USR01223,Mobile,South,Google Ads,Home,1,Browse,2025-10-27 00:46:34
SES01224,USR01224,Desktop,West,Social Media,Beauty,3,Checkout,2025-10-26 15:13:59
SES01225,USR01225,Mobile,North,Email,Sports,2,Add to Cart,2025-10-18 21:22:58
SES01226,USR01226,Tablet,East,Social Media,Electronics,4,Purchase,2025-10-14 11:48:29
SES01227,USR01227,Desktop,East,Email,Sports,3,Checkout,2025-10-25 02:19:25
SES01228,USR01228,Desktop,North,Organic,Sports,4,Purchase,2025-10-18 11:18:22
SES01229,USR01229,Tablet,East,Google Ads,Electronics,2,Add to Cart,2025-10-29 06:50:20
SES01230,USR01230,Desktop,South,Social Media,Sports,2,Add to Cart,2025-10-14 23:01:52
SES01231,USR01231,Tablet,West,Organic,Sports,1,Browse,2025-10-27 00:24:27
SES01232,USR01232,Tablet,South,Google Ads,Home,2,Add to Cart,2025-10-20 10:35:00
SES01233,USR01233,Mobile,West,Email,Home,3,Checkout,2025-10-03 00:35:09
SES01234,USR01234,Tablet,South,Organic,Fashion,1,Browse,2025-10-19 10:08:47
SES01235,USR01235,Mobile,North,Social Media,Fashion,2,Add to Cart,2025-10-03 07:22:23
SES01236,USR01236,Desktop,North,Google Ads,Beauty,1,Browse,2025-10-07 06:50:48
SES01237,USR01237,Tablet,South,Google Ads,Electronics,2,Add to Cart,2025-10-25 12:24:36
SES01238,USR01238,Tablet,West,Google Ads,Sports,2,Add to Cart,2025-10-09 05:20:29
SES01239,USR01239,Mobile,East,Google Ads,Sports,1,Browse,2025-10-16 22:01:51
SES01240,USR01240,Desktop,East,Email,Fashion,1,Browse,2025-10-28 20:02:51
SES01241,USR01241,Tablet,West,Google Ads,Sports,2,Add to Cart,2025-10-09 05:32:42
SES01242,USR01242,Tablet,North,Social Media,Beauty,3,Checkout,2025-10-11 05:49:03
SES01243,USR01243,Mobile,East,Email,Home,1,Browse,2025-10-17 09:57:40
SES01244,USR01244,Desktop,North,Organic,Electronics,1,Browse,2025-10-08 05:34:25
SES01245,USR01245,Mobile,North,Social Media,Home,1,Browse,2025-10-11 00:08:18
SES01246,USR01246,Desktop,West,Google Ads,Electronics,1,Browse,2025-10-18 15:46:30
SES01247,USR01247,Mobile,East,Email,Sports,1,Browse,2025-10-27 12:16:47
SES01248,USR01248,Tablet,North,Email,Fashion,1,Browse,2025-10-14 02:54:27
SES01249,USR01249,Mobile,North,Google Ads,Fashion,2,Add to Cart,2025-10-20 10:48:02
SES01250,USR01250,Mobile,North,Email,Home,2,Add to Cart,2025-10-07 04:37:08
SES01251,USR01251,Mobile,North,Google Ads,Home,2,Add to Cart,2025-10-28 21:49:21
SES01252,USR01252,Desktop,South,Google Ads,Beauty,2,Add to Cart,2025-10-08 23:14:50
SES01253,USR01253,Tablet,South,Google Ads,Beauty,1,Browse,2025-10-19 06:34:56
SES01254,USR01254,Mobile,East,Google Ads,Electronics,3,Checkout,2025-10-28 07:08:39
SES01255,USR01255,Desktop,East,Social Media,Beauty,1,Browse,2025-10-30 08:10:39
SES01256,USR01256,Desktop,South,Organic,Fashion,3,Checkout,2025-10-26 03:12:13
SES01257,USR01257,Mobile,West,Google Ads,Sports,4,Purchase,2025-10-14 23:13:16
SES01258,USR01258,Tablet,North,Organic,Fashion,4,Purchase,2025-10-16 08:35:49
SES01259,USR01259,Mobile,East,Google Ads,Electronics,2,Add to Cart,2025-10-03 03:15:53
SES01260,USR01260,Mobile,South,Organic,Home,3,Checkout,2025-10-16 00:58:14
SES01261,USR01261,Desktop,North,Email,Electronics,3,Checkout,2025-10-23 14:41:24
SES01262,USR01262,Mobile,East,Google Ads,Electronics,3,Checkout,2025-10-08 10:28:38
SES01263,USR01263,Desktop,East,Social Media,Beauty,3,Checkout,2025-10-20 13:37:17
SES01264,USR01264,Mobile,East,Email,Electronics,2,Add to Cart,2025-10-14 16:15:24
SES01265,USR01265,Desktop,East,Social Media,Beauty,1,Browse,2025-10-03 06:21:34
SES01266,USR01266,Mobile,East,Organic,Sports,2,Add to Cart,2025-10-08 11:45:51
SES01267,USR01267,Desktop,West,Google Ads,Fashion,3,Checkout,2025-10-07 02:34:37
SES01268,USR01268,Mobile,East,Organic,Sports,4,Purchase,2025-10-25 11:32:48
SES01269,USR01269,Mobile,North,Email,Electronics,2,Add to Cart,2025-10-08 14:54:11
SES01270,USR01270,Desktop,West,Social Media,Fashion,2,Add to Cart,2025-10-07 17:35:29
SES01271,USR01271,Tablet,East,Google Ads,Beauty,3,Checkout,2025-10-26 18:12:11
SES01272,USR01272,Desktop,South,Google Ads,Sports,2,Add to Cart,2025-10-19 23:09:53
SES01273,USR01273,Desktop,West,Google Ads,Home,3,Checkout,2025-10-24 11:26:17
SES01274,USR01274,Desktop,North,Social Media,Fashion,2,Add to Cart,2025-10-06 14:34:33
SES01275,USR01275,Desktop,South,Organic,Beauty,3,Checkout,2025-10-29 03:41:27
SES01276,USR01276,Desktop,East,Email,Fashion,3,Checkout,2025-10-19 14:25:37
SES01277,USR01277,Mobile,North,Social Media,Home,2,Add to Cart,2025-10-19 10:25:13
SES01278,USR01278,Mobile,West,Email,Fashion,1,Browse,2025-10-19 16:34:38
SES01279,USR01279,Desktop,East,Organic,Electronics,1,Browse,2025-10-29 03:45:08
SES01280,USR01280,Tablet,West,Organic,Beauty,3,Checkout,2025-10-06 20:45:39
SES01281,USR01281,Tablet,South,Google Ads,Beauty,1,Browse,2025-10-11 20:59:21
SES01282,USR01282,Desktop,South,Email,Fashion,1,Browse,2025-10-08 07:08:12
SES01283,USR01283,Desktop,West,Organic,Electronics,1,Browse,2025-10-30 18:34:50
SES01284,USR01284,Tablet,East,Email,Home,1,Browse,2025-10-09 19:23:48
SES01285,USR01285,Desktop,West,Google Ads,Home,1,Browse,2025-10-19 22:49:44
SES01286,USR01286,Tablet,South,Organic,Beauty,2,Add to Cart,2025-10-21 08:13:48
SES01287,USR01287,Mobile,West,Organic,Beauty,2,Add to Cart,2025-10-29 10:14:01
SES01288,USR01288,Desktop,East,Organic,Fashion,2,Add to Cart,2025-10-25 06:10:41
SES01289,USR01289,Mobile,East,Organic,Beauty,2,Add to Cart,2025-10-18 03:20:37
SES01290,USR01290,Mobile,West,Organic,Fashion,1,Browse,2025-10-10 18:55:34
SES01291,USR01291,Mobile,South,Social Media,Fashion,3,Checkout,2025-10-05 03:49:44
SES01292,USR01292,Tablet,West,Google Ads,Sports,1,Browse,2025-10-12 00:23:53
SES01293,USR01293,Desktop,East,Google Ads,Sports,4,Purchase,2025-10-27 11:34:40
SES01294,USR01294,Desktop,West,Email,Sports,2,Add to Cart,2025-10-28 20:48:30
SES01295,USR01295,Mobile,North,Email,Sports,1,Browse,2025-10-12 22:29:38
SES01296,USR01296,Tablet,South,Email,Beauty,1,Browse,2025-10-07 02:37:16
SES01297,USR01297,Desktop,West,Social Media,Fashion,2,Add to Cart,2025-10-19 23:59:05
SES01298,USR01298,Mobile,South,Organic,Sports,2,Add to Cart,2025-10-14 11:03:53
SES01299,USR01299,Mobile,South,Google Ads,Fashion,4,Purchase,2025-10-16 08:42:26
SES01300,USR01300,Mobile,North,Social Media,Sports,2,Add to Cart,2025-10-25 08:43:55
SES01301,USR01301,Desktop,West,Social Media,Sports,1,Browse,2025-10-15 01:43:25
SES01302,USR01302,Tablet,South,Email,Electronics,2,Add to Cart,2025-10-09 03:14:19
SES01303,USR01303,Tablet,South,Social Media,Beauty,2,Add to Cart,2025-10-16 06:56:44
SES01304,USR01304,Tablet,East,Email,Fashion,1,Browse,2025-10-26 13:03:57
SES01305,USR01305,Mobile,South,Google Ads,Fashion,3,Checkout,2025-10-23 18:38:35
SES01306,USR01306,Mobile,South,Google Ads,Beauty,3,Checkout,2025-10-04 10:39:36
SES01307,USR01307,Desktop,West,Social Media,Beauty,2,Add to Cart,2025-10-18 06:39:32
SES01308,USR01308,Mobile,South,Google Ads,Sports,2,Add to Cart,2025-10-07 11:10:42
SES01309,USR01309,Mobile,South,Google Ads,Fashion,2,Add to Cart,2025-10-30 07:56:59
SES01310,USR01310,Mobile,North,Email,Beauty,2,Add to Cart,2025-10-25 06:44:06
SES01311,USR01311,Mobile,East,Google Ads,Sports,3,Checkout,2025-10-11 13:51:21
SES01312,USR01312,Tablet,South,Organic,Fashion,2,Add to Cart,2025-10-23 13:04:43
SES01313,USR01313,Tablet,South,Organic,Beauty,2,Add to Cart,2025-10-05 23:10:37
SES01314,USR01314,Desktop,West,Google Ads,Sports,2,Add to Cart,2025-10-19 01:34:16
SES01315,USR01315,Tablet,North,Google Ads,Beauty,1,Browse,2025-10-04 00:40:16
SES01316,USR01316,Tablet,South,Social Media,Fashion,1,Browse,2025-10-14 00:52:56
SES01317,USR01317,Mobile,East,Email,Sports,2,Add to Cart,2025-10-07 22:47:05
SES01318,USR01318,Mobile,South,Google Ads,Beauty,1,Browse,2025-10-29 15:47:07
SES01319,USR01319,Tablet,West,Email,Home,2,Add to Cart,2025-10-29 07:22:44
SES01320,USR01320,Tablet,North,Social Media,Fashion,2,Add to Cart,2025-10-29 10:34:01
SES01321,USR01321,Tablet,East,Social Media,Beauty,1,Browse,2025-10-03 04:54:41
SES01322,USR01322,Mobile,West,Organic,Home,1,Browse,2025-10-27 09:25:03
SES01323,USR01323,Mobile,South,Organic,Electronics,2,Add to Cart,2025-10-12 15:35:09
SES01324,USR01324,Mobile,South,Email,Beauty,1,Browse,2025-10-15 01:24:12
SES01325,USR01325,Desktop,West,Email,Sports,1,Browse,2025-10-23 04:31:05
SES01326,USR01326,Mobile,South,Organic,Home,3,Checkout,2025-10-06 03:26:19
SES01327,USR01327,Mobile,East,Organic,Sports,1,Browse,2025-10-19 21:15:05
SES01328,USR01328,Desktop,North,Organic,Sports,4,Purchase,2025-10-05 21:40:36
SES01329,USR01329,Desktop,East,Email,Sports,1,Browse,2025-10-16 19:20:01
SES01330,USR01330,Desktop,South,Google Ads,Home,3,Checkout,2025-10-26 20:29:04
SES01331,USR01331,Tablet,South,Organic,Home,3,Checkout,2025-10-05 07:39:33
SES01332,USR01332,Mobile,South,Email,Fashion,3,Checkout,2025-10-30 11:50:32
SES01333,USR01333,Tablet,North,Google Ads,Fashion,4,Purchase,2025-10-31 09:50:57
SES01334,USR01334,Tablet,South,Email,Sports,1,Browse,2025-10-09 10:22:44
SES01335,USR01335,Tablet,South,Google Ads,Sports,3,Checkout,2025-10-28 21:39:30
SES01336,USR01336,Mobile,South,Google Ads,Beauty,3,Checkout,2025-10-17 11:36:59
SES01337,USR01337,Mobile,West,Social Media,Beauty,2,Add to Cart,2025-10-17 08:32:47
SES01338,USR01338,Desktop,West,Organic,Home,3,Checkout,2025-10-03 12:09:16
SES01339,USR01339,Mobile,West,Google Ads,Sports,3,Checkout,2025-10-06 18:13:00
SES01340,USR01340,Desktop,East,Organic,Electronics,1,Browse,2025-10-04 07:23:49
SES01341,USR01341,Desktop,North,Organic,Beauty,2,Add to Cart,2025-10-22 11:04:38
SES01342,USR01342,Tablet,North,Organic,Sports,1,Browse,2025-10-03 01:34:35
SES01343,USR01343,Desktop,North,Social Media,Sports,2,Add to Cart,2025-10-16 05:48:45
SES01344,USR01344,Tablet,North,Email,Home,1,Browse,2025-10-14 04:54:03
SES01345,USR01345,Desktop,North,Social Media,Electronics,1,Browse,2025-10-22 02:37:55
SES01346,USR01346,Tablet,East,Social Media,Fashion,1,Browse,2025-10-29 17:44:08
SES01347,USR01347,Tablet,South,Organic,Beauty,3,Checkout,2025-10-17 06:47:57
SES01348,USR01348,Desktop,West,Email,Sports,2,Add to Cart,2025-10-05 16:59:03
SES01349,USR01349,Desktop,West,Google Ads,Sports,1,Browse,2025-10-17 10:18:51
SES01350,USR01350,Mobile,South,Social Media,Fashion,2,Add to Cart,2025-10-30 17:35:34
SES01351,USR01351,Desktop,East,Social Media,Sports,3,Checkout,2025-10-28 23:54:13
SES01352,USR01352,Tablet,North,Email,Beauty,3,Checkout,2025-10-07 16:20:53
SES01353,USR01353,Desktop,East,Google Ads,Sports,2,Add to Cart,2025-10-18 11:04:23
SES01354,USR01354,Tablet,South,Email,Electronics,1,Browse,2025-10-11 21:39:06
SES01355,USR01355,Mobile,West,Email,Home,1,Browse,2025-10-21 12:27:59
SES01356,USR01356,Desktop,East,Organic,Beauty,2,Add to Cart,2025-10-12 11:41:17
SES01357,USR01357,Desktop,North,Organic,Sports,1,Browse,2025-10-16 12:27:36
SES01358,USR01358,Desktop,South,Email,Beauty,3,Checkout,2025-10-15 16:18:25
SES01359,USR01359,Tablet,South,Social Media,Sports,2,Add to Cart,2025-10-19 05:42:45
SES01360,USR01360,Mobile,South,Google Ads,Fashion,1,Browse,2025-10-21 13:13:07
SES01361,USR01361,Desktop,North,Social Media,Sports,2,Add to Cart,2025-10-07 07:54:02
SES01362,USR01362,Tablet,West,Organic,Sports,3,Checkout,2025-10-27 19:26:25
SES01363,USR01363,Desktop,North,Google Ads,Fashion,3,Checkout,2025-10-27 19:17:44
SES01364,USR01364,Tablet,North,Organic,Fashion,2,Add to Cart,2025-10-22 03:30:44
SES01365,USR01365,Mobile,South,Social Media,Electronics,4,Purchase,2025-10-20 15:14:42
SES01366,USR01366,Desktop,West,Email,Sports,3,Checkout,2025-10-23 22:27:10
SES01367,USR01367,Tablet,South,Organic,Home,1,Browse,2025-10-07 23:06:35
SES01368,USR01368,Desktop,West,Social Media,Electronics,2,Add to Cart,2025-10-04 17:18:58
SES01369,USR01369,Mobile,South,Email,Fashion,3,Checkout,2025-10-28 07:06:19
SES01370,USR01370,Desktop,East,Google Ads,Fashion,2,Add to Cart,2025-10-23 01:44:57
SES01371,USR01371,Desktop,North,Google Ads,Beauty,3,Checkout,2025-10-05 03:08:06
SES01372,USR01372,Mobile,East,Organic,Electronics,2,Add to Cart,2025-10-25 21:27:01
SES01373,USR01373,Mobile,South,Email,Sports,2,Add to Cart,2025-10-05 10:50:10
SES01374,USR01374,Mobile,West,Social Media,Beauty,2,Add to Cart,2025-10-10 21:04:06
SES01375,USR01375,Tablet,North,Google Ads,Electronics,2,Add to Cart,2025-10-21 07:59:17
SES01376,USR01376,Mobile,West,Email,Fashion,2,Add to Cart,2025-10-20 11:30:48
SES01377,USR01377,Mobile,West,Organic,Beauty,1,Browse,2025-10-02 05:42:25
SES01378,USR01378,Mobile,South,Email,Sports,2,Add to Cart,2025-10-13 08:19:42
SES01379,USR01379,Tablet,South,Organic,Electronics,2,Add to Cart,2025-10-02 08:44:53
SES01380,USR01380,Tablet,North,Organic,Sports,3,Checkout,2025-10-28 01:36:11
SES01381,USR01381,Tablet,North,Social Media,Electronics,2,Add to Cart,2025-10-13 20:31:27
SES01382,USR01382,Tablet,East,Social Media,Fashion,4,Purchase,2025-10-16 06:03:05
SES01383,USR01383,Mobile,South,Email,Beauty,3,Checkout,2025-10-07 23:20:47
SES01384,USR01384,Tablet,East,Organic,Beauty,1,Browse,2025-10-02 13:32:35
SES01385,USR01385,Tablet,North,Google Ads,Fashion,3,Checkout,2025-10-25 20:20:17
SES01386,USR01386,Tablet,South,Google Ads,Home,1,Browse,2025-10-17 13:02:09
SES01387,USR01387,Desktop,West,Google Ads,Fashion,1,Browse,2025-10-29 03:27:28
SES01388,USR01388,Tablet,North,Social Media,Home,4,Purchase,2025-10-08 18:07:03
SES01389,USR01389,Desktop,South,Google Ads,Beauty,3,Checkout,2025-10-07 00:55:57
SES01390,USR01390,Tablet,North,Email,Fashion,4,Purchase,2025-10-14 01:09:27
SES01391,USR01391,Desktop,North,Organic,Home,2,Add to Cart,2025-10-28 04:26:59
SES01392,USR01392,Tablet,North,Email,Fashion,1,Browse,2025-10-27 09:46:49
SES01393,USR01393,Mobile,South,Organic,Beauty,1,Browse,2025-10-30 06:13:58
SES01394,USR01394,Tablet,East,Email,Sports,4,Purchase,2025-10-27 04:50:56
SES01395,USR01395,Desktop,North,Organic,Home,2,Add to Cart,2025-10-15 10:47:03
SES01396,USR01396,Mobile,West,Email,Home,3,Checkout,2025-10-01 20:50:43
SES01397,USR01397,Desktop,West,Google Ads,Home,4,Purchase,2025-10-05 06:10:28
SES01398,USR01398,Desktop,West,Email,Home,3,Checkout,2025-10-31 00:32:49
SES01399,USR01399,Tablet,West,Organic,Beauty,2,Add to Cart,2025-10-14 15:36:12
SES01400,USR01400,Tablet,North,Social Media,Beauty,3,Checkout,2025-10-15 00:06:07
SES01401,USR01401,Desktop,East,Google Ads,Beauty,2,Add to Cart,2025-10-17 17:33:29
SES01402,USR01402,Tablet,South,Organic,Fashion,1,Browse,2025-10-28 11:32:25
SES01403,USR01403,Desktop,West,Email,Electronics,4,Purchase,2025-10-17 17:24:14
SES01404,USR01404,Desktop,North,Social Media,Sports,2,Add to Cart,2025-10-24 11:38:05
SES01405,USR01405,Tablet,East,Organic,Sports,3,Checkout,2025-10-26 13:23:32
SES01406,USR01406,Desktop,East,Organic,Sports,1,Browse,2025-10-16 16:02:13
SES01407,USR01407,Mobile,North,Social Media,Electronics,1,Browse,2025-10-17 03:30:05
SES01408,USR01408,Desktop,South,Organic,Home,3,Checkout,2025-10-26 00:52:38
SES01409,USR01409,Desktop,South,Google Ads,Beauty,3,Checkout,2025-10-24 11:53:12
SES01410,USR01410,Mobile,South,Email,Fashion,2,Add to Cart,2025-10-08 21:49:19
SES01411,USR01411,Tablet,West,Google Ads,Home,3,Checkout,2025-10-18 14:59:46
SES01412,USR01412,Mobile,North,Social Media,Fashion,1,Browse,2025-10-20 09:34:41
SES01413,USR01413,Desktop,South,Organic,Sports,1,Browse,2025-10-21 01:18:57
SES01414,USR01414,Mobile,East,Organic,Fashion,3,Checkout,2025-10-25 08:40:00
SES01415,USR01415,Mobile,South,Social Media,Electronics,1,Browse,2025-10-04 12:45:58
SES01416,USR01416,Tablet,South,Organic,Electronics,3,Checkout,2025-10-13 12:26:07
SES01417,USR01417,Desktop,West,Email,Sports,1,Browse,2025-10-10 17:10:07
SES01418,USR01418,Mobile,East,Organic,Sports,3,Checkout,2025-10-05 03:05:15
SES01419,USR01419,Tablet,North,Organic,Home,2,Add to Cart,2025-10-10 14:16:15
SES01420,USR01420,Mobile,North,Google Ads,Home,2,Add to Cart,2025-10-22 07:23:05
SES01421,USR01421,Mobile,West,Organic,Home,2,Add to Cart,2025-10-05 21:24:26
SES01422,USR01422,Mobile,East,Email,Sports,1,Browse,2025-10-10 03:15:38
SES01423,USR01423,Tablet,North,Social Media,Home,2,Add to Cart,2025-10-09 06:19:01
SES01424,USR01424,Mobile,West,Google Ads,Beauty,2,Add to Cart,2025-10-20 00:13:16
SES01425,USR01425,Mobile,East,Social Media,Sports,1,Browse,2025-10-05 08:47:04
SES01426,USR01426,Desktop,East,Google Ads,Sports,4,Purchase,2025-10-24 06:45:36
SES01427,USR01427,Desktop,North,Social Media,Electronics,3,Checkout,2025-10-13 15:48:20
SES01428,USR01428,Mobile,East,Social Media,Electronics,1,Browse,2025-10-15 05:12:32
SES01429,USR01429,Desktop,North,Email,Electronics,1,Browse,2025-10-10 22:10:40
SES01430,USR01430,Tablet,East,Email,Beauty,4,Purchase,2025-10-21 09:43:20
SES01431,USR01431,Desktop,South,Organic,Home,1,Browse,2025-10-05 13:34:02
SES01432,USR01432,Mobile,North,Email,Fashion,3,Checkout,2025-10-21 12:33:50
SES01433,USR01433,Tablet,South,Organic,Home,2,Add to Cart,2025-10-30 11:31:13
SES01434,USR01434,Mobile,West,Google Ads,Sports,2,Add to Cart,2025-10-09 19:49:36
SES01435,USR01435,Mobile,West,Email,Fashion,1,Browse,2025-10-16 09:11:39
SES01436,USR01436,Tablet,North,Social Media,Electronics,2,Add to Cart,2025-10-10 02:34:22
SES01437,USR01437,Tablet,East,Email,Fashion,3,Checkout,2025-10-05 06:14:39
SES01438,USR01438,Tablet,South,Organic,Beauty,4,Purchase,2025-10-30 10:22:32
SES01439,USR01439,Desktop,East,Google Ads,Fashion,3,Checkout,2025-10-05 23:52:15
SES01440,USR01440,Desktop,South,Email,Fashion,4,Purchase,2025-10-05 02:22:11
SES01441,USR01441,Desktop,South,Social Media,Home,4,Purchase,2025-10-27 20:08:28
SES01442,USR01442,Tablet,West,Google Ads,Home,1,Browse,2025-10-29 07:23:21
SES01443,USR01443,Desktop,North,Organic,Beauty,2,Add to Cart,2025-10-05 18:21:03
SES01444,USR01444,Desktop,South,Social Media,Electronics,2,Add to Cart,2025-10-17 20:00:01
SES01445,USR01445,Tablet,South,Google Ads,Sports,3,Checkout,2025-10-18 04:19:09
SES01446,USR01446,Desktop,West,Google Ads,Sports,1,Browse,2025-10-22 17:11:18
SES01447,USR01447,Tablet,East,Social Media,Beauty,2,Add to Cart,2025-10-02 15:49:18
SES01448,USR01448,Desktop,West,Google Ads,Home,1,Browse,2025-10-17 02:04:18
SES01449,USR01449,Tablet,West,Email,Beauty,3,Checkout,2025-10-13 15:47:59
SES01450,USR01450,Tablet,North,Google Ads,Home,2,Add to Cart,2025-10-20 01:21:17
SES01451,USR01451,Tablet,West,Social Media,Sports,2,Add to Cart,2025-10-17 09:12:21
SES01452,USR01452,Tablet,East,Social Media,Home,4,Purchase,2025-10-26 00:15:11
SES01453,USR01453,Tablet,West,Organic,Electronics,1,Browse,2025-10-05 16:34:42
SES01454,USR01454,Mobile,South,Social Media,Beauty,3,Checkout,2025-10-25 16:33:42
SES01455,USR01455,Mobile,South,Email,Beauty,1,Browse,2025-10-08 00:09:54
SES01456,USR01456,Desktop,West,Google Ads,Electronics,2,Add to Cart,2025-10-06 19:49:10
SES01457,USR01457,Tablet,North,Google Ads,Beauty,1,Browse,2025-10-27 09:36:38
SES01458,USR01458,Mobile,South,Organic,Electronics,2,Add to Cart,2025-10-26 03:12:53
SES01459,USR01459,Desktop,East,Organic,Electronics,1,Browse,2025-10-13 14:01:13
SES01460,USR01460,Mobile,East,Organic,Fashion,4,Purchase,2025-10-26 05:35:30
SES01461,USR01461,Tablet,North,Organic,Home,2,Add to Cart,2025-10-27 16:40:08
SES01462,USR01462,Desktop,North,Google Ads,Sports,2,Add to Cart,2025-10-05 22:28:24
SES01463,USR01463,Desktop,North,Social Media,Home,1,Browse,2025-10-20 00:02:57
SES01464,USR01464,Desktop,West,Google Ads,Home,1,Browse,2025-10-22 16:04:42
SES01465,USR01465,Mobile,North,Email,Electronics,1,Browse,2025-10-03 06:49:19
SES01466,USR01466,Desktop,East,Google Ads,Home,3,Checkout,2025-10-13 09:01:20
SES01467,USR01467,Mobile,North,Organic,Beauty,1,Browse,2025-10-27 09:03:49
SES01468,USR01468,Tablet,South,Social Media,Home,3,Checkout,2025-10-10 16:41:31
SES01469,USR01469,Tablet,South,Social Media,Beauty,3,Checkout,2025-10-22 07:14:23
SES01470,USR01470,Desktop,East,Google Ads,Electronics,4,Purchase,2025-10-20 19:31:56
SES01471,USR01471,Mobile,East,Email,Sports,1,Browse,2025-10-05 04:07:07
SES01472,USR01472,Tablet,West,Organic,Sports,4,Purchase,2025-10-24 19:03:28
SES01473,USR01473,Mobile,North,Google Ads,Sports,1,Browse,2025-10-30 11:05:52
SES01474,USR01474,Tablet,West,Organic,Sports,1,Browse,2025-10-18 10:44:35
SES01475,USR01475,Desktop,East,Google Ads,Sports,2,Add to Cart,2025-10-04 18:33:04
SES01476,USR01476,Mobile,West,Email,Home,2,Add to Cart,2025-10-07 13:11:58
SES01477,USR01477,Mobile,West,Google Ads,Fashion,3,Checkout,2025-10-02 00:27:17
SES01478,USR01478,Mobile,North,Email,Electronics,3,Checkout,2025-10-21 13:09:45
SES01479,USR01479,Tablet,West,Organic,Electronics,2,Add to Cart,2025-10-22 09:26:57
SES01480,USR01480,Tablet,East,Organic,Home,1,Browse,2025-10-28 04:03:28
SES01481,USR01481,Mobile,South,Email,Electronics,3,Checkout,2025-10-21 16:05:36
SES01482,USR01482,Mobile,South,Social Media,Sports,3,Checkout,2025-10-13 07:04:42
SES01483,USR01483,Tablet,South,Social Media,Home,4,Purchase,2025-10-18 06:33:34
SES01484,USR01484,Mobile,South,Google Ads,Fashion,1,Browse,2025-10-05 10:52:32
SES01485,USR01485,Desktop,East,Social Media,Home,2,Add to Cart,2025-10-03 09:23:28
SES01486,USR01486,Mobile,West,Social Media,Sports,4,Purchase,2025-10-17 05:01:53
SES01487,USR01487,Tablet,South,Organic,Fashion,3,Checkout,2025-10-15 01:42:34
SES01488,USR01488,Tablet,East,Organic,Home,1,Browse,2025-10-04 10:56:57
SES01489,USR01489,Mobile,South,Social Media,Fashion,4,Purchase,2025-10-18 23:30:46
SES01490,USR01490,Desktop,West,Organic,Home,3,Checkout,2025-10-14 05:11:18
SES01491,USR01491,Mobile,West,Organic,Sports,2,Add to Cart,2025-10-02 08:55:13
SES01492,USR01492,Tablet,South,Email,Electronics,1,Browse,2025-10-22 13:04:42
SES01493,USR01493,Tablet,South,Email,Fashion,3,Checkout,2025-10-07 15:32:23
SES01494,USR01494,Tablet,North,Google Ads,Sports,1,Browse,2025-10-15 15:18:46
SES01495,USR01495,Desktop,East,Google Ads,Fashion,4,Purchase,2025-10-21 22:37:22
SES01496,USR01496,Tablet,South,Google Ads,Home,4,Purchase,2025-10-30 22:13:33
SES01497,USR01497,Tablet,South,Email,Electronics,1,Browse,2025-10-31 14:23:50
SES01498,USR01498,Mobile,East,Email,Home,3,Checkout,2025-10-12 06:30:42
SES01499,USR01499,Tablet,North,Social Media,Beauty,3,Checkout,2025-10-18 13:39:22
SES01500,USR01500,Desktop,South,Email,Fashion,3,Checkout,2025-10-22 19:26:02
SES01501,USR01501,Tablet,North,Google Ads,Fashion,2,Add to Cart,2025-10-28 17:03:06
SES01502,USR01502,Tablet,South,Email,Electronics,3,Checkout,2025-10-19 00:57:04
SES01503,USR01503,Mobile,West,Google Ads,Electronics,1,Browse,2025-10-15 15:41:33
SES01504,USR01504,Mobile,West,Organic,Sports,2,Add to Cart,2025-10-19 01:07:42
SES01505,USR01505,Desktop,North,Email,Fashion,2,Add to Cart,2025-10-12 13:38:53
SES01506,USR01506,Desktop,West,Google Ads,Fashion,1,Browse,2025-10-11 23:38:26
SES01507,USR01507,Desktop,East,Social Media,Electronics,2,Add to Cart,2025-10-14 14:05:23
SES01508,USR01508,Tablet,East,Google Ads,Fashion,4,Purchase,2025-10-30 07:17:56
SES01509,USR01509,Desktop,North,Email,Sports,3,Checkout,2025-10-19 13:10:27
SES01510,USR01510,Tablet,West,Organic,Fashion,2,Add to Cart,2025-10-02 18:41:58
SES01511,USR01511,Mobile,West,Social Media,Sports,3,Checkout,2025-10-26 16:53:57
SES01512,USR01512,Mobile,South,Email,Electronics,2,Add to Cart,2025-10-25 01:45:18
SES01513,USR01513,Desktop,South,Google Ads,Home,4,Purchase,2025-10-15 07:58:31
SES01514,USR01514,Mobile,North,Organic,Sports,2,Add to Cart,2025-10-06 07:05:36
SES01515,USR01515,Desktop,East,Organic,Sports,3,Checkout,2025-10-30 18:23:12
SES01516,USR01516,Mobile,South,Email,Electronics,1,Browse,2025-10-13 02:45:11
SES01517,USR01517,Desktop,North,Email,Home,2,Add to Cart,2025-10-09 05:12:23
SES01518,USR01518,Tablet,South,Social Media,Fashion,1,Browse,2025-10-17 20:17:51
SES01519,USR01519,Mobile,West,Social Media,Home,3,Checkout,2025-10-14 08:49:06
SES01520,USR01520,Mobile,North,Google Ads,Electronics,1,Browse,2025-10-23 12:42:06
SES01521,USR01521,Tablet,South,Social Media,Sports,4,Purchase,2025-10-03 07:41:02
SES01522,USR01522,Tablet,North,Email,Beauty,1,Browse,2025-10-13 19:20:43
SES01523,USR01523,Tablet,East,Google Ads,Fashion,1,Browse,2025-10-26 18:21:35
SES01524,USR01524,Tablet,East,Email,Sports,3,Checkout,2025-10-17 04:43:50
SES01525,USR01525,Tablet,North,Google Ads,Sports,2,Add to Cart,2025-10-13 00:52:02
SES01526,USR01526,Mobile,West,Google Ads,Electronics,1,Browse,2025-10-24 22:04:25
SES01527,USR01527,Mobile,East,Organic,Electronics,1,Browse,2025-10-21 22:07:07
SES01528,USR01528,Desktop,West,Email,Electronics,3,Checkout,2025-10-08 09:27:34
SES01529,USR01529,Desktop,East,Email,Fashion,1,Browse,2025-10-21 03:25:39
SES01530,USR01530,Tablet,South,Organic,Sports,4,Purchase,2025-10-25 16:44:29
SES01531,USR01531,Mobile,East,Email,Home,1,Browse,2025-10-25 06:45:05
SES01532,USR01532,Mobile,West,Social Media,Home,2,Add to Cart,2025-10-10 06:36:17
SES01533,USR01533,Mobile,East,Organic,Fashion,3,Checkout,2025-10-24 18:01:07
SES01534,USR01534,Tablet,West,Google Ads,Home,1,Browse,2025-10-20 09:21:01
SES01535,USR01535,Desktop,South,Email,Fashion,3,Checkout,2025-10-02 12:39:21
SES01536,USR01536,Desktop,North,Social Media,Beauty,1,Browse,2025-10-15 08:50:27
SES01537,USR01537,Tablet,East,Organic,Home,2,Add to Cart,2025-10-25 21:25:49
SES01538,USR01538,Desktop,West,Social Media,Beauty,2,Add to Cart,2025-10-20 14:31:40
SES01539,USR01539,Desktop,North,Google Ads,Fashion,1,Browse,2025-10-29 21:51:38
SES01540,USR01540,Desktop,North,Email,Fashion,4,Purchase,2025-10-09 01:26:25
SES01541,USR01541,Desktop,West,Google Ads,Beauty,3,Checkout,2025-10-24 22:16:15
SES01542,USR01542,Tablet,East,Email,Electronics,3,Checkout,2025-10-22 15:45:16
SES01543,USR01543,Tablet,West,Google Ads,Electronics,2,Add to Cart,2025-10-04 03:49:10
SES01544,USR01544,Mobile,North,Organic,Home,3,Checkout,2025-10-25 05:33:23
SES01545,USR01545,Desktop,East,Organic,Home,2,Add to Cart,2025-10-26 16:54:58
SES01546,USR01546,Desktop,North,Email,Fashion,2,Add to Cart,2025-10-07 23:11:56
SES01547,USR01547,Mobile,North,Organic,Beauty,2,Add to Cart,2025-10-03 02:02:43
SES01548,USR01548,Mobile,South,Email,Sports,4,Purchase,2025-10-07 00:02:09
SES01549,USR01549,Mobile,East,Organic,Home,2,Add to Cart,2025-10-30 23:21:43
SES01550,USR01550,Desktop,South,Social Media,Electronics,2,Add to Cart,2025-10-15 21:41:38
SES01551,USR01551,Tablet,East,Social Media,Electronics,3,Checkout,2025-10-24 18:30:57
SES01552,USR01552,Desktop,North,Organic,Fashion,1,Browse,2025-10-08 21:56:40
SES01553,USR01553,Desktop,West,Social Media,Home,1,Browse,2025-10-03 21:52:26
SES01554,USR01554,Mobile,West,Google Ads,Electronics,1,Browse,2025-10-09 08:35:58
SES01555,USR01555,Tablet,North,Social Media,Home,2,Add to Cart,2025-10-16 07:48:29
SES01556,USR01556,Mobile,East,Email,Home,3,Checkout,2025-10-11 08:50:28
SES01557,USR01557,Tablet,East,Social Media,Electronics,4,Purchase,2025-10-08 10:42:07
SES01558,USR01558,Desktop,South,Google Ads,Electronics,1,Browse,2025-10-19 06:19:07
SES01559,USR01559,Mobile,South,Email,Beauty,1,Browse,2025-10-02 19:06:12
SES01560,USR01560,Desktop,North,Organic,Fashion,2,Add to Cart,2025-10-15 02:22:15
SES01561,USR01561,Tablet,East,Organic,Sports,1,Browse,2025-10-21 21:23:41
SES01562,USR01562,Mobile,West,Social Media,Fashion,3,Checkout,2025-10-10 07:19:12
SES01563,USR01563,Tablet,East,Google Ads,Electronics,2,Add to Cart,2025-10-02 16:05:25
SES01564,USR01564,Desktop,East,Email,Fashion,1,Browse,2025-10-27 16:36:02
SES01565,USR01565,Desktop,North,Social Media,Electronics,4,Purchase,2025-10-13 13:30:15
SES01566,USR01566,Tablet,North,Organic,Fashion,2,Add to Cart,2025-10-02 03:33:12
SES01567,USR01567,Desktop,West,Google Ads,Beauty,1,Browse,2025-10-25 03:06:07
SES01568,USR01568,Desktop,East,Email,Sports,1,Browse,2025-10-09 02:23:30
SES01569,USR01569,Mobile,North,Google Ads,Fashion,3,Checkout,2025-10-14 11:40:14
SES01570,USR01570,Tablet,East,Email,Electronics,2,Add to Cart,2025-10-07 14:43:37
SES01571,USR01571,Tablet,South,Social Media,Fashion,3,Checkout,2025-10-06 02:34:31
SES01572,USR01572,Desktop,North,Google Ads,Home,4,Purchase,2025-10-13 20:36:25
SES01573,USR01573,Mobile,West,Email,Beauty,2,Add to Cart,2025-10-17 20:50:32
SES01574,USR01574,Desktop,North,Social Media,Fashion,2,Add to Cart,2025-10-11 10:17:49
SES01575,USR01575,Mobile,West,Organic,Home,3,Checkout,2025-10-09 06:17:21
SES01576,USR01576,Mobile,West,Google Ads,Sports,3,Checkout,2025-10-13 11:04:53
SES01577,USR01577,Desktop,North,Social Media,Fashion,3,Checkout,2025-10-27 11:17:33
SES01578,USR01578,Tablet,West,Social Media,Electronics,1,Browse,2025-10-18 05:43:49
SES01579,USR01579,Mobile,North,Organic,Fashion,1,Browse,2025-10-28 08:25:10
SES01580,USR01580,Desktop,North,Google Ads,Electronics,2,Add to Cart,2025-10-21 22:51:51
SES01581,USR01581,Tablet,South,Social Media,Home,1,Browse,2025-10-27 13:59:32
SES01582,USR01582,Mobile,West,Organic,Sports,2,Add to Cart,2025-10-05 10:06:34
SES01583,USR01583,Tablet,North,Email,Electronics,2,Add to Cart,2025-10-07 07:25:21
SES01584,USR01584,Desktop,West,Email,Sports,4,Purchase,2025-10-21 01:17:44
SES01585,USR01585,Mobile,North,Organic,Fashion,4,Purchase,2025-10-22 07:50:56
SES01586,USR01586,Desktop,North,Social Media,Fashion,1,Browse,2025-10-19 05:56:03
SES01587,USR01587,Desktop,West,Social Media,Fashion,1,Browse,2025-10-01 20:07:04
SES01588,USR01588,Desktop,East,Email,Electronics,2,Add to Cart,2025-10-26 09:45:01
SES01589,USR01589,Desktop,East,Google Ads,Sports,1,Browse,2025-10-29 04:45:05
SES01590,USR01590,Tablet,North,Organic,Fashion,3,Checkout,2025-10-16 05:25:50
SES01591,USR01591,Mobile,West,Social Media,Home,2,Add to Cart,2025-10-21 22:09:13
SES01592,USR01592,Desktop,East,Email,Fashion,1,Browse,2025-10-19 00:59:10
SES01593,USR01593,Mobile,West,Organic,Beauty,3,Checkout,2025-10-30 00:10:06
SES01594,USR01594,Mobile,North,Organic,Home,4,Purchase,2025-10-15 00:00:41
SES01595,USR01595,Mobile,West,Organic,Electronics,4,Purchase,2025-10-04 12:09:55
SES01596,USR01596,Tablet,South,Email,Fashion,2,Add to Cart,2025-10-28 13:28:10
SES01597,USR01597,Mobile,North,Organic,Beauty,1,Browse,2025-10-15 22:54:42
SES01598,USR01598,Desktop,South,Google Ads,Sports,2,Add to Cart,2025-10-24 20:31:49
SES01599,USR01599,Mobile,South,Organic,Sports,4,Purchase,2025-10-03 05:05:16
SES01600,USR01600,Mobile,West,Email,Fashion,1,Browse,2025-10-13 12:07:34
SES01601,USR01601,Desktop,South,Organic,Fashion,1,Browse,2025-10-04 17:19:42
SES01602,USR01602,Desktop,South,Google Ads,Beauty,1,Browse,2025-10-15 06:47:39
SES01603,USR01603,Desktop,South,Social Media,Home,2,Add to Cart,2025-10-23 08:30:25
SES01604,USR01604,Desktop,South,Social Media,Electronics,2,Add to Cart,2025-10-19 20:50:01
SES01605,USR01605,Mobile,North,Google Ads,Home,4,Purchase,2025-10-09 02:23:17
SES01606,USR01606,Desktop,South,Email,Sports,1,Browse,2025-10-25 23:50:03
SES01607,USR01607,Mobile,North,Google Ads,Beauty,4,Purchase,2025-10-23 04:04:23
SES01608,USR01608,Tablet,North,Google Ads,Home,2,Add to Cart,2025-10-26 09:56:05
SES01609,USR01609,Mobile,North,Organic,Fashion,1,Browse,2025-10-18 15:54:50
SES01610,USR01610,Tablet,East,Organic,Electronics,2,Add to Cart,2025-10-05 14:33:23
SES01611,USR01611,Tablet,East,Email,Sports,2,Add to Cart,2025-10-15 21:32:40
SES01612,USR01612,Desktop,South,Organic,Beauty,1,Browse,2025-10-24 13:44:12
SES01613,USR01613,Desktop,North,Organic,Sports,3,Checkout,2025-10-18 20:35:15
SES01614,USR01614,Desktop,North,Google Ads,Sports,2,Add to Cart,2025-10-18 12:18:49
SES01615,USR01615,Desktop,East,Email,Beauty,3,Checkout,2025-10-23 12:14:57
SES01616,USR01616,Desktop,North,Social Media,Beauty,3,Checkout,2025-10-07 02:27:05
SES01617,USR01617,Mobile,North,Google Ads,Electronics,1,Browse,2025-10-02 04:11:40
SES01618,USR01618,Desktop,West,Email,Home,1,Browse,2025-10-21 18:15:50
SES01619,USR01619,Desktop,South,Organic,Electronics,3,Checkout,2025-10-14 08:03:33
SES01620,USR01620,Mobile,South,Social Media,Sports,3,Checkout,2025-10-28 11:57:45
SES01621,USR01621,Desktop,South,Social Media,Fashion,2,Add to Cart,2025-10-05 14:30:18
SES01622,USR01622,Mobile,East,Organic,Beauty,4,Purchase,2025-10-13 01:16:22
SES01623,USR01623,Desktop,South,Email,Home,1,Browse,2025-10-13 18:46:20
SES01624,USR01624,Desktop,East,Google Ads,Sports,1,Browse,2025-10-07 11:14:33
SES01625,USR01625,Desktop,East,Google Ads,Beauty,2,Add to Cart,2025-10-12 14:05:37
SES01626,USR01626,Tablet,North,Email,Fashion,1,Browse,2025-10-07 06:43:33
SES01627,USR01627,Desktop,North,Organic,Home,3,Checkout,2025-10-04 11:23:50
SES01628,USR01628,Desktop,North,Social Media,Fashion,2,Add to Cart,2025-10-13 21:45:21
SES01629,USR01629,Desktop,North,Google Ads,Electronics,1,Browse,2025-10-16 03:29:30
SES01630,USR01630,Tablet,East,Google Ads,Fashion,2,Add to Cart,2025-10-16 19:42:21
SES01631,USR01631,Desktop,East,Social Media,Fashion,1,Browse,2025-10-23 23:16:11
SES01632,USR01632,Mobile,East,Organic,Beauty,2,Add to Cart,2025-10-17 02:08:17
SES01633,USR01633,Desktop,North,Email,Sports,2,Add to Cart,2025-10-12 04:00:54
SES01634,USR01634,Desktop,East,Organic,Electronics,2,Add to Cart,2025-10-05 06:13:35
SES01635,USR01635,Mobile,South,Social Media,Home,4,Purchase,2025-10-18 17:08:35
SES01636,USR01636,Desktop,East,Google Ads,Beauty,1,Browse,2025-10-14 01:53:37
SES01637,USR01637,Tablet,South,Email,Sports,2,Add to Cart,2025-10-07 13:18:28
SES01638,USR01638,Desktop,East,Social Media,Fashion,1,Browse,2025-10-09 04:17:17
SES01639,USR01639,Mobile,West,Email,Electronics,2,Add to Cart,2025-10-30 00:47:30
SES01640,USR01640,Desktop,West,Google Ads,Home,3,Checkout,2025-10-27 16:25:46
SES01641,USR01641,Tablet,East,Organic,Sports,3,Checkout,2025-10-24 18:27:11
SES01642,USR01642,Desktop,East,Email,Sports,2,Add to Cart,2025-10-23 07:48:27
SES01643,USR01643,Mobile,West,Email,Home,4,Purchase,2025-10-17 16:03:40
SES01644,USR01644,Desktop,West,Google Ads,Sports,2,Add to Cart,2025-10-18 18:35:24
SES01645,USR01645,Tablet,East,Google Ads,Home,2,Add to Cart,2025-10-07 05:15:46
SES01646,USR01646,Desktop,South,Google Ads,Home,3,Checkout,2025-10-01 20:42:04
SES01647,USR01647,Tablet,East,Email,Home,1,Browse,2025-10-15 06:49:53
SES01648,USR01648,Desktop,North,Social Media,Electronics,2,Add to Cart,2025-10-20 17:00:10
SES01649,USR01649,Tablet,West,Email,Electronics,1,Browse,2025-10-02 05:09:41
SES01650,USR01650,Mobile,West,Google Ads,Fashion,2,Add to Cart,2025-10-04 21:46:00
SES01651,USR01651,Mobile,East,Email,Fashion,2,Add to Cart,2025-10-24 17:21:03
SES01652,USR01652,Mobile,West,Social Media,Sports,3,Checkout,2025-10-30 10:04:12
SES01653,USR01653,Tablet,North,Email,Beauty,4,Purchase,2025-10-21 16:21:02
SES01654,USR01654,Desktop,North,Social Media,Fashion,1,Browse,2025-10-10 03:30:57
SES01655,USR01655,Tablet,West,Email,Home,1,Browse,2025-10-08 05:32:50
SES01656,USR01656,Desktop,West,Social Media,Beauty,4,Purchase,2025-10-10 07:09:22
SES01657,USR01657,Tablet,North,Organic,Sports,3,Checkout,2025-10-06 01:28:51
SES01658,USR01658,Mobile,South,Organic,Electronics,3,Checkout,2025-10-17 02:43:46
SES01659,USR01659,Mobile,North,Organic,Electronics,2,Add to Cart,2025-10-27 14:50:02
SES01660,USR01660,Mobile,North,Organic,Sports,3,Checkout,2025-10-15 09:17:10
SES01661,USR01661,Tablet,South,Organic,Fashion,2,Add to Cart,2025-10-12 18:36:55
SES01662,USR01662,Desktop,East,Email,Home,3,Checkout,2025-10-11 06:29:14
SES01663,USR01663,Tablet,South,Social Media,Fashion,2,Add to Cart,2025-10-29 12:28:37
SES01664,USR01664,Desktop,South,Organic,Beauty,1,Browse,2025-10-28 22:36:34
SES01665,USR01665,Mobile,South,Social Media,Electronics,2,Add to Cart,2025-10-18 00:50:46
SES01666,USR01666,Tablet,North,Google Ads,Electronics,3,Checkout,2025-10-08 20:05:53
SES01667,USR01667,Desktop,South,Social Media,Fashion,1,Browse,2025-10-11 10:44:45
SES01668,USR01668,Mobile,South,Google Ads,Electronics,4,Purchase,2025-10-23 17:45:43
SES01669,USR01669,Mobile,South,Google Ads,Beauty,1,Browse,2025-10-27 19:42:58
SES01670,USR01670,Mobile,North,Google Ads,Sports,1,Browse,2025-10-09 15:47:44
SES01671,USR01671,Tablet,West,Organic,Fashion,3,Checkout,2025-10-04 19:05:56
SES01672,USR01672,Tablet,North,Organic,Fashion,3,Checkout,2025-10-16 13:07:51
SES01673,USR01673,Desktop,West,Google Ads,Beauty,1,Browse,2025-10-31 17:43:43
SES01674,USR01674,Tablet,South,Google Ads,Home,2,Add to Cart,2025-10-31 07:41:26
SES01675,USR01675,Mobile,South,Google Ads,Fashion,3,Checkout,2025-10-09 05:42:55
SES01676,USR01676,Mobile,South,Email,Electronics,3,Checkout,2025-10-27 20:13:39
SES01677,USR01677,Desktop,South,Social Media,Sports,1,Browse,2025-10-28 21:06:28
SES01678,USR01678,Tablet,North,Google Ads,Beauty,2,Add to Cart,2025-10-09 20:33:21
SES01679,USR01679,Desktop,West,Social Media,Home,1,Browse,2025-10-28 08:56:20
SES01680,USR01680,Mobile,West,Social Media,Home,2,Add to Cart,2025-10-10 20:38:11
SES01681,USR01681,Mobile,North,Email,Home,3,Checkout,2025-10-18 08:34:43
SES01682,USR01682,Mobile,West,Organic,Home,2,Add to Cart,2025-10-12 01:16:10
SES01683,USR01683,Mobile,East,Email,Sports,1,Browse,2025-10-28 18:13:04
SES01684,USR01684,Tablet,East,Email,Sports,2,Add to Cart,2025-10-14 14:06:03
SES01685,USR01685,Tablet,East,Social Media,Fashion,1,Browse,2025-10-19 12:26:24
SES01686,USR01686,Tablet,North,Organic,Home,1,Browse,2025-10-14 00:58:26
SES01687,USR01687,Desktop,South,Email,Fashion,1,Browse,2025-10-22 13:29:46
SES01688,USR01688,Desktop,West,Social Media,Electronics,1,Browse,2025-10-17 23:29:42
SES01689,USR01689,Tablet,South,Social Media,Fashion,1,Browse,2025-10-02 02:57:54
SES01690,USR01690,Desktop,East,Email,Beauty,1,Browse,2025-10-28 19:46:43
SES01691,USR01691,Desktop,North,Social Media,Sports,3,Checkout,2025-10-20 09:21:56
SES01692,USR01692,Mobile,East,Email,Sports,3,Checkout,2025-10-07 02:29:25
SES01693,USR01693,Tablet,North,Google Ads,Beauty,4,Purchase,2025-10-11 11:57:31
SES01694,USR01694,Mobile,East,Google Ads,Fashion,2,Add to Cart,2025-10-16 20:22:28
SES01695,USR01695,Tablet,East,Email,Beauty,1,Browse,2025-10-04 15:21:28
SES01696,USR01696,Tablet,North,Google Ads,Home,2,Add to Cart,2025-10-18 20:17:38
SES01697,USR01697,Desktop,South,Social Media,Home,1,Browse,2025-10-23 22:59:23
SES01698,USR01698,Desktop,South,Google Ads,Fashion,1,Browse,2025-10-26 19:54:43
SES01699,USR01699,Mobile,South,Organic,Beauty,3,Checkout,2025-10-12 07:13:51
SES01700,USR01700,Desktop,West,Email,Sports,1,Browse,2025-10-21 18:57:03
SES01701,USR01701,Tablet,North,Google Ads,Home,1,Browse,2025-10-16 22:43:04
SES01702,USR01702,Mobile,North,Email,Fashion,1,Browse,2025-10-27 16:07:50
SES01703,USR01703,Desktop,West,Organic,Electronics,2,Add to Cart,2025-10-21 13:29:51
SES01704,USR01704,Tablet,South,Google Ads,Fashion,2,Add to Cart,2025-10-28 03:04:08
SES01705,USR01705,Tablet,East,Email,Sports,1,Browse,2025-10-12 10:51:55
SES01706,USR01706,Mobile,South,Google Ads,Home,1,Browse,2025-10-13 19:46:45
SES01707,USR01707,Desktop,South,Social Media,Electronics,2,Add to Cart,2025-10-20 09:58:03
SES01708,USR01708,Mobile,South,Organic,Beauty,2,Add to Cart,2025-10-20 09:21:48
SES01709,USR01709,Mobile,South,Social Media,Sports,3,Checkout,2025-10-11 12:25:22
SES01710,USR01710,Desktop,East,Google Ads,Fashion,2,Add to Cart,2025-10-10 23:50:15
SES01711,USR01711,Mobile,South,Google Ads,Sports,4,Purchase,2025-10-25 08:15:38
SES01712,USR01712,Tablet,North,Social Media,Electronics,4,Purchase,2025-10-07 19:21:58
SES01713,USR01713,Mobile,South,Email,Fashion,2,Add to Cart,2025-10-03 16:20:43
SES01714,USR01714,Tablet,East,Social Media,Sports,4,Purchase,2025-10-18 07:02:24
SES01715,USR01715,Tablet,West,Organic,Fashion,2,Add to Cart,2025-10-12 12:08:27
SES01716,USR01716,Mobile,West,Social Media,Sports,2,Add to Cart,2025-10-07 22:52:59
SES01717,USR01717,Mobile,North,Organic,Beauty,4,Purchase,2025-10-30 22:24:28
SES01718,USR01718,Mobile,South,Email,Fashion,1,Browse,2025-10-13 18:35:22
SES01719,USR01719,Mobile,North,Google Ads,Sports,3,Checkout,2025-10-10 23:48:47
SES01720,USR01720,Mobile,East,Organic,Fashion,3,Checkout,2025-10-07 22:16:17
SES01721,USR01721,Tablet,East,Google Ads,Home,1,Browse,2025-10-19 23:27:59
SES01722,USR01722,Tablet,East,Email,Fashion,3,Checkout,2025-10-09 06:48:01
SES01723,USR01723,Mobile,North,Email,Beauty,2,Add to Cart,2025-10-21 01:36:35
SES01724,USR01724,Tablet,South,Organic,Electronics,3,Checkout,2025-10-11 18:50:37
SES01725,USR01725,Desktop,South,Social Media,Fashion,2,Add to Cart,2025-10-13 06:59:59
SES01726,USR01726,Desktop,West,Email,Fashion,2,Add to Cart,2025-10-10 05:35:56
SES01727,USR01727,Mobile,North,Organic,Sports,3,Checkout,2025-10-18 09:41:25
SES01728,USR01728,Mobile,North,Social Media,Electronics,2,Add to Cart,2025-10-28 16:40:04
SES01729,USR01729,Desktop,South,Google Ads,Home,1,Browse,2025-10-24 02:03:44
SES01730,USR01730,Tablet,West,Organic,Fashion,3,Checkout,2025-10-01 20:47:09
SES01731,USR01731,Desktop,North,Email,Home,2,Add to Cart,2025-10-13 05:14:42
SES01732,USR01732,Desktop,South,Google Ads,Electronics,1,Browse,2025-10-05 03:08:09
SES01733,USR01733,Tablet,North,Email,Beauty,3,Checkout,2025-10-06 17:52:22
SES01734,USR01734,Mobile,South,Email,Fashion,1,Browse,2025-10-07 04:15:02
SES01735,USR01735,Desktop,North,Email,Beauty,2,Add to Cart,2025-10-03 12:36:21
SES01736,USR01736,Desktop,South,Social Media,Electronics,3,Checkout,2025-10-16 19:35:09
SES01737,USR01737,Mobile,East,Google Ads,Beauty,2,Add to Cart,2025-10-13 18:13:43
SES01738,USR01738,Desktop,West,Google Ads,Fashion,3,Checkout,2025-10-11 14:29:55
SES01739,USR01739,Mobile,West,Organic,Beauty,4,Purchase,2025-10-13 01:20:02
SES01740,USR01740,Mobile,North,Email,Sports,2,Add to Cart,2025-10-19 11:27:36
SES01741,USR01741,Desktop,North,Organic,Fashion,2,Add to Cart,2025-10-27 10:05:41
SES01742,USR01742,Desktop,East,Organic,Sports,1,Browse,2025-10-11 13:46:24
SES01743,USR01743,Tablet,South,Social Media,Fashion,2,Add to Cart,2025-10-21 05:59:23
SES01744,USR01744,Tablet,East,Social Media,Electronics,3,Checkout,2025-10-29 08:42:40
SES01745,USR01745,Mobile,East,Google Ads,Electronics,1,Browse,2025-10-07 23:00:44
SES01746,USR01746,Desktop,South,Google Ads,Beauty,3,Checkout,2025-10-15 19:52:23
SES01747,USR01747,Tablet,West,Google Ads,Beauty,2,Add to Cart,2025-10-21 17:19:07
SES01748,USR01748,Tablet,West,Social Media,Electronics,1,Browse,2025-10-02 18:09:42
SES01749,USR01749,Desktop,West,Organic,Home,4,Purchase,2025-10-25 05:06:27
SES01750,USR01750,Desktop,North,Organic,Beauty,1,Browse,2025-10-05 05:19:23
SES01751,USR01751,Desktop,South,Email,Sports,1,Browse,2025-10-14 09:32:00
SES01752,USR01752,Mobile,West,Organic,Electronics,3,Checkout,2025-10-17 11:32:53
SES01753,USR01753,Desktop,West,Email,Electronics,3,Checkout,2025-10-09 08:20:18
SES01754,USR01754,Tablet,South,Organic,Electronics,3,Checkout,2025-10-20 15:46:57
SES01755,USR01755,Mobile,South,Social Media,Sports,3,Checkout,2025-10-26 10:00:40
SES01756,USR01756,Desktop,South,Email,Electronics,1,Browse,2025-10-03 23:42:21
SES01757,USR01757,Tablet,West,Organic,Electronics,1,Browse,2025-10-21 14:38:27
SES01758,USR01758,Desktop,East,Email,Fashion,1,Browse,2025-10-29 13:32:30
SES01759,USR01759,Desktop,South,Social Media,Home,4,Purchase,2025-10-28 04:24:46
SES01760,USR01760,Mobile,West,Email,Sports,3,Checkout,2025-10-08 22:20:46
SES01761,USR01761,Desktop,South,Google Ads,Beauty,3,Checkout,2025-10-01 23:37:04
SES01762,USR01762,Mobile,South,Organic,Fashion,2,Add to Cart,2025-10-13 18:59:22
SES01763,USR01763,Desktop,North,Social Media,Home,1,Browse,2025-10-13 21:23:28
SES01764,USR01764,Mobile,West,Organic,Fashion,2,Add to Cart,2025-10-24 17:36:59
SES01765,USR01765,Mobile,West,Organic,Beauty,1,Browse,2025-10-31 14:01:23
SES01766,USR01766,Tablet,North,Organic,Fashion,1,Browse,2025-10-21 18:47:24
SES01767,USR01767,Desktop,East,Organic,Home,2,Add to Cart,2025-10-14 08:17:07
SES01768,USR01768,Desktop,East,Organic,Sports,1,Browse,2025-10-28 04:01:13
SES01769,USR01769,Mobile,South,Google Ads,Home,1,Browse,2025-10-20 01:16:56
SES01770,USR01770,Desktop,North,Organic,Home,2,Add to Cart,2025-10-19 11:45:43
SES01771,USR01771,Mobile,North,Email,Home,3,Checkout,2025-10-30 08:37:22
SES01772,USR01772,Tablet,West,Social Media,Beauty,1,Browse,2025-10-23 02:38:00
SES01773,USR01773,Mobile,North,Social Media,Fashion,2,Add to Cart,2025-10-25 03:03:00
SES01774,USR01774,Tablet,North,Organic,Fashion,3,Checkout,2025-10-26 23:11:24
SES01775,USR01775,Mobile,North,Google Ads,Home,2,Add to Cart,2025-10-29 04:36:33
SES01776,USR01776,Mobile,North,Google Ads,Beauty,3,Checkout,2025-10-23 22:39:25
SES01777,USR01777,Tablet,West,Organic,Home,2,Add to Cart,2025-10-12 06:32:13
SES01778,USR01778,Mobile,East,Organic,Fashion,3,Checkout,2025-10-12 15:34:12
SES01779,USR01779,Tablet,South,Google Ads,Sports,1,Browse,2025-10-03 09:17:19
SES01780,USR01780,Tablet,North,Google Ads,Home,2,Add to Cart,2025-10-18 00:39:20
SES01781,USR01781,Mobile,South,Organic,Fashion,3,Checkout,2025-10-11 08:14:10
SES01782,USR01782,Mobile,West,Email,Electronics,4,Purchase,2025-10-14 12:54:46
SES01783,USR01783,Desktop,North,Organic,Fashion,3,Checkout,2025-10-05 11:24:51
SES01784,USR01784,Mobile,North,Email,Fashion,3,Checkout,2025-10-04 23:33:42
SES01785,USR01785,Desktop,West,Organic,Electronics,2,Add to Cart,2025-10-04 11:48:19
SES01786,USR01786,Mobile,West,Email,Home,2,Add to Cart,2025-10-08 04:12:27
SES01787,USR01787,Tablet,East,Google Ads,Electronics,1,Browse,2025-10-23 00:32:13
SES01788,USR01788,Desktop,West,Social Media,Electronics,2,Add to Cart,2025-10-10 12:08:09
SES01789,USR01789,Desktop,West,Google Ads,Electronics,2,Add to Cart,2025-10-18 01:57:36
SES01790,USR01790,Tablet,West,Email,Electronics,2,Add to Cart,2025-10-16 15:30:10
SES01791,USR01791,Tablet,West,Organic,Beauty,3,Checkout,2025-10-20 21:34:53
SES01792,USR01792,Desktop,North,Social Media,Fashion,3,Checkout,2025-10-25 06:06:33
SES01793,USR01793,Mobile,North,Social Media,Electronics,2,Add to Cart,2025-10-10 15:06:00
SES01794,USR01794,Mobile,North,Organic,Home,2,Add to Cart,2025-10-08 14:25:35
SES01795,USR01795,Desktop,East,Email,Home,2,Add to Cart,2025-10-04 19:11:00
SES01796,USR01796,Tablet,West,Organic,Beauty,2,Add to Cart,2025-10-14 02:50:10
SES01797,USR01797,Tablet,West,Social Media,Home,4,Purchase,2025-10-23 04:24:11
SES01798,USR01798,Desktop,West,Social Media,Fashion,1,Browse,2025-10-25 14:37:16
SES01799,USR01799,Desktop,South,Google Ads,Electronics,3,Checkout,2025-10-26 10:57:20
SES01800,USR01800,Tablet,West,Google Ads,Beauty,2,Add to Cart,2025-10-07 17:37:10
SES01801,USR01801,Mobile,West,Organic,Beauty,2,Add to Cart,2025-10-07 19:06:21
SES01802,USR01802,Tablet,East,Social Media,Fashion,2,Add to Cart,2025-10-01 22:16:41
SES01803,USR01803,Mobile,South,Google Ads,Home,2,Add to Cart,2025-10-14 23:12:47
SES01804,USR01804,Desktop,South,Organic,Fashion,2,Add to Cart,2025-10-07 07:53:33
SES01805,USR01805,Mobile,South,Social Media,Home,2,Add to Cart,2025-10-21 21:21:12
SES01806,USR01806,Mobile,South,Organic,Electronics,3,Checkout,2025-10-06 01:31:18
SES01807,USR01807,Desktop,North,Google Ads,Electronics,2,Add to Cart,2025-10-04 06:02:49
SES01808,USR01808,Mobile,West,Social Media,Sports,4,Purchase,2025-10-23 17:18:11
SES01809,USR01809,Desktop,North,Email,Fashion,1,Browse,2025-10-16 19:35:40
SES01810,USR01810,Desktop,South,Google Ads,Fashion,1,Browse,2025-10-24 12:25:46
SES01811,USR01811,Desktop,East,Social Media,Electronics,2,Add to Cart,2025-10-29 19:00:13
SES01812,USR01812,Desktop,East,Organic,Fashion,1,Browse,2025-10-30 21:40:24
SES01813,USR01813,Desktop,East,Organic,Sports,3,Checkout,2025-10-13 21:48:49
SES01814,USR01814,Tablet,South,Organic,Electronics,1,Browse,2025-10-24 16:56:44
SES01815,USR01815,Desktop,East,Organic,Fashion,2,Add to Cart,2025-10-17 16:37:33
SES01816,USR01816,Desktop,West,Email,Beauty,1,Browse,2025-10-30 13:26:07
SES01817,USR01817,Tablet,East,Google Ads,Electronics,1,Browse,2025-10-09 22:44:04
SES01818,USR01818,Tablet,North,Email,Electronics,1,Browse,2025-10-23 01:51:08
SES01819,USR01819,Desktop,West,Google Ads,Home,2,Add to Cart,2025-10-05 17:37:18
SES01820,USR01820,Desktop,North,Google Ads,Sports,3,Checkout,2025-10-08 09:12:10
SES01821,USR01821,Desktop,South,Organic,Home,3,Checkout,2025-10-11 20:39:17
SES01822,USR01822,Mobile,East,Organic,Fashion,1,Browse,2025-10-22 13:37:09
SES01823,USR01823,Mobile,East,Google Ads,Sports,1,Browse,2025-10-14 11:44:54
SES01824,USR01824,Desktop,North,Organic,Sports,3,Checkout,2025-10-12 18:03:43
SES01825,USR01825,Tablet,West,Social Media,Electronics,2,Add to Cart,2025-10-22 05:25:04
SES01826,USR01826,Mobile,West,Organic,Sports,2,Add to Cart,2025-10-29 22:46:53
SES01827,USR01827,Tablet,East,Organic,Sports,3,Checkout,2025-10-02 10:22:51
SES01828,USR01828,Mobile,East,Google Ads,Fashion,1,Browse,2025-10-09 03:20:40
SES01829,USR01829,Tablet,West,Social Media,Fashion,2,Add to Cart,2025-10-05 07:17:40
SES01830,USR01830,Tablet,West,Social Media,Electronics,2,Add to Cart,2025-10-24 06:24:48
SES01831,USR01831,Tablet,North,Organic,Beauty,4,Purchase,2025-10-07 11:00:42
SES01832,USR01832,Mobile,South,Google Ads,Fashion,1,Browse,2025-10-29 09:55:51
SES01833,USR01833,Tablet,North,Email,Beauty,3,Checkout,2025-10-07 20:21:28
SES01834,USR01834,Desktop,East,Social Media,Electronics,2,Add to Cart,2025-10-03 01:01:19
SES01835,USR01835,Desktop,North,Email,Beauty,2,Add to Cart,2025-10-12 12:56:50
SES01836,USR01836,Desktop,South,Organic,Home,2,Add to Cart,2025-10-17 23:20:47
SES01837,USR01837,Mobile,East,Google Ads,Beauty,3,Checkout,2025-10-19 21:35:31
SES01838,USR01838,Tablet,West,Email,Electronics,2,Add to Cart,2025-10-20 06:55:46
SES01839,USR01839,Desktop,South,Organic,Home,1,Browse,2025-10-20 15:39:43
SES01840,USR01840,Mobile,North,Email,Sports,2,Add to Cart,2025-10-31 07:04:14
SES01841,USR01841,Tablet,West,Email,Sports,2,Add to Cart,2025-10-15 04:24:51
SES01842,USR01842,Tablet,West,Google Ads,Sports,4,Purchase,2025-10-04 10:51:05
SES01843,USR01843,Desktop,East,Email,Electronics,3,Checkout,2025-10-26 16:15:47
SES01844,USR01844,Mobile,West,Organic,Fashion,2,Add to Cart,2025-10-07 09:27:31
SES01845,USR01845,Desktop,West,Social Media,Fashion,3,Checkout,2025-10-13 14:06:39
SES01846,USR01846,Mobile,West,Social Media,Sports,1,Browse,2025-10-26 19:09:00
SES01847,USR01847,Desktop,North,Organic,Beauty,3,Checkout,2025-10-05 04:58:57
SES01848,USR01848,Mobile,South,Email,Electronics,3,Checkout,2025-10-07 05:47:33
SES01849,USR01849,Mobile,South,Email,Fashion,3,Checkout,2025-10-12 17:50:24
SES01850,USR01850,Mobile,East,Organic,Fashion,1,Browse,2025-10-26 19:59:04
SES01851,USR01851,Desktop,East,Google Ads,Electronics,2,Add to Cart,2025-10-17 02:51:23
SES01852,USR01852,Tablet,West,Email,Home,1,Browse,2025-10-12 14:39:05
SES01853,USR01853,Desktop,West,Organic,Fashion,2,Add to Cart,2025-10-13 16:22:54
SES01854,USR01854,Mobile,South,Organic,Sports,3,Checkout,2025-10-11 20:04:12
SES01855,USR01855,Mobile,South,Social Media,Home,2,Add to Cart,2025-10-21 00:43:40
SES01856,USR01856,Desktop,South,Email,Electronics,2,Add to Cart,2025-10-23 01:19:48
SES01857,USR01857,Mobile,North,Organic,Beauty,2,Add to Cart,2025-10-17 13:33:54
SES01858,USR01858,Mobile,East,Email,Sports,2,Add to Cart,2025-10-21 21:26:44
SES01859,USR01859,Desktop,East,Social Media,Electronics,4,Purchase,2025-10-22 03:16:16
SES01860,USR01860,Tablet,South,Social Media,Sports,1,Browse,2025-10-27 01:13:05
SES01861,USR01861,Desktop,North,Social Media,Sports,1,Browse,2025-10-23 13:28:44
SES01862,USR01862,Tablet,North,Social Media,Fashion,1,Browse,2025-10-15 19:20:25
SES01863,USR01863,Desktop,North,Email,Home,1,Browse,2025-10-14 12:25:47
SES01864,USR01864,Tablet,North,Social Media,Home,2,Add to Cart,2025-10-22 02:28:49
SES01865,USR01865,Tablet,West,Google Ads,Electronics,1,Browse,2025-10-02 18:51:30
SES01866,USR01866,Desktop,South,Social Media,Electronics,1,Browse,2025-10-12 19:46:28
SES01867,USR01867,Desktop,North,Google Ads,Beauty,1,Browse,2025-10-18 02:20:58
SES01868,USR01868,Tablet,North,Organic,Fashion,2,Add to Cart,2025-10-06 04:36:41
SES01869,USR01869,Mobile,West,Google Ads,Electronics,2,Add to Cart,2025-10-19 21:09:26
SES01870,USR01870,Tablet,West,Organic,Fashion,3,Checkout,2025-10-21 21:46:47
SES01871,USR01871,Tablet,North,Google Ads,Electronics,3,Checkout,2025-10-03 18:32:50
SES01872,USR01872,Desktop,West,Organic,Sports,2,Add to Cart,2025-10-04 23:00:02
SES01873,USR01873,Desktop,East,Email,Beauty,2,Add to Cart,2025-10-11 21:22:31
SES01874,USR01874,Mobile,North,Google Ads,Electronics,3,Checkout,2025-10-09 23:19:26
SES01875,USR01875,Tablet,East,Google Ads,Home,3,Checkout,2025-10-16 07:12:24
SES01876,USR01876,Mobile,West,Email,Electronics,2,Add to Cart,2025-10-05 20:03:21
SES01877,USR01877,Mobile,West,Google Ads,Beauty,1,Browse,2025-10-06 09:32:47
SES01878,USR01878,Mobile,East,Social Media,Fashion,3,Checkout,2025-10-21 07:03:44
SES01879,USR01879,Desktop,South,Email,Beauty,1,Browse,2025-10-18 01:17:56
SES01880,USR01880,Mobile,West,Organic,Fashion,2,Add to Cart,2025-10-30 19:16:00
SES01881,USR01881,Desktop,South,Email,Fashion,2,Add to Cart,2025-10-07 21:25:04
SES01882,USR01882,Tablet,North,Social Media,Beauty,1,Browse,2025-10-06 21:21:49
SES01883,USR01883,Desktop,South,Social Media,Fashion,2,Add to Cart,2025-10-22 09:25:13
SES01884,USR01884,Mobile,West,Google Ads,Beauty,3,Checkout,2025-10-18 06:24:45
SES01885,USR01885,Desktop,South,Social Media,Electronics,4,Purchase,2025-10-08 15:28:12
SES01886,USR01886,Tablet,North,Email,Electronics,2,Add to Cart,2025-10-17 16:16:10
SES01887,USR01887,Mobile,West,Organic,Beauty,2,Add to Cart,2025-10-11 19:20:42
SES01888,USR01888,Tablet,South,Email,Fashion,2,Add to Cart,2025-10-08 01:53:19
SES01889,USR01889,Mobile,West,Email,Fashion,1,Browse,2025-10-23 22:53:49
SES01890,USR01890,Tablet,North,Social Media,Home,1,Browse,2025-10-28 23:21:16
SES01891,USR01891,Mobile,East,Social Media,Fashion,2,Add to Cart,2025-10-30 16:35:41
SES01892,USR01892,Desktop,East,Social Media,Sports,3,Checkout,2025-10-06 19:16:17
SES01893,USR01893,Tablet,North,Social Media,Beauty,2,Add to Cart,2025-10-05 02:18:38
SES01894,USR01894,Tablet,East,Email,Fashion,2,Add to Cart,2025-10-09 22:02:42
SES01895,USR01895,Tablet,North,Organic,Beauty,2,Add to Cart,2025-10-05 22:47:15
SES01896,USR01896,Tablet,North,Social Media,Home,1,Browse,2025-10-22 06:24:56
SES01897,USR01897,Tablet,West,Social Media,Beauty,2,Add to Cart,2025-10-31 18:23:13
SES01898,USR01898,Desktop,West,Social Media,Beauty,2,Add to Cart,2025-10-24 01:35:14
SES01899,USR01899,Desktop,West,Organic,Fashion,1,Browse,2025-10-20 11:31:37
SES01900,USR01900,Mobile,East,Social Media,Beauty,2,Add to Cart,2025-10-15 12:56:24
SES01901,USR01901,Tablet,North,Email,Beauty,2,Add to Cart,2025-10-09 21:23:23
SES01902,USR01902,Desktop,West,Social Media,Fashion,3,Checkout,2025-10-10 22:07:34
SES01903,USR01903,Tablet,North,Google Ads,Beauty,3,Checkout,2025-10-04 08:52:02
SES01904,USR01904,Desktop,East,Social Media,Home,3,Checkout,2025-10-11 09:59:37
SES01905,USR01905,Desktop,West,Google Ads,Electronics,4,Purchase,2025-10-19 13:26:38
SES01906,USR01906,Desktop,South,Email,Home,1,Browse,2025-10-19 15:56:50
SES01907,USR01907,Desktop,South,Social Media,Beauty,4,Purchase,2025-10-01 22:12:52
SES01908,USR01908,Mobile,South,Social Media,Electronics,1,Browse,2025-10-27 03:01:03
SES01909,USR01909,Desktop,East,Email,Sports,2,Add to Cart,2025-10-03 18:11:14
SES01910,USR01910,Mobile,North,Google Ads,Sports,2,Add to Cart,2025-10-12 02:36:07
SES01911,USR01911,Mobile,West,Social Media,Beauty,3,Checkout,2025-10-02 06:07:39
SES01912,USR01912,Desktop,North,Email,Beauty,3,Checkout,2025-10-10 05:45:24
SES01913,USR01913,Desktop,South,Organic,Home,2,Add to Cart,2025-10-16 10:36:16
SES01914,USR01914,Tablet,North,Organic,Beauty,3,Checkout,2025-10-16 04:00:24
SES01915,USR01915,Desktop,North,Social Media,Sports,3,Checkout,2025-10-02 21:03:26
SES01916,USR01916,Tablet,East,Email,Fashion,2,Add to Cart,2025-10-27 21:35:52
SES01917,USR01917,Desktop,West,Organic,Fashion,3,Checkout,2025-10-19 22:21:38
SES01918,USR01918,Desktop,East,Organic,Beauty,1,Browse,2025-10-13 11:50:48
SES01919,USR01919,Desktop,East,Social Media,Beauty,1,Browse,2025-10-18 21:56:28
SES01920,USR01920,Mobile,East,Google Ads,Fashion,3,Checkout,2025-10-18 21:37:58
SES01921,USR01921,Tablet,South,Google Ads,Fashion,2,Add to Cart,2025-10-24 20:25:53
SES01922,USR01922,Desktop,West,Google Ads,Beauty,2,Add to Cart,2025-10-18 18:58:46
SES01923,USR01923,Desktop,East,Email,Sports,2,Add to Cart,2025-10-22 22:47:02
SES01924,USR01924,Desktop,North,Social Media,Fashion,2,Add to Cart,2025-10-25 18:36:48
SES01925,USR01925,Desktop,North,Google Ads,Home,1,Browse,2025-10-06 06:40:25
SES01926,USR01926,Tablet,West,Social Media,Beauty,1,Browse,2025-10-29 22:35:36
SES01927,USR01927,Desktop,North,Email,Electronics,3,Checkout,2025-10-13 02:46:28
SES01928,USR01928,Mobile,North,Organic,Fashion,3,Checkout,2025-10-18 06:08:46
SES01929,USR01929,Desktop,North,Social Media,Beauty,2,Add to Cart,2025-10-26 14:05:03
SES01930,USR01930,Tablet,South,Organic,Home,1,Browse,2025-10-24 22:45:35
SES01931,USR01931,Tablet,West,Social Media,Electronics,1,Browse,2025-10-18 07:14:30
SES01932,USR01932,Mobile,East,Email,Fashion,3,Checkout,2025-10-18 10:33:47
SES01933,USR01933,Desktop,East,Google Ads,Home,1,Browse,2025-10-17 11:06:17
SES01934,USR01934,Desktop,North,Social Media,Home,2,Add to Cart,2025-10-15 03:04:05
SES01935,USR01935,Mobile,North,Organic,Beauty,2,Add to Cart,2025-10-21 08:54:03
SES01936,USR01936,Desktop,West,Organic,Electronics,1,Browse,2025-10-13 18:15:39
SES01937,USR01937,Desktop,South,Email,Beauty,4,Purchase,2025-10-21 09:59:03
SES01938,USR01938,Tablet,South,Email,Fashion,1,Browse,2025-10-22 07:59:38
SES01939,USR01939,Desktop,East,Google Ads,Electronics,1,Browse,2025-10-05 12:57:34
SES01940,USR01940,Tablet,West,Organic,Electronics,1,Browse,2025-10-12 03:44:39
SES01941,USR01941,Desktop,North,Google Ads,Fashion,2,Add to Cart,2025-10-21 20:15:54
SES01942,USR01942,Desktop,East,Organic,Electronics,1,Browse,2025-10-06 14:03:17
SES01943,USR01943,Desktop,West,Social Media,Electronics,2,Add to Cart,2025-10-30 21:14:14
SES01944,USR01944,Mobile,East,Social Media,Electronics,2,Add to Cart,2025-10-05 15:14:18
SES01945,USR01945,Tablet,South,Google Ads,Sports,2,Add to Cart,2025-10-09 13:26:57
SES01946,USR01946,Desktop,East,Google Ads,Electronics,2,Add to Cart,2025-10-06 05:34:30
SES01947,USR01947,Tablet,East,Social Media,Home,4,Purchase,2025-10-05 00:24:25
SES01948,USR01948,Tablet,West,Google Ads,Sports,2,Add to Cart,2025-10-22 12:03:53
SES01949,USR01949,Desktop,South,Google Ads,Sports,2,Add to Cart,2025-10-19 20:53:47
SES01950,USR01950,Tablet,North,Social Media,Beauty,1,Browse,2025-10-20 14:42:02
SES01951,USR01951,Tablet,East,Email,Beauty,4,Purchase,2025-10-13 21:07:58
SES01952,USR01952,Tablet,West,Social Media,Home,4,Purchase,2025-10-27 15:40:53
SES01953,USR01953,Desktop,East,Organic,Fashion,1,Browse,2025-10-16 00:40:22
SES01954,USR01954,Tablet,East,Email,Electronics,2,Add to Cart,2025-10-04 10:07:40
SES01955,USR01955,Tablet,North,Organic,Beauty,2,Add to Cart,2025-10-31 12:29:55
SES01956,USR01956,Mobile,East,Email,Fashion,3,Checkout,2025-10-22 18:57:54
SES01957,USR01957,Desktop,East,Organic,Home,2,Add to Cart,2025-10-15 04:07:50
SES01958,USR01958,Desktop,West,Email,Electronics,1,Browse,2025-10-14 22:21:06
SES01959,USR01959,Tablet,South,Social Media,Electronics,4,Purchase,2025-10-10 15:20:43
SES01960,USR01960,Mobile,South,Google Ads,Fashion,3,Checkout,2025-10-30 12:25:21
SES01961,USR01961,Tablet,South,Organic,Electronics,1,Browse,2025-10-21 21:01:38
SES01962,USR01962,Mobile,West,Google Ads,Fashion,1,Browse,2025-10-05 08:08:41
SES01963,USR01963,Mobile,East,Email,Beauty,2,Add to Cart,2025-10-08 22:24:56
SES01964,USR01964,Desktop,South,Google Ads,Sports,3,Checkout,2025-10-08 00:27:09
SES01965,USR01965,Desktop,West,Organic,Electronics,2,Add to Cart,2025-10-22 13:53:09
SES01966,USR01966,Desktop,South,Email,Beauty,1,Browse,2025-10-04 15:08:07
SES01967,USR01967,Desktop,South,Google Ads,Beauty,1,Browse,2025-10-06 03:07:46
SES01968,USR01968,Desktop,North,Organic,Sports,2,Add to Cart,2025-10-11 20:26:11
SES01969,USR01969,Tablet,North,Google Ads,Electronics,3,Checkout,2025-10-18 09:35:13
SES01970,USR01970,Tablet,West,Google Ads,Electronics,3,Checkout,2025-10-13 08:04:26
SES01971,USR01971,Tablet,South,Email,Home,1,Browse,2025-10-24 01:24:00
SES01972,USR01972,Desktop,West,Social Media,Fashion,1,Browse,2025-10-03 18:44:39
SES01973,USR01973,Mobile,West,Email,Sports,2,Add to Cart,2025-10-29 21:52:26
SES01974,USR01974,Desktop,West,Social Media,Home,2,Add to Cart,2025-10-14 06:07:58
SES01975,USR01975,Mobile,North,Google Ads,Electronics,2,Add to Cart,2025-10-21 03:07:51
SES01976,USR01976,Tablet,West,Google Ads,Home,2,Add to Cart,2025-10-15 20:12:09
SES01977,USR01977,Desktop,West,Email,Home,2,Add to Cart,2025-10-18 21:49:33
SES01978,USR01978,Mobile,East,Organic,Home,2,Add to Cart,2025-10-29 06:11:32
SES01979,USR01979,Desktop,North,Organic,Beauty,2,Add to Cart,2025-10-12 23:06:33
SES01980,USR01980,Tablet,East,Email,Home,2,Add to Cart,2025-10-22 06:19:20
SES01981,USR01981,Tablet,North,Social Media,Fashion,1,Browse,2025-10-25 18:00:43
SES01982,USR01982,Desktop,West,Social Media,Home,4,Purchase,2025-10-05 14:53:12
SES01983,USR01983,Mobile,North,Organic,Fashion,2,Add to Cart,2025-10-31 12:27:38
SES01984,USR01984,Mobile,North,Social Media,Home,2,Add to Cart,2025-10-22 19:32:58
SES01985,USR01985,Mobile,South,Google Ads,Electronics,1,Browse,2025-10-24 09:33:12
SES01986,USR01986,Mobile,South,Organic,Home,1,Browse,2025-10-31 06:41:03
SES01987,USR01987,Desktop,South,Organic,Sports,1,Browse,2025-10-15 05:28:48
SES01988,USR01988,Desktop,South,Google Ads,Sports,1,Browse,2025-10-19 22:34:42
SES01989,USR01989,Mobile,North,Email,Home,3,Checkout,2025-10-22 11:06:07
SES01990,USR01990,Desktop,West,Organic,Home,4,Purchase,2025-10-06 04:40:11
SES01991,USR01991,Desktop,North,Email,Sports,1,Browse,2025-10-25 06:25:12
SES01992,USR01992,Desktop,North,Email,Fashion,2,Add to Cart,2025-10-21 15:39:14
SES01993,USR01993,Mobile,South,Google Ads,Fashion,3,Checkout,2025-10-11 04:25:55
SES01994,USR01994,Tablet,North,Google Ads,Sports,2,Add to Cart,2025-10-11 02:32:31
SES01995,USR01995,Mobile,North,Organic,Home,3,Checkout,2025-10-18 15:01:21
SES01996,USR01996,Desktop,West,Google Ads,Home,2,Add to Cart,2025-10-04 11:00:00
SES01997,USR01997,Tablet,West,Email,Beauty,2,Add to Cart,2025-10-11 06:30:28
SES01998,USR01998,Tablet,South,Organic,Fashion,3,Checkout,2025-10-14 17:54:55
SES01999,USR01999,Desktop,South,Organic,Electronics,1,Browse,2025-10-23 23:01:06
SES02000,USR02000,Tablet,East,Google Ads,Home,1,Browse,2025-10-02 09:40:12
SES02001,USR02001,Desktop,West,Email,Electronics,1,Browse,2025-10-25 21:10:05
SES02002,USR02002,Desktop,North,Google Ads,Electronics,1,Browse,2025-10-21 14:41:33
SES02003,USR02003,Tablet,East,Organic,Beauty,2,Add to Cart,2025-10-10 19:03:21
SES02004,USR02004,Mobile,West,Organic,Sports,1,Browse,2025-10-20 18:08:20
SES02005,USR02005,Mobile,South,Google Ads,Electronics,2,Add to Cart,2025-10-14 01:47:31
SES02006,USR02006,Desktop,West,Google Ads,Fashion,3,Checkout,2025-10-23 20:18:22
SES02007,USR02007,Desktop,West,Google Ads,Sports,2,Add to Cart,2025-10-02 10:59:47
SES02008,USR02008,Tablet,North,Email,Fashion,2,Add to Cart,2025-10-21 20:22:12
SES02009,USR02009,Mobile,North,Organic,Sports,1,Browse,2025-10-27 00:28:55
SES02010,USR02010,Desktop,East,Google Ads,Beauty,3,Checkout,2025-10-04 20:43:32
SES02011,USR02011,Tablet,South,Social Media,Home,3,Checkout,2025-10-31 16:29:28
SES02012,USR02012,Desktop,West,Email,Electronics,2,Add to Cart,2025-10-24 10:53:35
SES02013,USR02013,Desktop,South,Google Ads,Beauty,1,Browse,2025-10-02 17:59:45
SES02014,USR02014,Tablet,East,Social Media,Home,3,Checkout,2025-10-09 05:24:48
SES02015,USR02015,Tablet,North,Social Media,Home,2,Add to Cart,2025-10-06 13:52:51
SES02016,USR02016,Desktop,West,Email,Home,1,Browse,2025-10-22 02:05:47
SES02017,USR02017,Mobile,East,Organic,Fashion,2,Add to Cart,2025-10-17 12:13:32
SES02018,USR02018,Tablet,East,Organic,Beauty,2,Add to Cart,2025-10-18 22:12:40
SES02019,USR02019,Desktop,South,Social Media,Sports,3,Checkout,2025-10-07 11:47:28
SES02020,USR02020,Mobile,South,Organic,Home,1,Browse,2025-10-20 07:45:56
SES02021,USR02021,Desktop,East,Google Ads,Sports,3,Checkout,2025-10-10 09:08:26
SES02022,USR02022,Tablet,East,Email,Home,1,Browse,2025-10-09 20:05:19
SES02023,USR02023,Tablet,East,Organic,Electronics,1,Browse,2025-10-08 21:05:54
SES02024,USR02024,Desktop,East,Organic,Electronics,3,Checkout,2025-10-18 16:37:39
SES02025,USR02025,Desktop,West,Organic,Home,1,Browse,2025-10-25 06:22:45
SES02026,USR02026,Desktop,South,Google Ads,Beauty,4,Purchase,2025-10-08 01:24:56
SES02027,USR02027,Tablet,West,Organic,Sports,3,Checkout,2025-10-28 17:24:26
SES02028,USR02028,Mobile,North,Email,Fashion,1,Browse,2025-10-13 04:50:22
SES02029,USR02029,Desktop,North,Email,Fashion,2,Add to Cart,2025-10-26 03:24:40
SES02030,USR02030,Mobile,South,Email,Electronics,1,Browse,2025-10-29 12:10:01
SES02031,USR02031,Mobile,North,Organic,Beauty,3,Checkout,2025-10-06 21:49:37
SES02032,USR02032,Tablet,West,Organic,Sports,1,Browse,2025-10-04 15:07:41
SES02033,USR02033,Desktop,East,Email,Sports,3,Checkout,2025-10-04 14:38:52
SES02034,USR02034,Tablet,South,Social Media,Sports,1,Browse,2025-10-24 19:20:40
SES02035,USR02035,Mobile,West,Social Media,Electronics,2,Add to Cart,2025-10-28 00:26:31
SES02036,USR02036,Desktop,East,Email,Fashion,2,Add to Cart,2025-10-13 20:20:49
SES02037,USR02037,Mobile,East,Organic,Beauty,1,Browse,2025-10-25 15:54:07
SES02038,USR02038,Desktop,South,Social Media,Sports,1,Browse,2025-10-09 08:57:30
SES02039,USR02039,Desktop,South,Google Ads,Sports,1,Browse,2025-10-31 13:37:33
SES02040,USR02040,Tablet,West,Google Ads,Electronics,2,Add to Cart,2025-10-23 13:41:19
SES02041,USR02041,Desktop,South,Organic,Sports,2,Add to Cart,2025-10-03 13:05:59
SES02042,USR02042,Desktop,North,Organic,Beauty,1,Browse,2025-10-14 02:03:21
SES02043,USR02043,Mobile,West,Email,Beauty,2,Add to Cart,2025-10-11 16:05:35
SES02044,USR02044,Tablet,North,Google Ads,Fashion,4,Purchase,2025-10-18 05:06:18
SES02045,USR02045,Tablet,East,Organic,Fashion,2,Add to Cart,2025-10-29 10:34:44
SES02046,USR02046,Mobile,East,Social Media,Fashion,1,Browse,2025-10-16 00:32:02
SES02047,USR02047,Desktop,South,Email,Electronics,1,Browse,2025-10-18 16:22:23
SES02048,USR02048,Mobile,North,Google Ads,Home,1,Browse,2025-10-26 16:35:33
SES02049,USR02049,Desktop,West,Google Ads,Sports,2,Add to Cart,2025-10-25 05:37:18
SES02050,USR02050,Desktop,East,Email,Beauty,4,Purchase,2025-10-29 10:33:28
SES02051,USR02051,Tablet,West,Organic,Fashion,4,Purchase,2025-10-04 08:06:14
SES02052,USR02052,Desktop,South,Social Media,Home,2,Add to Cart,2025-10-02 12:56:33
SES02053,USR02053,Desktop,South,Social Media,Home,1,Browse,2025-10-24 03:48:50
SES02054,USR02054,Mobile,South,Organic,Home,1,Browse,2025-10-11 08:57:02
SES02055,USR02055,Tablet,North,Google Ads,Home,3,Checkout,2025-10-17 10:16:51
SES02056,USR02056,Mobile,North,Email,Beauty,3,Checkout,2025-10-29 23:58:36
SES02057,USR02057,Desktop,South,Social Media,Electronics,1,Browse,2025-10-02 07:51:06
SES02058,USR02058,Tablet,North,Social Media,Fashion,3,Checkout,2025-10-19 18:44:37
SES02059,USR02059,Desktop,West,Social Media,Fashion,2,Add to Cart,2025-10-22 00:24:39
SES02060,USR02060,Tablet,South,Social Media,Electronics,4,Purchase,2025-10-20 06:42:17
SES02061,USR02061,Desktop,West,Google Ads,Fashion,2,Add to Cart,2025-10-08 11:25:38
SES02062,USR02062,Mobile,West,Email,Beauty,2,Add to Cart,2025-10-22 16:02:20
SES02063,USR02063,Mobile,West,Google Ads,Home,2,Add to Cart,2025-10-14 01:20:48
SES02064,USR02064,Desktop,West,Google Ads,Electronics,2,Add to Cart,2025-10-20 15:30:24
SES02065,USR02065,Tablet,North,Social Media,Electronics,2,Add to Cart,2025-10-29 16:16:51
SES02066,USR02066,Desktop,West,Email,Fashion,3,Checkout,2025-10-16 02:36:16
SES02067,USR02067,Mobile,East,Organic,Electronics,3,Checkout,2025-10-31 04:31:17
SES02068,USR02068,Tablet,South,Google Ads,Electronics,1,Browse,2025-10-12 18:21:31
SES02069,USR02069,Mobile,North,Organic,Electronics,1,Browse,2025-10-29 14:01:53
SES02070,USR02070,Desktop,West,Social Media,Beauty,1,Browse,2025-10-20 01:08:45
SES02071,USR02071,Mobile,East,Social Media,Home,2,Add to Cart,2025-10-03 03:02:32
SES02072,USR02072,Mobile,East,Google Ads,Sports,1,Browse,2025-10-15 10:34:42
SES02073,USR02073,Tablet,West,Email,Electronics,3,Checkout,2025-10-24 07:32:27
SES02074,USR02074,Tablet,East,Email,Fashion,1,Browse,2025-10-05 01:33:04
SES02075,USR02075,Mobile,South,Social Media,Beauty,2,Add to Cart,2025-10-18 02:55:26
SES02076,USR02076,Mobile,West,Organic,Fashion,2,Add to Cart,2025-10-11 03:00:31
SES02077,USR02077,Tablet,West,Google Ads,Fashion,2,Add to Cart,2025-10-13 20:47:41
SES02078,USR02078,Mobile,North,Google Ads,Fashion,2,Add to Cart,2025-10-08 00:39:18
SES02079,USR02079,Desktop,South,Google Ads,Electronics,1,Browse,2025-10-20 04:57:11
SES02080,USR02080,Tablet,South,Organic,Sports,2,Add to Cart,2025-10-17 05:58:34
SES02081,USR02081,Tablet,South,Organic,Fashion,2,Add to Cart,2025-10-19 22:52:53
SES02082,USR02082,Tablet,West,Email,Fashion,2,Add to Cart,2025-10-12 12:03:14
SES02083,USR02083,Tablet,South,Organic,Fashion,1,Browse,2025-10-10 21:54:17
SES02084,USR02084,Mobile,South,Google Ads,Beauty,1,Browse,2025-10-12 00:57:13
SES02085,USR02085,Mobile,East,Google Ads,Fashion,3,Checkout,2025-10-18 19:06:06
SES02086,USR02086,Mobile,West,Social Media,Fashion,2,Add to Cart,2025-10-16 12:18:44
SES02087,USR02087,Tablet,South,Social Media,Beauty,3,Checkout,2025-10-08 08:59:28
SES02088,USR02088,Tablet,West,Email,Electronics,2,Add to Cart,2025-10-02 10:59:41
SES02089,USR02089,Desktop,West,Google Ads,Fashion,3,Checkout,2025-10-10 22:48:48
SES02090,USR02090,Mobile,East,Google Ads,Electronics,1,Browse,2025-10-18 05:15:03
SES02091,USR02091,Tablet,North,Email,Beauty,1,Browse,2025-10-24 10:32:57
SES02092,USR02092,Desktop,East,Email,Home,1,Browse,2025-10-08 01:11:56
SES02093,USR02093,Tablet,East,Social Media,Electronics,1,Browse,2025-10-11 00:52:24
SES02094,USR02094,Tablet,West,Email,Sports,3,Checkout,2025-10-03 16:33:19
SES02095,USR02095,Tablet,South,Email,Home,4,Purchase,2025-10-14 08:55:17
SES02096,USR02096,Tablet,East,Google Ads,Beauty,4,Purchase,2025-10-08 15:59:59
SES02097,USR02097,Desktop,East,Email,Electronics,2,Add to Cart,2025-10-30 02:04:44
SES02098,USR02098,Tablet,South,Social Media,Sports,2,Add to Cart,2025-10-19 22:00:45
SES02099,USR02099,Tablet,West,Google Ads,Electronics,2,Add to Cart,2025-10-26 14:38:48
SES02100,USR02100,Tablet,West,Email,Home,3,Checkout,2025-10-26 20:27:22
SES02101,USR02101,Mobile,North,Social Media,Electronics,1,Browse,2025-10-08 17:38:02
SES02102,USR02102,Desktop,West,Social Media,Beauty,4,Purchase,2025-10-10 20:50:35
SES02103,USR02103,Mobile,East,Organic,Beauty,3,Checkout,2025-10-30 17:17:28
SES02104,USR02104,Tablet,East,Email,Fashion,2,Add to Cart,2025-10-06 06:02:43
SES02105,USR02105,Tablet,North,Organic,Beauty,2,Add to Cart,2025-10-29 21:53:14
SES02106,USR02106,Tablet,West,Organic,Beauty,3,Checkout,2025-10-15 06:38:08
SES02107,USR02107,Desktop,South,Email,Sports,4,Purchase,2025-10-18 20:22:02
SES02108,USR02108,Mobile,North,Google Ads,Electronics,1,Browse,2025-10-28 23:02:31
SES02109,USR02109,Mobile,North,Email,Home,2,Add to Cart,2025-10-24 15:12:52
SES02110,USR02110,Desktop,North,Organic,Beauty,1,Browse,2025-10-26 20:33:26
SES02111,USR02111,Mobile,North,Google Ads,Electronics,2,Add to Cart,2025-10-27 06:48:43
SES02112,USR02112,Tablet,North,Google Ads,Beauty,3,Checkout,2025-10-26 01:31:53
SES02113,USR02113,Desktop,West,Google Ads,Fashion,2,Add to Cart,2025-10-03 15:34:20
SES02114,USR02114,Tablet,East,Google Ads,Home,3,Checkout,2025-10-30 22:13:09
SES02115,USR02115,Mobile,East,Google Ads,Fashion,3,Checkout,2025-10-02 10:14:15
SES02116,USR02116,Mobile,North,Google Ads,Fashion,1,Browse,2025-10-17 05:29:48
SES02117,USR02117,Tablet,North,Google Ads,Home,3,Checkout,2025-10-04 04:00:28
SES02118,USR02118,Desktop,East,Google Ads,Electronics,1,Browse,2025-10-16 15:52:03
SES02119,USR02119,Tablet,West,Google Ads,Beauty,2,Add to Cart,2025-10-13 17:46:41
SES02120,USR02120,Mobile,South,Google Ads,Home,2,Add to Cart,2025-10-20 02:56:38
SES02121,USR02121,Tablet,West,Organic,Beauty,1,Browse,2025-10-27 11:06:50
SES02122,USR02122,Mobile,West,Google Ads,Home,3,Checkout,2025-10-08 22:04:16
SES02123,USR02123,Desktop,West,Google Ads,Home,3,Checkout,2025-10-02 10:18:56
SES02124,USR02124,Mobile,East,Social Media,Electronics,4,Purchase,2025-10-16 23:36:18
SES02125,USR02125,Desktop,North,Google Ads,Electronics,3,Checkout,2025-10-19 12:36:42
SES02126,USR02126,Desktop,North,Google Ads,Sports,3,Checkout,2025-10-17 21:34:16
SES02127,USR02127,Tablet,North,Google Ads,Fashion,3,Checkout,2025-10-08 02:35:48
SES02128,USR02128,Mobile,East,Google Ads,Electronics,2,Add to Cart,2025-10-06 09:42:43
SES02129,USR02129,Mobile,South,Social Media,Home,2,Add to Cart,2025-10-29 21:01:28
SES02130,USR02130,Mobile,East,Organic,Electronics,3,Checkout,2025-10-21 16:37:53
SES02131,USR02131,Mobile,South,Social Media,Sports,4,Purchase,2025-10-02 04:57:47
SES02132,USR02132,Tablet,North,Google Ads,Beauty,4,Purchase,2025-10-23 23:39:45
SES02133,USR02133,Desktop,North,Organic,Electronics,2,Add to Cart,2025-10-22 00:01:39
SES02134,USR02134,Desktop,North,Email,Electronics,1,Browse,2025-10-25 06:48:27
SES02135,USR02135,Desktop,West,Email,Home,1,Browse,2025-10-11 02:01:09
SES02136,USR02136,Tablet,West,Google Ads,Beauty,2,Add to Cart,2025-10-22 05:46:27
SES02137,USR02137,Mobile,North,Google Ads,Fashion,3,Checkout,2025-10-27 16:51:45
SES02138,USR02138,Mobile,South,Google Ads,Fashion,3,Checkout,2025-10-22 06:24:52
SES02139,USR02139,Desktop,South,Social Media,Fashion,1,Browse,2025-10-16 22:25:08
SES02140,USR02140,Mobile,West,Social Media,Electronics,2,Add to Cart,2025-10-03 06:06:48
SES02141,USR02141,Desktop,East,Email,Beauty,3,Checkout,2025-10-21 19:59:30
SES02142,USR02142,Tablet,East,Google Ads,Fashion,2,Add to Cart,2025-10-10 22:31:51
SES02143,USR02143,Mobile,East,Social Media,Fashion,2,Add to Cart,2025-10-12 16:18:46
SES02144,USR02144,Mobile,East,Social Media,Home,2,Add to Cart,2025-10-08 12:44:24
SES02145,USR02145,Mobile,East,Email,Electronics,4,Purchase,2025-10-02 10:35:21
SES02146,USR02146,Desktop,South,Organic,Beauty,3,Checkout,2025-10-10 11:49:43
SES02147,USR02147,Tablet,East,Google Ads,Sports,2,Add to Cart,2025-10-21 08:09:03
SES02148,USR02148,Tablet,West,Organic,Sports,4,Purchase,2025-10-18 19:32:10
SES02149,USR02149,Desktop,South,Google Ads,Beauty,4,Purchase,2025-10-26 23:43:20
SES02150,USR02150,Mobile,East,Google Ads,Fashion,2,Add to Cart,2025-10-07 06:41:00
SES02151,USR02151,Tablet,East,Email,Fashion,2,Add to Cart,2025-10-02 09:44:13
SES02152,USR02152,Tablet,North,Organic,Fashion,2,Add to Cart,2025-10-16 03:06:40
SES02153,USR02153,Desktop,South,Social Media,Fashion,3,Checkout,2025-10-08 21:51:53
SES02154,USR02154,Desktop,East,Social Media,Electronics,2,Add to Cart,2025-10-23 19:45:44
SES02155,USR02155,Tablet,South,Organic,Beauty,2,Add to Cart,2025-10-12 13:22:53
SES02156,USR02156,Desktop,East,Social Media,Sports,1,Browse,2025-10-12 03:53:40
SES02157,USR02157,Desktop,South,Email,Sports,1,Browse,2025-10-22 22:23:37
SES02158,USR02158,Tablet,West,Social Media,Sports,3,Checkout,2025-10-11 07:54:28
SES02159,USR02159,Tablet,East,Organic,Electronics,4,Purchase,2025-10-10 00:40:44
SES02160,USR02160,Mobile,North,Social Media,Electronics,3,Checkout,2025-10-18 04:01:58
SES02161,USR02161,Desktop,South,Email,Fashion,3,Checkout,2025-10-16 03:37:43
SES02162,USR02162,Tablet,North,Email,Home,1,Browse,2025-10-08 18:50:58
SES02163,USR02163,Tablet,West,Google Ads,Home,4,Purchase,2025-10-12 19:51:15
SES02164,USR02164,Tablet,South,Social Media,Fashion,3,Checkout,2025-10-13 15:38:08
SES02165,USR02165,Mobile,West,Email,Sports,2,Add to Cart,2025-10-28 04:54:29
SES02166,USR02166,Mobile,South,Social Media,Beauty,2,Add to Cart,2025-10-12 17:14:46
SES02167,USR02167,Mobile,South,Organic,Fashion,1,Browse,2025-10-16 10:09:33
SES02168,USR02168,Mobile,South,Organic,Fashion,2,Add to Cart,2025-10-17 07:29:10
SES02169,USR02169,Mobile,North,Organic,Fashion,1,Browse,2025-10-11 15:40:45
SES02170,USR02170,Desktop,East,Organic,Home,1,Browse,2025-10-17 12:18:22
SES02171,USR02171,Tablet,North,Social Media,Fashion,2,Add to Cart,2025-10-29 06:02:42
SES02172,USR02172,Mobile,North,Organic,Sports,1,Browse,2025-10-08 14:22:31
SES02173,USR02173,Mobile,North,Social Media,Fashion,1,Browse,2025-10-14 06:00:35
SES02174,USR02174,Desktop,North,Organic,Sports,2,Add to Cart,2025-10-07 22:12:33
SES02175,USR02175,Tablet,East,Google Ads,Sports,1,Browse,2025-10-07 21:13:41
SES02176,USR02176,Desktop,South,Google Ads,Fashion,2,Add to Cart,2025-10-09 15:40:12
SES02177,USR02177,Tablet,South,Email,Beauty,1,Browse,2025-10-15 05:31:52
SES02178,USR02178,Mobile,West,Organic,Fashion,2,Add to Cart,2025-10-30 02:03:11
SES02179,USR02179,Tablet,East,Google Ads,Electronics,1,Browse,2025-10-06 08:45:32
SES02180,USR02180,Mobile,West,Email,Electronics,1,Browse,2025-10-13 03:52:24
SES02181,USR02181,Mobile,South,Google Ads,Fashion,3,Checkout,2025-10-23 07:51:07
SES02182,USR02182,Desktop,South,Google Ads,Home,4,Purchase,2025-10-17 15:07:54
SES02183,USR02183,Desktop,East,Social Media,Home,1,Browse,2025-10-17 09:34:17
SES02184,USR02184,Mobile,West,Social Media,Sports,2,Add to Cart,2025-10-18 23:11:02
SES02185,USR02185,Mobile,West,Social Media,Home,2,Add to Cart,2025-10-23 08:18:32
SES02186,USR02186,Tablet,West,Organic,Electronics,4,Purchase,2025-10-21 02:04:34
SES02187,USR02187,Mobile,East,Email,Electronics,2,Add to Cart,2025-10-16 19:15:48
SES02188,USR02188,Mobile,West,Google Ads,Home,1,Browse,2025-10-06 03:56:16
SES02189,USR02189,Mobile,North,Email,Electronics,2,Add to Cart,2025-10-23 01:41:31
SES02190,USR02190,Mobile,North,Organic,Sports,1,Browse,2025-10-07 19:33:39
SES02191,USR02191,Tablet,North,Email,Home,1,Browse,2025-10-02 14:03:25
SES02192,USR02192,Tablet,South,Organic,Fashion,3,Checkout,2025-10-22 23:27:24
SES02193,USR02193,Desktop,South,Social Media,Fashion,2,Add to Cart,2025-10-24 18:32:06
SES02194,USR02194,Mobile,West,Organic,Home,3,Checkout,2025-10-29 14:43:47
SES02195,USR02195,Tablet,East,Organic,Electronics,2,Add to Cart,2025-10-25 02:07:52
SES02196,USR02196,Mobile,North,Social Media,Fashion,1,Browse,2025-10-06 20:31:50
SES02197,USR02197,Desktop,North,Social Media,Electronics,3,Checkout,2025-10-16 01:02:20
SES02198,USR02198,Mobile,East,Organic,Sports,3,Checkout,2025-10-07 16:22:40
SES02199,USR02199,Tablet,East,Organic,Beauty,3,Checkout,2025-10-07 01:48:07
SES02200,USR02200,Tablet,North,Organic,Beauty,2,Add to Cart,2025-10-13 19:57:44
SES02201,USR02201,Tablet,West,Google Ads,Beauty,2,Add to Cart,2025-10-12 03:59:40
SES02202,USR02202,Tablet,North,Social Media,Fashion,2,Add to Cart,2025-10-09 18:17:43
SES02203,USR02203,Desktop,West,Email,Home,2,Add to Cart,2025-10-21 00:54:08
SES02204,USR02204,Tablet,West,Social Media,Home,4,Purchase,2025-10-11 01:11:54
SES02205,USR02205,Desktop,West,Email,Home,1,Browse,2025-10-22 14:35:02
SES02206,USR02206,Desktop,West,Social Media,Sports,4,Purchase,2025-10-30 19:15:18
SES02207,USR02207,Mobile,East,Organic,Beauty,2,Add to Cart,2025-10-25 14:23:33
SES02208,USR02208,Desktop,North,Social Media,Fashion,2,Add to Cart,2025-10-12 11:28:01
SES02209,USR02209,Mobile,West,Organic,Home,4,Purchase,2025-10-10 01:10:02
SES02210,USR02210,Desktop,North,Email,Home,3,Checkout,2025-10-07 03:25:39
SES02211,USR02211,Tablet,West,Email,Beauty,4,Purchase,2025-10-27 23:51:57
SES02212,USR02212,Desktop,East,Google Ads,Home,2,Add to Cart,2025-10-17 17:25:13
SES02213,USR02213,Desktop,East,Social Media,Fashion,2,Add to Cart,2025-10-18 14:11:07
SES02214,USR02214,Tablet,East,Organic,Electronics,3,Checkout,2025-10-12 18:10:47
SES02215,USR02215,Desktop,South,Google Ads,Home,2,Add to Cart,2025-10-27 12:51:07
SES02216,USR02216,Tablet,South,Organic,Sports,2,Add to Cart,2025-10-15 11:23:14
SES02217,USR02217,Tablet,East,Organic,Sports,4,Purchase,2025-10-31 10:18:37
SES02218,USR02218,Desktop,West,Social Media,Fashion,3,Checkout,2025-10-06 21:24:02
SES02219,USR02219,Mobile,South,Organic,Electronics,2,Add to Cart,2025-10-20 08:10:42
SES02220,USR02220,Desktop,South,Organic,Electronics,3,Checkout,2025-10-15 19:54:44
SES02221,USR02221,Mobile,North,Social Media,Home,4,Purchase,2025-10-21 07:54:57
SES02222,USR02222,Desktop,East,Email,Fashion,2,Add to Cart,2025-10-02 15:22:20
SES02223,USR02223,Mobile,North,Google Ads,Beauty,2,Add to Cart,2025-10-25 10:02:33
SES02224,USR02224,Tablet,South,Email,Home,1,Browse,2025-10-08 20:43:23
SES02225,USR02225,Desktop,East,Social Media,Electronics,2,Add to Cart,2025-10-28 04:27:04
SES02226,USR02226,Tablet,South,Google Ads,Fashion,2,Add to Cart,2025-10-02 03:34:44
SES02227,USR02227,Mobile,East,Organic,Home,2,Add to Cart,2025-10-15 08:02:09
SES02228,USR02228,Desktop,East,Social Media,Electronics,1,Browse,2025-10-07 05:42:33
SES02229,USR02229,Desktop,North,Email,Sports,2,Add to Cart,2025-10-04 15:14:11
SES02230,USR02230,Mobile,East,Google Ads,Home,3,Checkout,2025-10-03 22:27:11
SES02231,USR02231,Mobile,West,Google Ads,Home,1,Browse,2025-10-22 23:37:44
SES02232,USR02232,Mobile,North,Social Media,Home,3,Checkout,2025-10-30 09:37:52
SES02233,USR02233,Mobile,East,Google Ads,Electronics,2,Add to Cart,2025-10-04 19:17:36
SES02234,USR02234,Desktop,West,Email,Electronics,1,Browse,2025-10-12 06:48:45
SES02235,USR02235,Mobile,East,Organic,Beauty,4,Purchase,2025-10-29 17:31:25
SES02236,USR02236,Tablet,North,Email,Electronics,3,Checkout,2025-10-30 15:49:59
SES02237,USR02237,Tablet,East,Social Media,Home,3,Checkout,2025-10-08 17:22:00
SES02238,USR02238,Desktop,West,Social Media,Sports,3,Checkout,2025-10-25 02:23:09
SES02239,USR02239,Tablet,West,Organic,Sports,1,Browse,2025-10-25 10:35:57
SES02240,USR02240,Desktop,North,Organic,Home,2,Add to Cart,2025-10-07 12:14:25
SES02241,USR02241,Tablet,South,Google Ads,Sports,3,Checkout,2025-10-27 10:42:48
SES02242,USR02242,Mobile,West,Email,Fashion,3,Checkout,2025-10-10 02:49:48
SES02243,USR02243,Mobile,North,Google Ads,Fashion,2,Add to Cart,2025-10-20 10:14:28
SES02244,USR02244,Desktop,South,Social Media,Home,1,Browse,2025-10-05 01:09:32
SES02245,USR02245,Tablet,East,Google Ads,Beauty,3,Checkout,2025-10-08 21:10:20
SES02246,USR02246,Mobile,North,Organic,Home,4,Purchase,2025-10-29 07:46:45
SES02247,USR02247,Tablet,South,Organic,Fashion,4,Purchase,2025-10-12 17:38:14
SES02248,USR02248,Mobile,West,Organic,Beauty,2,Add to Cart,2025-10-27 06:13:20
SES02249,USR02249,Desktop,South,Organic,Beauty,4,Purchase,2025-10-04 20:41:50
SES02250,USR02250,Tablet,West,Email,Fashion,2,Add to Cart,2025-10-27 11:58:50
SES02251,USR02251,Tablet,North,Social Media,Electronics,3,Checkout,2025-10-09 17:50:49
SES02252,USR02252,Desktop,East,Google Ads,Sports,2,Add to Cart,2025-10-30 00:48:45
SES02253,USR02253,Desktop,South,Google Ads,Beauty,1,Browse,2025-10-03 07:52:14
SES02254,USR02254,Desktop,South,Social Media,Beauty,2,Add to Cart,2025-10-13 12:01:40
SES02255,USR02255,Desktop,East,Google Ads,Beauty,1,Browse,2025-10-22 16:46:30
SES02256,USR02256,Mobile,South,Google Ads,Electronics,2,Add to Cart,2025-10-16 11:57:07
SES02257,USR02257,Tablet,East,Organic,Home,3,Checkout,2025-10-03 03:33:09
SES02258,USR02258,Tablet,South,Google Ads,Sports,2,Add to Cart,2025-10-03 03:33:41
SES02259,USR02259,Mobile,South,Social Media,Fashion,1,Browse,2025-10-09 12:01:46
SES02260,USR02260,Mobile,West,Email,Home,2,Add to Cart,2025-10-05 12:00:32
SES02261,USR02261,Tablet,West,Organic,Fashion,1,Browse,2025-10-27 11:32:43
SES02262,USR02262,Tablet,East,Social Media,Sports,3,Checkout,2025-10-17 09:42:23
SES02263,USR02263,Tablet,West,Organic,Sports,3,Checkout,2025-10-23 03:43:34
SES02264,USR02264,Desktop,North,Social Media,Sports,2,Add to Cart,2025-10-24 23:04:02
SES02265,USR02265,Desktop,East,Google Ads,Home,3,Checkout,2025-10-09 20:31:39
SES02266,USR02266,Tablet,North,Social Media,Electronics,2,Add to Cart,2025-10-27 11:15:12
SES02267,USR02267,Tablet,West,Email,Electronics,2,Add to Cart,2025-10-18 21:44:16
SES02268,USR02268,Mobile,South,Email,Fashion,2,Add to Cart,2025-10-25 22:32:11
SES02269,USR02269,Mobile,South,Email,Home,4,Purchase,2025-10-18 15:04:21
SES02270,USR02270,Mobile,North,Email,Sports,2,Add to Cart,2025-10-16 23:33:50
SES02271,USR02271,Tablet,East,Google Ads,Beauty,3,Checkout,2025-10-27 14:51:15
SES02272,USR02272,Tablet,North,Email,Fashion,2,Add to Cart,2025-10-23 18:58:23
SES02273,USR02273,Mobile,North,Email,Sports,4,Purchase,2025-10-05 00:59:01
SES02274,USR02274,Desktop,South,Email,Home,1,Browse,2025-10-11 10:35:42
SES02275,USR02275,Mobile,West,Email,Fashion,2,Add to Cart,2025-10-06 11:12:25
SES02276,USR02276,Tablet,West,Social Media,Beauty,2,Add to Cart,2025-10-21 04:29:55
SES02277,USR02277,Tablet,South,Email,Electronics,1,Browse,2025-10-02 19:29:18
SES02278,USR02278,Tablet,East,Email,Fashion,2,Add to Cart,2025-10-03 17:15:26
SES02279,USR02279,Desktop,East,Email,Home,1,Browse,2025-10-08 07:38:11
SES02280,USR02280,Desktop,West,Organic,Sports,1,Browse,2025-10-11 01:08:31
SES02281,USR02281,Mobile,North,Organic,Electronics,1,Browse,2025-10-25 05:29:58
SES02282,USR02282,Desktop,East,Google Ads,Beauty,3,Checkout,2025-10-02 06:39:00
SES02283,USR02283,Tablet,South,Email,Home,1,Browse,2025-10-23 15:33:17
SES02284,USR02284,Tablet,West,Organic,Beauty,2,Add to Cart,2025-10-18 16:41:12
SES02285,USR02285,Desktop,East,Google Ads,Sports,4,Purchase,2025-10-11 19:23:10
SES02286,USR02286,Tablet,South,Organic,Sports,1,Browse,2025-10-03 11:00:44
SES02287,USR02287,Mobile,East,Organic,Sports,3,Checkout,2025-10-30 16:18:35
SES02288,USR02288,Tablet,North,Google Ads,Electronics,1,Browse,2025-10-15 10:31:57
SES02289,USR02289,Mobile,South,Google Ads,Fashion,2,Add to Cart,2025-10-23 04:14:48
SES02290,USR02290,Tablet,North,Social Media,Home,1,Browse,2025-10-25 07:35:02
SES02291,USR02291,Tablet,South,Google Ads,Home,3,Checkout,2025-10-02 20:29:36
SES02292,USR02292,Tablet,East,Social Media,Fashion,2,Add to Cart,2025-10-12 09:09:38
SES02293,USR02293,Desktop,West,Email,Fashion,1,Browse,2025-10-18 00:27:24
SES02294,USR02294,Desktop,East,Google Ads,Electronics,3,Checkout,2025-10-10 02:39:48
SES02295,USR02295,Mobile,South,Social Media,Electronics,1,Browse,2025-10-18 12:17:19
SES02296,USR02296,Desktop,North,Organic,Fashion,1,Browse,2025-10-09 07:28:59
SES02297,USR02297,Mobile,West,Email,Beauty,1,Browse,2025-10-13 08:38:05
SES02298,USR02298,Mobile,South,Google Ads,Sports,3,Checkout,2025-10-31 10:52:32
SES02299,USR02299,Desktop,West,Email,Sports,4,Purchase,2025-10-22 12:01:37
SES02300,USR02300,Mobile,North,Email,Beauty,1,Browse,2025-10-25 02:31:39
SES02301,USR02301,Mobile,South,Organic,Fashion,2,Add to Cart,2025-10-09 14:50:25
SES02302,USR02302,Desktop,South,Social Media,Home,4,Purchase,2025-10-05 21:06:32
SES02303,USR02303,Desktop,East,Organic,Beauty,2,Add to Cart,2025-10-14 22:28:52
SES02304,USR02304,Mobile,South,Organic,Beauty,3,Checkout,2025-10-10 14:23:41
SES02305,USR02305,Mobile,East,Organic,Electronics,2,Add to Cart,2025-10-29 07:49:15
SES02306,USR02306,Desktop,South,Organic,Beauty,3,Checkout,2025-10-03 07:49:15
SES02307,USR02307,Desktop,West,Social Media,Sports,2,Add to Cart,2025-10-17 15:12:38
SES02308,USR02308,Mobile,North,Organic,Electronics,2,Add to Cart,2025-10-11 02:34:53
SES02309,USR02309,Tablet,North,Email,Electronics,3,Checkout,2025-10-13 11:19:06
SES02310,USR02310,Tablet,North,Organic,Sports,4,Purchase,2025-10-20 18:36:00
SES02311,USR02311,Tablet,South,Organic,Home,2,Add to Cart,2025-10-26 18:26:05
SES02312,USR02312,Desktop,North,Social Media,Home,1,Browse,2025-10-20 23:33:17
SES02313,USR02313,Desktop,North,Google Ads,Beauty,2,Add to Cart,2025-10-25 22:12:48
SES02314,USR02314,Tablet,North,Email,Home,1,Browse,2025-10-21 19:37:00
SES02315,USR02315,Desktop,South,Organic,Beauty,1,Browse,2025-10-24 17:41:47
SES02316,USR02316,Mobile,South,Social Media,Sports,2,Add to Cart,2025-10-27 13:30:04
SES02317,USR02317,Mobile,South,Social Media,Electronics,3,Checkout,2025-10-07 08:06:36
SES02318,USR02318,Desktop,East,Organic,Fashion,3,Checkout,2025-10-14 10:35:36
SES02319,USR02319,Tablet,North,Email,Electronics,1,Browse,2025-10-08 21:08:41
SES02320,USR02320,Desktop,West,Social Media,Beauty,3,Checkout,2025-10-08 23:27:53
SES02321,USR02321,Mobile,West,Google Ads,Fashion,2,Add to Cart,2025-10-17 09:05:30
SES02322,USR02322,Tablet,South,Email,Fashion,2,Add to Cart,2025-10-23 05:57:45
SES02323,USR02323,Mobile,West,Email,Sports,1,Browse,2025-10-30 15:54:15
SES02324,USR02324,Mobile,West,Organic,Fashion,1,Browse,2025-10-30 03:14:34
SES02325,USR02325,Desktop,South,Organic,Fashion,1,Browse,2025-10-18 00:54:22
SES02326,USR02326,Desktop,South,Email,Fashion,2,Add to Cart,2025-10-19 22:33:54
SES02327,USR02327,Tablet,North,Social Media,Sports,1,Browse,2025-10-31 16:43:04
SES02328,USR02328,Desktop,South,Email,Home,1,Browse,2025-10-17 12:20:15
SES02329,USR02329,Mobile,North,Email,Beauty,2,Add to Cart,2025-10-29 10:16:32
SES02330,USR02330,Desktop,East,Social Media,Sports,1,Browse,2025-10-03 14:45:25
SES02331,USR02331,Desktop,West,Organic,Fashion,3,Checkout,2025-10-07 04:50:03
SES02332,USR02332,Mobile,South,Google Ads,Fashion,1,Browse,2025-10-07 09:11:45
SES02333,USR02333,Tablet,North,Organic,Sports,4,Purchase,2025-10-09 08:38:16
SES02334,USR02334,Mobile,South,Google Ads,Electronics,1,Browse,2025-10-14 13:12:37
SES02335,USR02335,Mobile,East,Email,Sports,2,Add to Cart,2025-10-10 04:23:39
SES02336,USR02336,Desktop,North,Organic,Electronics,1,Browse,2025-10-20 08:44:41
SES02337,USR02337,Desktop,South,Social Media,Electronics,3,Checkout,2025-10-07 13:51:06
SES02338,USR02338,Mobile,North,Social Media,Home,3,Checkout,2025-10-27 10:33:18
SES02339,USR02339,Mobile,North,Organic,Sports,2,Add to Cart,2025-10-30 14:12:34
SES02340,USR02340,Mobile,East,Email,Electronics,4,Purchase,2025-10-16 08:31:16
SES02341,USR02341,Tablet,North,Social Media,Beauty,2,Add to Cart,2025-10-14 03:19:37
SES02342,USR02342,Desktop,West,Social Media,Home,2,Add to Cart,2025-10-14 01:11:11
SES02343,USR02343,Mobile,North,Email,Beauty,2,Add to Cart,2025-10-21 13:34:29
SES02344,USR02344,Desktop,South,Social Media,Electronics,1,Browse,2025-10-22 04:54:56
SES02345,USR02345,Desktop,South,Organic,Fashion,3,Checkout,2025-10-21 18:41:55
SES02346,USR02346,Mobile,East,Email,Fashion,2,Add to Cart,2025-10-11 05:25:35
SES02347,USR02347,Mobile,East,Email,Electronics,3,Checkout,2025-10-06 08:26:07
SES02348,USR02348,Mobile,West,Social Media,Sports,3,Checkout,2025-10-06 02:36:35
SES02349,USR02349,Tablet,North,Organic,Home,4,Purchase,2025-10-27 05:39:48
SES02350,USR02350,Mobile,North,Social Media,Fashion,2,Add to Cart,2025-10-08 19:25:57
SES02351,USR02351,Desktop,East,Google Ads,Electronics,1,Browse,2025-10-02 07:22:24
SES02352,USR02352,Desktop,South,Google Ads,Electronics,1,Browse,2025-10-26 08:05:55
SES02353,USR02353,Tablet,East,Google Ads,Home,2,Add to Cart,2025-10-11 15:15:33
SES02354,USR02354,Mobile,West,Social Media,Electronics,1,Browse,2025-10-05 21:51:09
SES02355,USR02355,Mobile,South,Google Ads,Beauty,2,Add to Cart,2025-10-25 19:12:03
SES02356,USR02356,Desktop,West,Email,Sports,3,Checkout,2025-10-31 10:23:49
SES02357,USR02357,Desktop,South,Email,Fashion,2,Add to Cart,2025-10-04 05:14:06
SES02358,USR02358,Tablet,East,Organic,Fashion,3,Checkout,2025-10-25 19:51:28
SES02359,USR02359,Desktop,South,Social Media,Fashion,2,Add to Cart,2025-10-08 09:15:43
SES02360,USR02360,Tablet,East,Google Ads,Beauty,1,Browse,2025-10-02 06:24:19
SES02361,USR02361,Mobile,South,Email,Sports,3,Checkout,2025-10-22 07:56:17
SES02362,USR02362,Desktop,South,Organic,Electronics,2,Add to Cart,2025-10-15 03:07:15
SES02363,USR02363,Tablet,East,Email,Home,3,Checkout,2025-10-14 12:30:39
SES02364,USR02364,Mobile,East,Email,Fashion,1,Browse,2025-10-14 13:20:08
SES02365,USR02365,Mobile,West,Email,Fashion,2,Add to Cart,2025-10-11 01:21:25
SES02366,USR02366,Desktop,South,Google Ads,Beauty,1,Browse,2025-10-31 18:29:37
SES02367,USR02367,Tablet,South,Google Ads,Beauty,4,Purchase,2025-10-02 22:40:03
SES02368,USR02368,Tablet,West,Email,Sports,3,Checkout,2025-10-21 12:43:22
SES02369,USR02369,Tablet,South,Google Ads,Sports,1,Browse,2025-10-30 09:41:55
SES02370,USR02370,Desktop,South,Google Ads,Sports,4,Purchase,2025-10-16 04:17:08
SES02371,USR02371,Mobile,North,Organic,Sports,3,Checkout,2025-10-12 18:40:25
SES02372,USR02372,Desktop,North,Organic,Fashion,1,Browse,2025-10-29 12:13:50
SES02373,USR02373,Desktop,East,Google Ads,Electronics,1,Browse,2025-10-29 16:51:56
SES02374,USR02374,Desktop,East,Google Ads,Beauty,2,Add to Cart,2025-10-11 16:53:05
SES02375,USR02375,Desktop,North,Email,Fashion,4,Purchase,2025-10-29 10:22:02
SES02376,USR02376,Tablet,West,Google Ads,Fashion,4,Purchase,2025-10-23 22:16:59
SES02377,USR02377,Desktop,South,Social Media,Electronics,2,Add to Cart,2025-10-12 08:54:54
SES02378,USR02378,Tablet,South,Social Media,Electronics,3,Checkout,2025-10-19 17:29:50
SES02379,USR02379,Mobile,West,Email,Beauty,3,Checkout,2025-10-13 23:56:37
SES02380,USR02380,Desktop,East,Social Media,Fashion,3,Checkout,2025-10-18 20:43:03
SES02381,USR02381,Mobile,West,Email,Home,4,Purchase,2025-10-08 11:55:57
SES02382,USR02382,Tablet,South,Organic,Electronics,1,Browse,2025-10-16 13:30:33
SES02383,USR02383,Mobile,East,Social Media,Sports,3,Checkout,2025-10-05 05:35:55
SES02384,USR02384,Desktop,North,Google Ads,Beauty,4,Purchase,2025-10-05 06:09:25
SES02385,USR02385,Desktop,North,Social Media,Electronics,1,Browse,2025-10-20 07:39:55
SES02386,USR02386,Desktop,East,Email,Sports,2,Add to Cart,2025-10-17 11:20:30
SES02387,USR02387,Mobile,East,Organic,Home,2,Add to Cart,2025-10-03 01:55:16
SES02388,USR02388,Tablet,East,Social Media,Fashion,2,Add to Cart,2025-10-26 15:47:09
SES02389,USR02389,Desktop,East,Social Media,Beauty,1,Browse,2025-10-22 21:33:52
SES02390,USR02390,Mobile,North,Email,Sports,3,Checkout,2025-10-16 16:52:54
SES02391,USR02391,Desktop,West,Social Media,Fashion,3,Checkout,2025-10-30 08:00:31
SES02392,USR02392,Mobile,West,Social Media,Electronics,4,Purchase,2025-10-26 08:14:12
SES02393,USR02393,Mobile,South,Email,Beauty,2,Add to Cart,2025-10-13 19:47:53
SES02394,USR02394,Desktop,East,Email,Beauty,3,Checkout,2025-10-28 20:28:07
SES02395,USR02395,Tablet,South,Organic,Beauty,3,Checkout,2025-10-02 07:40:13
SES02396,USR02396,Mobile,North,Google Ads,Beauty,1,Browse,2025-10-22 07:25:43
SES02397,USR02397,Tablet,North,Email,Electronics,2,Add to Cart,2025-10-23 14:24:51
SES02398,USR02398,Tablet,West,Social Media,Beauty,2,Add to Cart,2025-10-05 09:28:53
SES02399,USR02399,Desktop,South,Social Media,Sports,4,Purchase,2025-10-23 17:08:40
SES02400,USR02400,Tablet,North,Social Media,Sports,2,Add to Cart,2025-10-21 15:05:49
SES02401,USR02401,Tablet,South,Email,Fashion,2,Add to Cart,2025-10-16 17:56:53
SES02402,USR02402,Desktop,East,Organic,Beauty,3,Checkout,2025-10-14 02:22:14
SES02403,USR02403,Mobile,West,Google Ads,Fashion,1,Browse,2025-10-14 19:17:44
SES02404,USR02404,Mobile,South,Email,Home,1,Browse,2025-10-08 21:03:16
SES02405,USR02405,Tablet,South,Organic,Fashion,3,Checkout,2025-10-10 04:28:09
SES02406,USR02406,Mobile,South,Organic,Beauty,1,Browse,2025-10-02 09:54:15
SES02407,USR02407,Desktop,West,Google Ads,Sports,1,Browse,2025-10-14 21:09:33
SES02408,USR02408,Tablet,West,Social Media,Beauty,2,Add to Cart,2025-10-26 07:17:04
SES02409,USR02409,Tablet,North,Organic,Electronics,1,Browse,2025-10-23 01:18:31
SES02410,USR02410,Tablet,North,Email,Electronics,3,Checkout,2025-10-21 00:45:51
SES02411,USR02411,Desktop,South,Social Media,Beauty,2,Add to Cart,2025-10-20 03:42:59
SES02412,USR02412,Mobile,North,Google Ads,Home,3,Checkout,2025-10-14 22:16:45
SES02413,USR02413,Mobile,West,Email,Home,3,Checkout,2025-10-12 07:21:58
SES02414,USR02414,Mobile,East,Google Ads,Electronics,1,Browse,2025-10-20 21:14:26
SES02415,USR02415,Tablet,North,Organic,Fashion,3,Checkout,2025-10-19 18:01:19
SES02416,USR02416,Tablet,North,Organic,Home,2,Add to Cart,2025-10-10 03:29:55
SES02417,USR02417,Tablet,South,Organic,Home,2,Add to Cart,2025-10-08 09:49:03
SES02418,USR02418,Tablet,North,Email,Home,2,Add to Cart,2025-10-04 08:29:35
SES02419,USR02419,Desktop,East,Google Ads,Home,2,Add to Cart,2025-10-07 06:51:09
SES02420,USR02420,Desktop,East,Google Ads,Electronics,3,Checkout,2025-10-26 13:11:46
SES02421,USR02421,Tablet,South,Social Media,Electronics,2,Add to Cart,2025-10-13 23:45:56
SES02422,USR02422,Desktop,West,Email,Sports,3,Checkout,2025-10-04 07:45:34
SES02423,USR02423,Desktop,West,Email,Electronics,1,Browse,2025-10-17 03:44:34
SES02424,USR02424,Mobile,North,Email,Fashion,2,Add to Cart,2025-10-06 22:50:21
SES02425,USR02425,Mobile,South,Social Media,Electronics,3,Checkout,2025-10-12 20:00:58
SES02426,USR02426,Tablet,West,Google Ads,Sports,1,Browse,2025-10-20 16:21:40
SES02427,USR02427,Mobile,South,Google Ads,Electronics,4,Purchase,2025-10-17 14:30:54
SES02428,USR02428,Tablet,West,Google Ads,Electronics,2,Add to Cart,2025-10-16 12:08:33
SES02429,USR02429,Tablet,West,Email,Electronics,3,Checkout,2025-10-22 19:20:52
SES02430,USR02430,Tablet,West,Organic,Fashion,1,Browse,2025-10-27 23:51:46
SES02431,USR02431,Tablet,East,Email,Electronics,2,Add to Cart,2025-10-20 04:51:01
SES02432,USR02432,Tablet,South,Organic,Home,2,Add to Cart,2025-10-10 20:17:12
SES02433,USR02433,Desktop,South,Google Ads,Home,2,Add to Cart,2025-10-24 00:15:18
SES02434,USR02434,Desktop,South,Organic,Home,3,Checkout,2025-10-16 19:34:25
SES02435,USR02435,Tablet,East,Organic,Electronics,1,Browse,2025-10-11 16:02:49
SES02436,USR02436,Tablet,North,Google Ads,Electronics,1,Browse,2025-10-18 21:18:30
SES02437,USR02437,Tablet,South,Organic,Sports,2,Add to Cart,2025-10-17 16:08:49
SES02438,USR02438,Mobile,East,Google Ads,Sports,3,Checkout,2025-10-01 22:37:31
SES02439,USR02439,Desktop,East,Social Media,Sports,2,Add to Cart,2025-10-15 16:28:17
SES02440,USR02440,Tablet,South,Social Media,Electronics,3,Checkout,2025-10-04 09:37:03
SES02441,USR02441,Mobile,South,Organic,Home,2,Add to Cart,2025-10-21 14:36:19
SES02442,USR02442,Tablet,West,Organic,Home,3,Checkout,2025-10-29 16:39:36
SES02443,USR02443,Tablet,South,Organic,Beauty,4,Purchase,2025-10-14 20:38:08
SES02444,USR02444,Tablet,East,Google Ads,Fashion,1,Browse,2025-10-31 16:11:30
SES02445,USR02445,Desktop,North,Email,Electronics,2,Add to Cart,2025-10-27 20:12:09
SES02446,USR02446,Tablet,East,Organic,Beauty,1,Browse,2025-10-27 18:30:11
SES02447,USR02447,Tablet,West,Social Media,Beauty,3,Checkout,2025-10-29 00:10:18
SES02448,USR02448,Desktop,West,Social Media,Home,3,Checkout,2025-10-18 09:35:33
SES02449,USR02449,Mobile,West,Google Ads,Sports,2,Add to Cart,2025-10-13 14:28:42
SES02450,USR02450,Tablet,South,Google Ads,Sports,2,Add to Cart,2025-10-10 06:34:37
SES02451,USR02451,Mobile,East,Organic,Home,1,Browse,2025-10-13 06:28:31
SES02452,USR02452,Desktop,South,Social Media,Beauty,4,Purchase,2025-10-23 17:53:24
SES02453,USR02453,Mobile,South,Email,Electronics,3,Checkout,2025-10-19 10:37:54
SES02454,USR02454,Mobile,West,Social Media,Sports,3,Checkout,2025-10-26 07:18:24
SES02455,USR02455,Mobile,North,Email,Fashion,1,Browse,2025-10-13 15:50:34
SES02456,USR02456,Desktop,North,Social Media,Sports,2,Add to Cart,2025-10-31 10:57:54
SES02457,USR02457,Desktop,West,Social Media,Fashion,1,Browse,2025-10-20 14:14:47
SES02458,USR02458,Desktop,East,Google Ads,Fashion,2,Add to Cart,2025-10-14 10:50:25
SES02459,USR02459,Tablet,South,Organic,Home,4,Purchase,2025-10-05 07:58:35
SES02460,USR02460,Tablet,West,Email,Fashion,1,Browse,2025-10-25 13:27:36
SES02461,USR02461,Mobile,North,Social Media,Sports,3,Checkout,2025-10-24 11:31:02
SES02462,USR02462,Tablet,North,Organic,Beauty,2,Add to Cart,2025-10-05 04:29:58
SES02463,USR02463,Mobile,West,Email,Fashion,3,Checkout,2025-10-02 15:14:58
SES02464,USR02464,Mobile,West,Social Media,Electronics,1,Browse,2025-10-10 10:13:08
SES02465,USR02465,Tablet,North,Google Ads,Electronics,3,Checkout,2025-10-14 07:07:39
SES02466,USR02466,Mobile,West,Social Media,Fashion,1,Browse,2025-10-13 22:26:02
SES02467,USR02467,Tablet,South,Social Media,Fashion,2,Add to Cart,2025-10-20 08:29:41
SES02468,USR02468,Mobile,North,Google Ads,Fashion,4,Purchase,2025-10-22 21:59:19
SES02469,USR02469,Tablet,North,Email,Home,2,Add to Cart,2025-10-12 08:36:05
SES02470,USR02470,Desktop,East,Organic,Beauty,3,Checkout,2025-10-10 09:57:33
SES02471,USR02471,Tablet,East,Social Media,Beauty,1,Browse,2025-10-23 03:23:01
SES02472,USR02472,Desktop,North,Google Ads,Fashion,4,Purchase,2025-10-05 02:08:27
SES02473,USR02473,Tablet,North,Organic,Fashion,1,Browse,2025-10-25 02:49:57
SES02474,USR02474,Desktop,West,Email,Sports,1,Browse,2025-10-29 10:50:01
SES02475,USR02475,Tablet,North,Google Ads,Electronics,4,Purchase,2025-10-24 12:14:39
SES02476,USR02476,Tablet,South,Organic,Sports,3,Checkout,2025-10-09 08:04:02
SES02477,USR02477,Tablet,West,Google Ads,Sports,1,Browse,2025-10-31 16:59:56
SES02478,USR02478,Desktop,East,Google Ads,Fashion,3,Checkout,2025-10-02 16:19:38
SES02479,USR02479,Tablet,West,Google Ads,Electronics,1,Browse,2025-10-23 06:56:43
SES02480,USR02480,Mobile,East,Social Media,Sports,1,Browse,2025-10-03 00:04:28
SES02481,USR02481,Tablet,West,Google Ads,Fashion,2,Add to Cart,2025-10-30 02:49:38
SES02482,USR02482,Desktop,South,Email,Sports,1,Browse,2025-10-19 12:14:50
SES02483,USR02483,Desktop,West,Email,Fashion,2,Add to Cart,2025-10-14 16:52:44
SES02484,USR02484,Desktop,South,Google Ads,Fashion,4,Purchase,2025-10-05 09:59:14
SES02485,USR02485,Desktop,North,Social Media,Home,3,Checkout,2025-10-05 19:48:32
SES02486,USR02486,Mobile,North,Email,Fashion,1,Browse,2025-10-10 05:17:01
SES02487,USR02487,Tablet,East,Google Ads,Home,3,Checkout,2025-10-17 10:38:05
SES02488,USR02488,Tablet,East,Organic,Fashion,1,Browse,2025-10-28 13:19:23
SES02489,USR02489,Tablet,West,Social Media,Electronics,3,Checkout,2025-10-16 01:13:04
SES02490,USR02490,Desktop,South,Email,Sports,3,Checkout,2025-10-27 20:40:40
SES02491,USR02491,Mobile,East,Google Ads,Fashion,3,Checkout,2025-10-28 14:07:41
SES02492,USR02492,Mobile,West,Organic,Home,1,Browse,2025-10-25 15:19:38
SES02493,USR02493,Tablet,West,Social Media,Electronics,2,Add to Cart,2025-10-24 00:18:55
SES02494,USR02494,Desktop,South,Email,Home,2,Add to Cart,2025-10-19 17:42:54
SES02495,USR02495,Desktop,North,Social Media,Fashion,2,Add to Cart,2025-10-09 14:29:36
SES02496,USR02496,Mobile,West,Organic,Sports,1,Browse,2025-10-16 12:10:01
SES02497,USR02497,Desktop,North,Email,Fashion,3,Checkout,2025-10-03 16:45:55
SES02498,USR02498,Tablet,West,Google Ads,Beauty,3,Checkout,2025-10-28 18:34:48
SES02499,USR02499,Desktop,North,Organic,Home,4,Purchase,2025-10-10 14:16:49
SES02500,USR02500,Mobile,North,Google Ads,Home,1,Browse,2025-10-14 10:19:05
SES02501,USR02501,Tablet,North,Organic,Fashion,3,Checkout,2025-10-15 11:16:59
SES02502,USR02502,Mobile,East,Social Media,Fashion,4,Purchase,2025-10-03 04:34:00
SES02503,USR02503,Desktop,North,Google Ads,Home,1,Browse,2025-10-28 17:00:13
SES02504,USR02504,Desktop,East,Organic,Beauty,3,Checkout,2025-10-06 02:21:59
SES02505,USR02505,Desktop,West,Email,Electronics,4,Purchase,2025-10-12 08:16:00
SES02506,USR02506,Mobile,East,Google Ads,Sports,3,Checkout,2025-10-15 05:52:07
SES02507,USR02507,Mobile,West,Google Ads,Beauty,2,Add to Cart,2025-10-22 15:59:54
SES02508,USR02508,Desktop,East,Google Ads,Beauty,3,Checkout,2025-10-18 02:26:24
SES02509,USR02509,Desktop,South,Social Media,Home,2,Add to Cart,2025-10-30 03:24:14
SES02510,USR02510,Tablet,East,Email,Beauty,3,Checkout,2025-10-06 04:01:20
SES02511,USR02511,Desktop,East,Google Ads,Sports,2,Add to Cart,2025-10-19 05:17:47
SES02512,USR02512,Tablet,West,Google Ads,Beauty,2,Add to Cart,2025-10-26 11:03:08
SES02513,USR02513,Mobile,North,Email,Electronics,4,Purchase,2025-10-25 08:40:09
SES02514,USR02514,Desktop,East,Social Media,Home,3,Checkout,2025-10-31 09:16:26
SES02515,USR02515,Mobile,North,Email,Home,4,Purchase,2025-10-18 02:55:17
SES02516,USR02516,Tablet,South,Google Ads,Beauty,3,Checkout,2025-10-12 15:20:38
SES02517,USR02517,Tablet,South,Google Ads,Electronics,2,Add to Cart,2025-10-29 08:29:09
SES02518,USR02518,Tablet,West,Organic,Home,1,Browse,2025-10-17 18:59:28
SES02519,USR02519,Desktop,East,Email,Beauty,1,Browse,2025-10-30 09:12:53
SES02520,USR02520,Tablet,West,Social Media,Sports,2,Add to Cart,2025-10-27 22:05:07
SES02521,USR02521,Desktop,North,Email,Electronics,1,Browse,2025-10-22 04:45:36
SES02522,USR02522,Tablet,South,Google Ads,Electronics,1,Browse,2025-10-20 07:42:02
SES02523,USR02523,Desktop,South,Google Ads,Beauty,1,Browse,2025-10-16 02:17:49
SES02524,USR02524,Desktop,South,Google Ads,Sports,3,Checkout,2025-10-19 15:37:14
SES02525,USR02525,Mobile,South,Email,Home,2,Add to Cart,2025-10-11 03:42:15
SES02526,USR02526,Desktop,West,Organic,Fashion,3,Checkout,2025-10-19 00:11:56
SES02527,USR02527,Desktop,South,Organic,Fashion,2,Add to Cart,2025-10-20 15:04:37
SES02528,USR02528,Tablet,West,Organic,Sports,2,Add to Cart,2025-10-21 07:31:46
SES02529,USR02529,Tablet,North,Google Ads,Home,2,Add to Cart,2025-10-29 09:13:41
SES02530,USR02530,Desktop,East,Organic,Home,2,Add to Cart,2025-10-09 14:17:33
SES02531,USR02531,Tablet,North,Social Media,Sports,2,Add to Cart,2025-10-31 10:26:21
SES02532,USR02532,Desktop,West,Google Ads,Sports,3,Checkout,2025-10-30 07:46:38
SES02533,USR02533,Tablet,South,Google Ads,Home,1,Browse,2025-10-07 17:53:31
SES02534,USR02534,Mobile,South,Google Ads,Electronics,3,Checkout,2025-10-29 05:10:45
SES02535,USR02535,Desktop,East,Google Ads,Fashion,3,Checkout,2025-10-30 05:56:57
SES02536,USR02536,Tablet,South,Social Media,Electronics,2,Add to Cart,2025-10-29 02:24:24
SES02537,USR02537,Mobile,South,Email,Beauty,1,Browse,2025-10-20 05:50:16
SES02538,USR02538,Mobile,East,Social Media,Beauty,4,Purchase,2025-10-16 12:28:43
SES02539,USR02539,Mobile,South,Organic,Sports,3,Checkout,2025-10-23 07:19:02
SES02540,USR02540,Desktop,North,Organic,Home,2,Add to Cart,2025-10-25 23:38:31
SES02541,USR02541,Desktop,North,Google Ads,Beauty,1,Browse,2025-10-07 01:34:58
SES02542,USR02542,Desktop,West,Organic,Beauty,3,Checkout,2025-10-29 10:57:01
SES02543,USR02543,Tablet,North,Google Ads,Sports,2,Add to Cart,2025-10-03 14:07:46
SES02544,USR02544,Mobile,South,Email,Beauty,3,Checkout,2025-10-26 10:10:01
SES02545,USR02545,Mobile,North,Social Media,Beauty,2,Add to Cart,2025-10-03 20:27:31
SES02546,USR02546,Mobile,North,Social Media,Home,1,Browse,2025-10-05 12:34:35
SES02547,USR02547,Mobile,East,Social Media,Sports,2,Add to Cart,2025-10-15 01:56:36
SES02548,USR02548,Tablet,North,Organic,Home,4,Purchase,2025-10-13 15:50:55
SES02549,USR02549,Tablet,East,Email,Beauty,2,Add to Cart,2025-10-02 18:49:18
SES02550,USR02550,Tablet,East,Email,Electronics,2,Add to Cart,2025-10-29 13:21:08
SES02551,USR02551,Tablet,West,Organic,Home,2,Add to Cart,2025-10-25 05:53:33
SES02552,USR02552,Mobile,West,Google Ads,Fashion,2,Add to Cart,2025-10-29 21:22:11
SES02553,USR02553,Tablet,West,Email,Electronics,3,Checkout,2025-10-02 06:54:35
SES02554,USR02554,Tablet,North,Organic,Home,1,Browse,2025-10-12 18:39:54
SES02555,USR02555,Tablet,West,Organic,Home,2,Add to Cart,2025-10-10 21:18:24
SES02556,USR02556,Tablet,West,Google Ads,Electronics,2,Add to Cart,2025-10-27 18:38:39
SES02557,USR02557,Desktop,West,Organic,Home,1,Browse,2025-10-09 18:32:05
SES02558,USR02558,Desktop,North,Organic,Sports,1,Browse,2025-10-21 18:46:23
SES02559,USR02559,Desktop,East,Social Media,Beauty,1,Browse,2025-10-13 09:14:34
SES02560,USR02560,Desktop,North,Social Media,Home,3,Checkout,2025-10-23 11:38:01
SES02561,USR02561,Mobile,West,Organic,Beauty,1,Browse,2025-10-05 02:42:30
SES02562,USR02562,Desktop,South,Social Media,Sports,1,Browse,2025-10-17 14:15:17
SES02563,USR02563,Tablet,East,Social Media,Fashion,1,Browse,2025-10-13 15:54:29
SES02564,USR02564,Mobile,East,Email,Home,2,Add to Cart,2025-10-16 18:09:43
SES02565,USR02565,Desktop,West,Social Media,Home,3,Checkout,2025-10-21 18:34:19
SES02566,USR02566,Mobile,North,Organic,Sports,1,Browse,2025-10-27 01:27:03
SES02567,USR02567,Mobile,East,Social Media,Sports,3,Checkout,2025-10-13 23:13:25
SES02568,USR02568,Mobile,East,Social Media,Sports,3,Checkout,2025-10-09 14:18:43
SES02569,USR02569,Tablet,East,Organic,Beauty,3,Checkout,2025-10-24 05:02:10
SES02570,USR02570,Desktop,East,Organic,Fashion,3,Checkout,2025-10-03 05:14:37
SES02571,USR02571,Desktop,East,Email,Home,3,Checkout,2025-10-29 16:16:39
SES02572,USR02572,Mobile,South,Organic,Beauty,2,Add to Cart,2025-10-07 18:00:40
SES02573,USR02573,Mobile,South,Google Ads,Electronics,2,Add to Cart,2025-10-20 20:09:11
SES02574,USR02574,Desktop,West,Email,Home,1,Browse,2025-10-21 10:56:15
SES02575,USR02575,Desktop,North,Organic,Home,4,Purchase,2025-10-24 18:51:58
SES02576,USR02576,Desktop,North,Social Media,Home,4,Purchase,2025-10-11 15:33:54
SES02577,USR02577,Desktop,South,Email,Fashion,3,Checkout,2025-10-06 12:41:26
SES02578,USR02578,Mobile,East,Social Media,Fashion,4,Purchase,2025-10-18 15:47:49
SES02579,USR02579,Desktop,South,Social Media,Home,2,Add to Cart,2025-10-31 07:58:03
SES02580,USR02580,Tablet,East,Social Media,Home,2,Add to Cart,2025-10-07 12:30:24
SES02581,USR02581,Tablet,East,Google Ads,Home,1,Browse,2025-10-24 02:23:38
SES02582,USR02582,Desktop,South,Google Ads,Sports,2,Add to Cart,2025-10-27 02:16:10
SES02583,USR02583,Tablet,East,Social Media,Beauty,2,Add to Cart,2025-10-11 09:46:40
SES02584,USR02584,Mobile,North,Organic,Fashion,2,Add to Cart,2025-10-21 20:42:40
SES02585,USR02585,Tablet,West,Social Media,Beauty,2,Add to Cart,2025-10-07 07:25:34
SES02586,USR02586,Mobile,South,Google Ads,Sports,2,Add to Cart,2025-10-07 14:50:08
SES02587,USR02587,Tablet,North,Email,Electronics,4,Purchase,2025-10-22 16:46:53
SES02588,USR02588,Mobile,West,Email,Home,3,Checkout,2025-10-29 01:10:56
SES02589,USR02589,Mobile,South,Email,Home,1,Browse,2025-10-29 11:18:52
SES02590,USR02590,Mobile,North,Email,Home,3,Checkout,2025-10-08 01:14:09
SES02591,USR02591,Mobile,North,Organic,Electronics,4,Purchase,2025-10-12 15:46:32
SES02592,USR02592,Desktop,South,Social Media,Electronics,3,Checkout,2025-10-04 19:36:59
SES02593,USR02593,Mobile,South,Email,Electronics,1,Browse,2025-10-05 00:26:55
SES02594,USR02594,Tablet,East,Organic,Fashion,2,Add to Cart,2025-10-03 06:05:09
SES02595,USR02595,Desktop,South,Email,Home,4,Purchase,2025-10-13 19:08:58
SES02596,USR02596,Mobile,North,Email,Fashion,2,Add to Cart,2025-10-07 04:13:15
SES02597,USR02597,Mobile,North,Google Ads,Home,3,Checkout,2025-10-14 10:51:40
SES02598,USR02598,Mobile,North,Email,Beauty,2,Add to Cart,2025-10-17 11:22:47
SES02599,USR02599,Mobile,East,Google Ads,Fashion,1,Browse,2025-10-29 02:51:45
SES02600,USR02600,Tablet,South,Social Media,Home,1,Browse,2025-10-05 10:30:34
SES02601,USR02601,Tablet,East,Social Media,Beauty,2,Add to Cart,2025-10-11 12:51:27
SES02602,USR02602,Mobile,North,Email,Fashion,1,Browse,2025-10-06 13:13:03
SES02603,USR02603,Desktop,West,Email,Electronics,1,Browse,2025-10-16 09:43:25
SES02604,USR02604,Desktop,North,Email,Beauty,1,Browse,2025-10-06 23:29:50
SES02605,USR02605,Mobile,East,Organic,Sports,1,Browse,2025-10-10 08:15:13
SES02606,USR02606,Desktop,West,Organic,Home,4,Purchase,2025-10-26 12:56:05
SES02607,USR02607,Desktop,South,Google Ads,Beauty,4,Purchase,2025-10-13 08:05:33
SES02608,USR02608,Mobile,West,Organic,Sports,1,Browse,2025-10-28 10:48:05
SES02609,USR02609,Mobile,South,Organic,Electronics,2,Add to Cart,2025-10-17 13:47:44
SES02610,USR02610,Mobile,East,Organic,Electronics,2,Add to Cart,2025-10-25 22:53:20
SES02611,USR02611,Tablet,East,Google Ads,Fashion,1,Browse,2025-10-10 13:37:48
SES02612,USR02612,Desktop,North,Social Media,Electronics,4,Purchase,2025-10-23 16:11:36
SES02613,USR02613,Tablet,North,Google Ads,Electronics,1,Browse,2025-10-19 13:01:08
SES02614,USR02614,Mobile,South,Email,Sports,2,Add to Cart,2025-10-23 00:07:25
SES02615,USR02615,Tablet,South,Google Ads,Electronics,4,Purchase,2025-10-13 03:08:17
SES02616,USR02616,Desktop,East,Google Ads,Sports,1,Browse,2025-10-22 08:11:39
SES02617,USR02617,Desktop,West,Organic,Home,2,Add to Cart,2025-10-31 01:30:00
SES02618,USR02618,Mobile,West,Organic,Home,3,Checkout,2025-10-07 16:02:57
SES02619,USR02619,Tablet,North,Google Ads,Electronics,1,Browse,2025-10-14 04:01:02
SES02620,USR02620,Tablet,West,Google Ads,Sports,2,Add to Cart,2025-10-04 04:23:59
SES02621,USR02621,Mobile,East,Organic,Home,2,Add to Cart,2025-10-16 12:48:03
SES02622,USR02622,Desktop,South,Email,Sports,2,Add to Cart,2025-10-04 02:45:49
SES02623,USR02623,Tablet,West,Email,Sports,4,Purchase,2025-10-25 00:52:05
SES02624,USR02624,Desktop,South,Email,Sports,1,Browse,2025-10-19 20:35:42
SES02625,USR02625,Tablet,North,Email,Sports,1,Browse,2025-10-19 23:34:05
SES02626,USR02626,Desktop,South,Social Media,Sports,2,Add to Cart,2025-10-05 19:14:23
SES02627,USR02627,Desktop,South,Social Media,Home,3,Checkout,2025-10-24 22:06:39
SES02628,USR02628,Tablet,South,Email,Beauty,1,Browse,2025-10-04 01:03:55
SES02629,USR02629,Desktop,West,Google Ads,Fashion,3,Checkout,2025-10-19 16:33:46
SES02630,USR02630,Mobile,West,Google Ads,Electronics,1,Browse,2025-10-25 03:49:47
SES02631,USR02631,Desktop,West,Email,Beauty,2,Add to Cart,2025-10-28 17:42:20
SES02632,USR02632,Desktop,West,Google Ads,Beauty,2,Add to Cart,2025-10-29 18:35:56
SES02633,USR02633,Desktop,North,Email,Electronics,2,Add to Cart,2025-10-03 14:17:07
SES02634,USR02634,Tablet,West,Social Media,Electronics,3,Checkout,2025-10-15 05:09:24
SES02635,USR02635,Tablet,West,Organic,Beauty,2,Add to Cart,2025-10-13 11:07:01
SES02636,USR02636,Tablet,West,Social Media,Electronics,3,Checkout,2025-10-10 15:13:20
SES02637,USR02637,Desktop,West,Organic,Electronics,2,Add to Cart,2025-10-13 20:06:00
SES02638,USR02638,Desktop,East,Organic,Fashion,2,Add to Cart,2025-10-25 07:27:32
SES02639,USR02639,Mobile,South,Organic,Beauty,3,Checkout,2025-10-09 00:04:49
SES02640,USR02640,Desktop,North,Google Ads,Sports,1,Browse,2025-10-25 15:46:33
SES02641,USR02641,Mobile,South,Email,Beauty,3,Checkout,2025-10-09 13:54:24
SES02642,USR02642,Mobile,West,Email,Fashion,3,Checkout,2025-10-17 21:02:31
SES02643,USR02643,Desktop,East,Google Ads,Beauty,3,Checkout,2025-10-31 05:09:50
SES02644,USR02644,Mobile,South,Email,Sports,3,Checkout,2025-10-29 03:50:48
SES02645,USR02645,Mobile,South,Email,Fashion,4,Purchase,2025-10-17 00:33:55
SES02646,USR02646,Mobile,East,Google Ads,Electronics,1,Browse,2025-10-13 21:20:48
SES02647,USR02647,Tablet,North,Email,Beauty,3,Checkout,2025-10-07 16:05:00
SES02648,USR02648,Desktop,West,Google Ads,Electronics,1,Browse,2025-10-11 03:17:23
SES02649,USR02649,Desktop,South,Social Media,Electronics,2,Add to Cart,2025-10-03 14:05:42
SES02650,USR02650,Desktop,North,Organic,Fashion,1,Browse,2025-10-15 14:41:55
SES02651,USR02651,Mobile,East,Google Ads,Home,1,Browse,2025-10-05 18:27:30
SES02652,USR02652,Desktop,East,Email,Beauty,4,Purchase,2025-10-08 04:33:16
SES02653,USR02653,Desktop,North,Email,Beauty,1,Browse,2025-10-22 21:33:38
SES02654,USR02654,Mobile,West,Google Ads,Home,2,Add to Cart,2025-10-22 07:58:23
SES02655,USR02655,Mobile,West,Email,Beauty,2,Add to Cart,2025-10-07 23:51:18
SES02656,USR02656,Tablet,East,Social Media,Electronics,2,Add to Cart,2025-10-18 17:17:32
SES02657,USR02657,Desktop,East,Email,Sports,3,Checkout,2025-10-19 15:43:38
SES02658,USR02658,Tablet,East,Organic,Fashion,3,Checkout,2025-10-30 04:03:49
SES02659,USR02659,Desktop,North,Organic,Fashion,2,Add to Cart,2025-10-24 14:03:16
SES02660,USR02660,Mobile,West,Organic,Home,2,Add to Cart,2025-10-08 17:21:50
SES02661,USR02661,Desktop,East,Social Media,Home,1,Browse,2025-10-04 01:03:40
SES02662,USR02662,Mobile,West,Organic,Fashion,2,Add to Cart,2025-10-13 09:03:16
SES02663,USR02663,Desktop,South,Google Ads,Electronics,1,Browse,2025-10-09 18:57:36
SES02664,USR02664,Tablet,South,Social Media,Beauty,3,Checkout,2025-10-29 05:48:09
SES02665,USR02665,Mobile,North,Organic,Home,3,Checkout,2025-10-29 01:54:17
SES02666,USR02666,Desktop,West,Email,Beauty,4,Purchase,2025-10-21 10:56:23
SES02667,USR02667,Desktop,North,Social Media,Beauty,1,Browse,2025-10-30 23:26:19
SES02668,USR02668,Tablet,West,Social Media,Fashion,2,Add to Cart,2025-10-14 19:36:08
SES02669,USR02669,Desktop,East,Email,Electronics,2,Add to Cart,2025-10-20 12:18:52
SES02670,USR02670,Mobile,South,Organic,Beauty,3,Checkout,2025-10-08 18:01:57
SES02671,USR02671,Desktop,South,Social Media,Beauty,1,Browse,2025-10-14 14:51:49
SES02672,USR02672,Tablet,South,Organic,Electronics,4,Purchase,2025-10-02 12:47:04
SES02673,USR02673,Mobile,North,Email,Fashion,2,Add to Cart,2025-10-14 07:16:46
SES02674,USR02674,Mobile,East,Email,Home,3,Checkout,2025-10-28 17:03:57
SES02675,USR02675,Mobile,East,Social Media,Fashion,3,Checkout,2025-10-27 05:53:01
SES02676,USR02676,Desktop,South,Social Media,Fashion,1,Browse,2025-10-11 05:05:00
SES02677,USR02677,Desktop,East,Social Media,Fashion,1,Browse,2025-10-18 23:50:37
SES02678,USR02678,Desktop,South,Email,Home,1,Browse,2025-10-30 07:58:40
SES02679,USR02679,Tablet,South,Organic,Electronics,3,Checkout,2025-10-05 16:09:49
SES02680,USR02680,Mobile,South,Google Ads,Electronics,3,Checkout,2025-10-14 12:53:34
SES02681,USR02681,Mobile,South,Google Ads,Home,2,Add to Cart,2025-10-08 11:25:45
SES02682,USR02682,Tablet,East,Organic,Sports,3,Checkout,2025-10-21 02:30:16
SES02683,USR02683,Mobile,South,Organic,Sports,3,Checkout,2025-10-20 00:45:12
SES02684,USR02684,Desktop,East,Google Ads,Fashion,1,Browse,2025-10-12 10:06:56
SES02685,USR02685,Mobile,South,Social Media,Fashion,1,Browse,2025-10-12 09:01:30
SES02686,USR02686,Desktop,East,Email,Sports,4,Purchase,2025-10-13 09:09:57
SES02687,USR02687,Mobile,East,Social Media,Fashion,4,Purchase,2025-10-13 06:19:14
SES02688,USR02688,Desktop,East,Organic,Beauty,2,Add to Cart,2025-10-28 07:06:17
SES02689,USR02689,Mobile,South,Organic,Home,1,Browse,2025-10-30 02:19:24
SES02690,USR02690,Tablet,West,Google Ads,Home,2,Add to Cart,2025-10-27 02:42:00
SES02691,USR02691,Mobile,South,Google Ads,Electronics,3,Checkout,2025-10-11 11:46:28
SES02692,USR02692,Tablet,West,Social Media,Beauty,2,Add to Cart,2025-10-08 17:43:28
SES02693,USR02693,Tablet,North,Google Ads,Electronics,3,Checkout,2025-10-19 06:52:29
SES02694,USR02694,Mobile,West,Social Media,Home,1,Browse,2025-10-27 19:53:03
SES02695,USR02695,Tablet,East,Email,Home,3,Checkout,2025-10-29 16:18:06
SES02696,USR02696,Mobile,South,Organic,Beauty,1,Browse,2025-10-31 12:42:52
SES02697,USR02697,Tablet,East,Organic,Home,3,Checkout,2025-10-04 00:29:57
SES02698,USR02698,Mobile,South,Google Ads,Sports,1,Browse,2025-10-12 16:07:25
SES02699,USR02699,Tablet,South,Google Ads,Beauty,1,Browse,2025-10-14 23:38:26
SES02700,USR02700,Mobile,South,Email,Fashion,1,Browse,2025-10-18 04:42:50
SES02701,USR02701,Tablet,South,Social Media,Fashion,2,Add to Cart,2025-10-19 13:00:32
SES02702,USR02702,Desktop,North,Email,Sports,1,Browse,2025-10-18 11:48:10
SES02703,USR02703,Mobile,North,Organic,Fashion,1,Browse,2025-10-10 15:05:38
SES02704,USR02704,Desktop,West,Google Ads,Electronics,2,Add to Cart,2025-10-16 02:42:39
SES02705,USR02705,Tablet,North,Email,Sports,1,Browse,2025-10-08 10:47:55
SES02706,USR02706,Mobile,East,Email,Fashion,3,Checkout,2025-10-03 17:58:17
SES02707,USR02707,Mobile,West,Email,Fashion,2,Add to Cart,2025-10-24 06:35:27
SES02708,USR02708,Tablet,East,Organic,Sports,4,Purchase,2025-10-19 06:18:27
SES02709,USR02709,Tablet,North,Google Ads,Home,2,Add to Cart,2025-10-05 14:07:57
SES02710,USR02710,Tablet,East,Social Media,Electronics,3,Checkout,2025-10-22 13:36:09
SES02711,USR02711,Mobile,East,Email,Sports,2,Add to Cart,2025-10-18 10:10:16
SES02712,USR02712,Mobile,South,Organic,Sports,2,Add to Cart,2025-10-09 04:56:10
SES02713,USR02713,Desktop,North,Social Media,Electronics,2,Add to Cart,2025-10-25 15:06:12
SES02714,USR02714,Mobile,South,Google Ads,Fashion,4,Purchase,2025-10-14 23:39:17
SES02715,USR02715,Desktop,West,Organic,Electronics,2,Add to Cart,2025-10-16 05:42:55
SES02716,USR02716,Mobile,South,Social Media,Home,3,Checkout,2025-10-12 08:34:12
SES02717,USR02717,Tablet,South,Email,Electronics,2,Add to Cart,2025-10-13 00:55:25
SES02718,USR02718,Desktop,West,Google Ads,Fashion,1,Browse,2025-10-16 07:49:24
SES02719,USR02719,Tablet,South,Social Media,Beauty,2,Add to Cart,2025-10-19 15:18:09
SES02720,USR02720,Tablet,North,Social Media,Sports,3,Checkout,2025-10-02 11:50:50
SES02721,USR02721,Desktop,North,Organic,Beauty,3,Checkout,2025-10-03 04:15:46
SES02722,USR02722,Tablet,North,Social Media,Beauty,3,Checkout,2025-10-09 14:42:25
SES02723,USR02723,Tablet,East,Social Media,Sports,2,Add to Cart,2025-10-26 08:45:57
SES02724,USR02724,Desktop,North,Social Media,Electronics,1,Browse,2025-10-20 23:46:40
SES02725,USR02725,Mobile,West,Email,Fashion,2,Add to Cart,2025-10-26 14:43:57
SES02726,USR02726,Tablet,North,Google Ads,Electronics,1,Browse,2025-10-21 08:51:40
SES02727,USR02727,Desktop,North,Organic,Home,1,Browse,2025-10-14 20:14:40
SES02728,USR02728,Tablet,South,Email,Sports,1,Browse,2025-10-21 10:50:55
SES02729,USR02729,Desktop,South,Social Media,Sports,3,Checkout,2025-10-31 00:44:50
SES02730,USR02730,Mobile,North,Social Media,Electronics,2,Add to Cart,2025-10-18 08:46:25
SES02731,USR02731,Tablet,North,Email,Fashion,1,Browse,2025-10-24 00:38:27
SES02732,USR02732,Mobile,South,Email,Electronics,2,Add to Cart,2025-10-05 10:32:36
SES02733,USR02733,Desktop,East,Email,Home,1,Browse,2025-10-31 17:05:35
SES02734,USR02734,Desktop,South,Email,Electronics,1,Browse,2025-10-20 12:05:40
SES02735,USR02735,Mobile,South,Google Ads,Beauty,3,Checkout,2025-10-21 17:13:12
SES02736,USR02736,Tablet,East,Social Media,Beauty,2,Add to Cart,2025-10-11 13:06:53
SES02737,USR02737,Mobile,North,Social Media,Sports,4,Purchase,2025-10-31 02:43:17
SES02738,USR02738,Desktop,South,Google Ads,Home,2,Add to Cart,2025-10-11 14:43:49
SES02739,USR02739,Desktop,East,Email,Fashion,3,Checkout,2025-10-07 18:11:13
SES02740,USR02740,Tablet,North,Email,Home,2,Add to Cart,2025-10-05 08:26:44
SES02741,USR02741,Desktop,South,Organic,Beauty,3,Checkout,2025-10-11 18:09:11
SES02742,USR02742,Desktop,South,Google Ads,Sports,2,Add to Cart,2025-10-03 04:06:24
SES02743,USR02743,Mobile,East,Google Ads,Beauty,1,Browse,2025-10-11 10:01:25
SES02744,USR02744,Tablet,East,Organic,Fashion,2,Add to Cart,2025-10-07 14:21:05
SES02745,USR02745,Tablet,East,Email,Beauty,3,Checkout,2025-10-10 21:40:48
SES02746,USR02746,Tablet,South,Social Media,Beauty,1,Browse,2025-10-12 21:29:09
SES02747,USR02747,Tablet,North,Email,Sports,2,Add to Cart,2025-10-30 10:40:18
SES02748,USR02748,Desktop,North,Social Media,Sports,4,Purchase,2025-10-01 23:36:35
SES02749,USR02749,Desktop,East,Google Ads,Beauty,3,Checkout,2025-10-15 04:30:53
SES02750,USR02750,Tablet,South,Google Ads,Home,2,Add to Cart,2025-10-30 14:19:49
SES02751,USR02751,Desktop,South,Email,Fashion,1,Browse,2025-10-11 07:59:51
SES02752,USR02752,Mobile,South,Social Media,Sports,2,Add to Cart,2025-10-19 11:15:05
SES02753,USR02753,Tablet,South,Organic,Home,2,Add to Cart,2025-10-18 07:25:12
SES02754,USR02754,Mobile,West,Email,Beauty,4,Purchase,2025-10-13 08:15:34
SES02755,USR02755,Mobile,South,Organic,Sports,2,Add to Cart,2025-10-17 10:45:05
SES02756,USR02756,Desktop,East,Google Ads,Home,3,Checkout,2025-10-13 07:33:26
SES02757,USR02757,Tablet,East,Social Media,Home,1,Browse,2025-10-23 16:25:34
SES02758,USR02758,Desktop,East,Organic,Electronics,3,Checkout,2025-10-18 03:20:18
SES02759,USR02759,Desktop,East,Google Ads,Beauty,1,Browse,2025-10-18 05:25:56
SES02760,USR02760,Desktop,North,Google Ads,Electronics,4,Purchase,2025-10-20 20:19:06
SES02761,USR02761,Tablet,North,Organic,Fashion,1,Browse,2025-10-11 02:41:29
SES02762,USR02762,Tablet,North,Social Media,Home,3,Checkout,2025-10-12 05:28:30
SES02763,USR02763,Desktop,South,Organic,Fashion,1,Browse,2025-10-04 11:22:39
SES02764,USR02764,Tablet,North,Organic,Home,3,Checkout,2025-10-28 10:58:18
SES02765,USR02765,Desktop,North,Organic,Electronics,2,Add to Cart,2025-10-21 11:45:45
SES02766,USR02766,Tablet,South,Organic,Fashion,3,Checkout,2025-10-23 18:56:25
SES02767,USR02767,Mobile,North,Organic,Beauty,4,Purchase,2025-10-11 10:54:08
SES02768,USR02768,Tablet,West,Google Ads,Sports,1,Browse,2025-10-08 06:30:29
SES02769,USR02769,Mobile,West,Email,Fashion,1,Browse,2025-10-21 03:43:22
SES02770,USR02770,Desktop,East,Email,Beauty,1,Browse,2025-10-23 23:30:32
SES02771,USR02771,Mobile,East,Social Media,Beauty,2,Add to Cart,2025-10-21 12:38:50
SES02772,USR02772,Mobile,West,Social Media,Electronics,1,Browse,2025-10-25 08:29:41
SES02773,USR02773,Tablet,East,Organic,Sports,2,Add to Cart,2025-10-31 01:14:09
SES02774,USR02774,Tablet,South,Email,Sports,3,Checkout,2025-10-21 01:54:44
SES02775,USR02775,Mobile,East,Organic,Electronics,4,Purchase,2025-10-17 13:22:28
SES02776,USR02776,Desktop,South,Organic,Sports,3,Checkout,2025-10-08 21:18:32
SES02777,USR02777,Desktop,South,Google Ads,Sports,1,Browse,2025-10-20 06:49:23
SES02778,USR02778,Tablet,South,Organic,Sports,2,Add to Cart,2025-10-27 15:47:37
SES02779,USR02779,Mobile,South,Google Ads,Fashion,2,Add to Cart,2025-10-03 04:34:42
SES02780,USR02780,Tablet,North,Email,Sports,1,Browse,2025-10-30 10:54:36
SES02781,USR02781,Tablet,North,Social Media,Fashion,3,Checkout,2025-10-07 06:52:21
SES02782,USR02782,Desktop,West,Social Media,Electronics,3,Checkout,2025-10-13 05:23:05
SES02783,USR02783,Tablet,East,Email,Electronics,2,Add to Cart,2025-10-17 16:05:12
SES02784,USR02784,Desktop,South,Email,Fashion,2,Add to Cart,2025-10-24 21:24:54
SES02785,USR02785,Mobile,West,Social Media,Beauty,3,Checkout,2025-10-21 13:53:47
SES02786,USR02786,Mobile,South,Email,Beauty,1,Browse,2025-10-15 08:51:20
SES02787,USR02787,Desktop,West,Social Media,Electronics,2,Add to Cart,2025-10-08 04:27:31
SES02788,USR02788,Mobile,North,Email,Home,2,Add to Cart,2025-10-17 01:22:51
SES02789,USR02789,Desktop,North,Social Media,Sports,1,Browse,2025-10-07 06:27:01
SES02790,USR02790,Desktop,North,Email,Electronics,2,Add to Cart,2025-10-19 17:48:57
SES02791,USR02791,Mobile,North,Google Ads,Beauty,2,Add to Cart,2025-10-05 22:17:35
SES02792,USR02792,Desktop,West,Social Media,Home,2,Add to Cart,2025-10-20 10:22:35
SES02793,USR02793,Mobile,East,Google Ads,Beauty,2,Add to Cart,2025-10-15 14:51:39
SES02794,USR02794,Mobile,East,Social Media,Sports,4,Purchase,2025-10-20 17:45:27
SES02795,USR02795,Tablet,South,Social Media,Home,4,Purchase,2025-10-24 07:13:37
SES02796,USR02796,Desktop,South,Email,Electronics,2,Add to Cart,2025-10-24 09:11:10
SES02797,USR02797,Tablet,North,Social Media,Fashion,1,Browse,2025-10-10 22:13:57
SES02798,USR02798,Desktop,North,Organic,Home,4,Purchase,2025-10-08 13:57:47
SES02799,USR02799,Desktop,North,Organic,Sports,3,Checkout,2025-10-30 00:10:11
SES02800,USR02800,Mobile,North,Email,Home,3,Checkout,2025-10-07 08:39:17
SES02801,USR02801,Desktop,South,Social Media,Beauty,3,Checkout,2025-10-15 05:21:02
SES02802,USR02802,Mobile,North,Organic,Home,2,Add to Cart,2025-10-19 13:46:20
SES02803,USR02803,Tablet,South,Social Media,Fashion,2,Add to Cart,2025-10-23 08:59:54
SES02804,USR02804,Mobile,East,Organic,Home,1,Browse,2025-10-02 22:30:58
SES02805,USR02805,Tablet,West,Email,Home,4,Purchase,2025-10-21 02:23:02
SES02806,USR02806,Mobile,West,Email,Sports,1,Browse,2025-10-08 21:23:04
SES02807,USR02807,Mobile,West,Social Media,Beauty,1,Browse,2025-10-25 11:52:11
SES02808,USR02808,Desktop,East,Organic,Home,3,Checkout,2025-10-16 08:27:19
SES02809,USR02809,Tablet,South,Social Media,Fashion,1,Browse,2025-10-04 07:46:56
SES02810,USR02810,Mobile,East,Google Ads,Sports,2,Add to Cart,2025-10-05 05:16:01
SES02811,USR02811,Tablet,East,Google Ads,Home,2,Add to Cart,2025-10-12 17:19:10
SES02812,USR02812,Desktop,South,Google Ads,Home,2,Add to Cart,2025-10-02 16:02:34
SES02813,USR02813,Tablet,North,Social Media,Fashion,2,Add to Cart,2025-10-14 22:53:14
SES02814,USR02814,Desktop,South,Email,Fashion,2,Add to Cart,2025-10-22 20:38:43
SES02815,USR02815,Mobile,South,Organic,Electronics,1,Browse,2025-10-07 05:25:39
SES02816,USR02816,Mobile,North,Organic,Electronics,1,Browse,2025-10-16 11:27:29
SES02817,USR02817,Desktop,East,Google Ads,Sports,2,Add to Cart,2025-10-19 06:42:52
SES02818,USR02818,Mobile,West,Google Ads,Fashion,1,Browse,2025-10-09 15:56:21
SES02819,USR02819,Desktop,West,Email,Beauty,3,Checkout,2025-10-14 09:55:48
SES02820,USR02820,Desktop,North,Social Media,Electronics,1,Browse,2025-10-30 04:26:20
SES02821,USR02821,Tablet,North,Email,Electronics,3,Checkout,2025-10-14 15:50:28
SES02822,USR02822,Mobile,East,Organic,Electronics,3,Checkout,2025-10-14 00:41:43
SES02823,USR02823,Mobile,North,Email,Sports,1,Browse,2025-10-09 18:29:24
SES02824,USR02824,Desktop,North,Social Media,Electronics,2,Add to Cart,2025-10-19 13:38:42
SES02825,USR02825,Mobile,North,Social Media,Fashion,2,Add to Cart,2025-10-29 16:19:57
SES02826,USR02826,Tablet,North,Social Media,Beauty,1,Browse,2025-10-07 09:45:55
SES02827,USR02827,Desktop,West,Organic,Electronics,1,Browse,2025-10-05 21:23:03
SES02828,USR02828,Tablet,South,Google Ads,Sports,1,Browse,2025-10-18 05:49:46
SES02829,USR02829,Tablet,South,Social Media,Beauty,4,Purchase,2025-10-18 14:06:55
SES02830,USR02830,Tablet,West,Social Media,Sports,1,Browse,2025-10-23 01:50:31
SES02831,USR02831,Tablet,South,Google Ads,Beauty,2,Add to Cart,2025-10-30 04:26:43
SES02832,USR02832,Mobile,West,Organic,Sports,3,Checkout,2025-10-17 15:16:34
SES02833,USR02833,Tablet,South,Social Media,Electronics,3,Checkout,2025-10-20 15:44:58
SES02834,USR02834,Tablet,South,Google Ads,Home,3,Checkout,2025-10-29 01:03:33
SES02835,USR02835,Tablet,West,Organic,Fashion,1,Browse,2025-10-03 20:45:44
SES02836,USR02836,Desktop,West,Google Ads,Electronics,3,Checkout,2025-10-30 03:32:52
SES02837,USR02837,Tablet,West,Google Ads,Home,3,Checkout,2025-10-15 14:46:28
SES02838,USR02838,Desktop,West,Organic,Fashion,2,Add to Cart,2025-10-13 01:54:41
SES02839,USR02839,Desktop,North,Organic,Home,1,Browse,2025-10-07 03:53:08
SES02840,USR02840,Tablet,South,Email,Fashion,2,Add to Cart,2025-10-09 15:03:27
SES02841,USR02841,Tablet,North,Google Ads,Beauty,1,Browse,2025-10-23 03:20:59
SES02842,USR02842,Tablet,North,Google Ads,Home,1,Browse,2025-10-06 05:18:26
SES02843,USR02843,Tablet,North,Social Media,Electronics,3,Checkout,2025-10-23 23:54:55
SES02844,USR02844,Tablet,West,Organic,Beauty,2,Add to Cart,2025-10-15 21:49:33
SES02845,USR02845,Desktop,West,Social Media,Beauty,2,Add to Cart,2025-10-12 19:33:53
SES02846,USR02846,Mobile,East,Google Ads,Electronics,4,Purchase,2025-10-12 18:57:41
SES02847,USR02847,Mobile,West,Google Ads,Sports,1,Browse,2025-10-04 22:02:01
SES02848,USR02848,Tablet,East,Social Media,Sports,4,Purchase,2025-10-21 06:05:48
SES02849,USR02849,Desktop,East,Social Media,Electronics,2,Add to Cart,2025-10-02 02:52:12
SES02850,USR02850,Desktop,West,Organic,Beauty,1,Browse,2025-10-14 15:22:11
SES02851,USR02851,Tablet,North,Email,Home,3,Checkout,2025-10-04 13:57:24
SES02852,USR02852,Tablet,South,Social Media,Home,1,Browse,2025-10-24 11:51:13
SES02853,USR02853,Tablet,South,Email,Beauty,1,Browse,2025-10-31 02:16:33
SES02854,USR02854,Mobile,North,Google Ads,Sports,1,Browse,2025-10-24 09:53:08
SES02855,USR02855,Desktop,North,Google Ads,Electronics,3,Checkout,2025-10-11 09:00:31
SES02856,USR02856,Desktop,South,Organic,Sports,3,Checkout,2025-10-06 15:40:04
SES02857,USR02857,Mobile,South,Social Media,Electronics,2,Add to Cart,2025-10-03 21:27:20
SES02858,USR02858,Tablet,West,Google Ads,Electronics,1,Browse,2025-10-22 08:17:55
SES02859,USR02859,Mobile,North,Google Ads,Sports,4,Purchase,2025-10-06 18:24:34
SES02860,USR02860,Mobile,North,Google Ads,Home,1,Browse,2025-10-16 02:13:46
SES02861,USR02861,Tablet,West,Organic,Sports,2,Add to Cart,2025-10-25 18:29:12
SES02862,USR02862,Tablet,West,Email,Fashion,3,Checkout,2025-10-26 20:02:42
SES02863,USR02863,Desktop,North,Email,Fashion,2,Add to Cart,2025-10-23 03:43:40
SES02864,USR02864,Mobile,South,Social Media,Sports,2,Add to Cart,2025-10-29 10:52:19
SES02865,USR02865,Desktop,East,Social Media,Fashion,1,Browse,2025-10-05 18:55:07
SES02866,USR02866,Tablet,South,Email,Beauty,1,Browse,2025-10-07 23:41:47
SES02867,USR02867,Desktop,West,Email,Beauty,2,Add to Cart,2025-10-10 12:37:18
SES02868,USR02868,Tablet,North,Social Media,Electronics,1,Browse,2025-10-24 18:43:26
SES02869,USR02869,Desktop,East,Social Media,Home,1,Browse,2025-10-27 14:06:45
SES02870,USR02870,Desktop,East,Social Media,Fashion,2,Add to Cart,2025-10-04 21:37:42
SES02871,USR02871,Tablet,West,Organic,Sports,3,Checkout,2025-10-06 18:16:50
SES02872,USR02872,Mobile,West,Google Ads,Beauty,3,Checkout,2025-10-23 12:57:23
SES02873,USR02873,Desktop,West,Email,Electronics,2,Add to Cart,2025-10-04 06:01:53
SES02874,USR02874,Desktop,East,Email,Electronics,2,Add to Cart,2025-10-28 17:12:50
SES02875,USR02875,Mobile,West,Email,Beauty,1,Browse,2025-10-17 13:06:24
SES02876,USR02876,Mobile,South,Google Ads,Beauty,2,Add to Cart,2025-10-31 09:07:13
SES02877,USR02877,Mobile,South,Social Media,Beauty,3,Checkout,2025-10-14 23:16:34
SES02878,USR02878,Tablet,North,Organic,Beauty,4,Purchase,2025-10-23 06:43:52
SES02879,USR02879,Mobile,South,Google Ads,Home,1,Browse,2025-10-11 21:39:20
SES02880,USR02880,Tablet,East,Google Ads,Electronics,2,Add to Cart,2025-10-24 18:24:46
SES02881,USR02881,Desktop,West,Google Ads,Fashion,4,Purchase,2025-10-20 22:16:17
SES02882,USR02882,Desktop,East,Organic,Home,3,Checkout,2025-10-19 01:48:37
SES02883,USR02883,Tablet,South,Email,Beauty,2,Add to Cart,2025-10-06 06:12:53
SES02884,USR02884,Tablet,West,Email,Electronics,1,Browse,2025-10-04 18:34:49
SES02885,USR02885,Desktop,South,Social Media,Fashion,2,Add to Cart,2025-10-01 22:18:11
SES02886,USR02886,Mobile,West,Google Ads,Home,1,Browse,2025-10-10 14:23:01
SES02887,USR02887,Desktop,East,Organic,Sports,1,Browse,2025-10-29 14:40:38
SES02888,USR02888,Tablet,West,Social Media,Sports,1,Browse,2025-10-06 04:49:06
SES02889,USR02889,Desktop,West,Email,Fashion,2,Add to Cart,2025-10-18 12:42:08
SES02890,USR02890,Mobile,East,Google Ads,Fashion,2,Add to Cart,2025-10-22 07:04:52
SES02891,USR02891,Mobile,East,Social Media,Fashion,2,Add to Cart,2025-10-12 03:28:39
SES02892,USR02892,Tablet,North,Social Media,Home,3,Checkout,2025-10-22 13:14:55
SES02893,USR02893,Tablet,North,Social Media,Beauty,3,Checkout,2025-10-22 14:18:07
SES02894,USR02894,Tablet,South,Email,Beauty,4,Purchase,2025-10-05 03:30:23
SES02895,USR02895,Tablet,East,Organic,Electronics,3,Checkout,2025-10-14 02:33:15
SES02896,USR02896,Mobile,North,Organic,Home,2,Add to Cart,2025-10-13 11:53:48
SES02897,USR02897,Tablet,North,Organic,Sports,3,Checkout,2025-10-16 22:59:32
SES02898,USR02898,Tablet,West,Email,Sports,3,Checkout,2025-10-26 00:59:04
SES02899,USR02899,Desktop,West,Google Ads,Fashion,2,Add to Cart,2025-10-13 14:49:59
SES02900,USR02900,Tablet,West,Google Ads,Fashion,1,Browse,2025-10-28 18:21:18
SES02901,USR02901,Mobile,West,Social Media,Beauty,3,Checkout,2025-10-12 12:45:29
SES02902,USR02902,Mobile,West,Social Media,Home,4,Purchase,2025-10-24 07:39:58
SES02903,USR02903,Mobile,East,Google Ads,Sports,1,Browse,2025-10-31 02:36:06
SES02904,USR02904,Mobile,South,Email,Electronics,1,Browse,2025-10-04 09:48:54
SES02905,USR02905,Desktop,East,Email,Sports,3,Checkout,2025-10-10 01:43:29
SES02906,USR02906,Mobile,North,Email,Electronics,2,Add to Cart,2025-10-08 10:29:47
SES02907,USR02907,Tablet,South,Email,Sports,1,Browse,2025-10-30 21:39:45
SES02908,USR02908,Desktop,South,Email,Electronics,1,Browse,2025-10-28 08:52:37
SES02909,USR02909,Desktop,South,Google Ads,Fashion,4,Purchase,2025-10-07 10:43:38
SES02910,USR02910,Mobile,West,Social Media,Beauty,3,Checkout,2025-10-23 08:55:35
SES02911,USR02911,Mobile,East,Email,Beauty,3,Checkout,2025-10-09 19:18:29
SES02912,USR02912,Tablet,South,Social Media,Fashion,2,Add to Cart,2025-10-21 09:03:48
SES02913,USR02913,Desktop,South,Organic,Sports,3,Checkout,2025-10-06 22:33:51
SES02914,USR02914,Mobile,West,Email,Electronics,2,Add to Cart,2025-10-02 17:33:12
SES02915,USR02915,Mobile,East,Organic,Fashion,2,Add to Cart,2025-10-26 09:22:46
SES02916,USR02916,Desktop,North,Google Ads,Sports,3,Checkout,2025-10-11 11:16:57
SES02917,USR02917,Desktop,North,Social Media,Home,1,Browse,2025-10-25 00:42:47
SES02918,USR02918,Mobile,South,Email,Electronics,2,Add to Cart,2025-10-15 22:40:38
SES02919,USR02919,Mobile,West,Organic,Home,2,Add to Cart,2025-10-09 14:57:21
SES02920,USR02920,Tablet,North,Email,Fashion,3,Checkout,2025-10-19 04:29:14
SES02921,USR02921,Desktop,North,Email,Beauty,1,Browse,2025-10-27 14:41:11
SES02922,USR02922,Desktop,South,Organic,Beauty,2,Add to Cart,2025-10-21 22:00:31
SES02923,USR02923,Tablet,East,Organic,Electronics,3,Checkout,2025-10-03 10:56:04
SES02924,USR02924,Tablet,South,Google Ads,Fashion,2,Add to Cart,2025-10-11 09:31:14
SES02925,USR02925,Mobile,East,Email,Electronics,3,Checkout,2025-10-23 21:09:33
SES02926,USR02926,Mobile,South,Organic,Home,2,Add to Cart,2025-10-23 00:26:22
SES02927,USR02927,Mobile,North,Email,Sports,3,Checkout,2025-10-13 14:39:24
SES02928,USR02928,Mobile,West,Organic,Electronics,1,Browse,2025-10-27 04:29:03
SES02929,USR02929,Mobile,West,Social Media,Fashion,2,Add to Cart,2025-10-10 02:18:15
SES02930,USR02930,Tablet,South,Social Media,Beauty,2,Add to Cart,2025-10-20 12:29:22
SES02931,USR02931,Mobile,South,Email,Fashion,3,Checkout,2025-10-19 23:03:18
SES02932,USR02932,Mobile,West,Email,Home,1,Browse,2025-10-17 20:12:10
SES02933,USR02933,Desktop,South,Google Ads,Home,2,Add to Cart,2025-10-10 21:54:23
SES02934,USR02934,Tablet,West,Email,Sports,2,Add to Cart,2025-10-18 04:56:54
SES02935,USR02935,Desktop,South,Google Ads,Fashion,2,Add to Cart,2025-10-25 02:44:13
SES02936,USR02936,Mobile,West,Organic,Sports,2,Add to Cart,2025-10-21 01:32:55
SES02937,USR02937,Tablet,East,Email,Fashion,2,Add to Cart,2025-10-08 14:24:49
SES02938,USR02938,Mobile,East,Social Media,Sports,2,Add to Cart,2025-10-08 07:08:38
SES02939,USR02939,Mobile,West,Google Ads,Beauty,3,Checkout,2025-10-30 16:30:11
SES02940,USR02940,Tablet,East,Social Media,Electronics,3,Checkout,2025-10-24 09:40:04
SES02941,USR02941,Mobile,West,Google Ads,Fashion,4,Purchase,2025-10-23 21:26:17
SES02942,USR02942,Desktop,West,Social Media,Sports,2,Add to Cart,2025-10-19 03:42:39
SES02943,USR02943,Desktop,North,Google Ads,Sports,2,Add to Cart,2025-10-26 15:29:00
SES02944,USR02944,Mobile,West,Google Ads,Fashion,4,Purchase,2025-10-30 17:01:54
SES02945,USR02945,Tablet,North,Google Ads,Home,1,Browse,2025-10-22 14:17:01
SES02946,USR02946,Mobile,South,Social Media,Fashion,2,Add to Cart,2025-10-12 17:24:02
SES02947,USR02947,Desktop,East,Social Media,Beauty,2,Add to Cart,2025-10-20 14:26:54
SES02948,USR02948,Tablet,South,Social Media,Electronics,1,Browse,2025-10-27 22:44:17
SES02949,USR02949,Mobile,North,Social Media,Fashion,4,Purchase,2025-10-07 03:23:55
SES02950,USR02950,Mobile,North,Email,Sports,2,Add to Cart,2025-10-24 06:44:57
SES02951,USR02951,Mobile,South,Social Media,Electronics,2,Add to Cart,2025-10-21 16:54:24
SES02952,USR02952,Mobile,North,Organic,Home,3,Checkout,2025-10-07 23:12:14
SES02953,USR02953,Mobile,North,Organic,Fashion,2,Add to Cart,2025-10-01 20:34:03
SES02954,USR02954,Tablet,West,Email,Sports,3,Checkout,2025-10-18 03:05:49
SES02955,USR02955,Tablet,East,Google Ads,Sports,2,Add to Cart,2025-10-07 01:19:57
SES02956,USR02956,Tablet,East,Organic,Fashion,1,Browse,2025-10-05 11:21:22
SES02957,USR02957,Desktop,West,Email,Home,2,Add to Cart,2025-10-20 15:20:58
SES02958,USR02958,Desktop,South,Social Media,Fashion,1,Browse,2025-10-14 05:38:03
SES02959,USR02959,Mobile,North,Organic,Beauty,1,Browse,2025-10-16 09:28:30
SES02960,USR02960,Mobile,East,Social Media,Home,2,Add to Cart,2025-10-06 12:54:07
SES02961,USR02961,Mobile,North,Social Media,Electronics,2,Add to Cart,2025-10-21 00:17:36
SES02962,USR02962,Tablet,West,Email,Beauty,1,Browse,2025-10-29 14:31:00
SES02963,USR02963,Tablet,West,Social Media,Fashion,1,Browse,2025-10-14 20:14:46
SES02964,USR02964,Desktop,East,Email,Home,1,Browse,2025-10-17 13:49:43
SES02965,USR02965,Tablet,South,Google Ads,Sports,1,Browse,2025-10-31 14:41:43
SES02966,USR02966,Desktop,South,Email,Sports,2,Add to Cart,2025-10-29 19:43:47
SES02967,USR02967,Desktop,South,Google Ads,Sports,1,Browse,2025-10-31 06:41:54
SES02968,USR02968,Mobile,West,Social Media,Electronics,1,Browse,2025-10-28 10:57:25
SES02969,USR02969,Desktop,South,Organic,Fashion,1,Browse,2025-10-21 02:03:37
SES02970,USR02970,Desktop,West,Google Ads,Electronics,3,Checkout,2025-10-29 17:39:37
SES02971,USR02971,Desktop,West,Organic,Beauty,1,Browse,2025-10-04 02:04:02
SES02972,USR02972,Desktop,North,Email,Beauty,3,Checkout,2025-10-11 02:16:58
SES02973,USR02973,Desktop,East,Google Ads,Electronics,2,Add to Cart,2025-10-06 10:07:08
SES02974,USR02974,Desktop,North,Social Media,Electronics,1,Browse,2025-10-10 19:55:06
SES02975,USR02975,Mobile,West,Email,Sports,2,Add to Cart,2025-10-12 14:26:08
SES02976,USR02976,Desktop,West,Organic,Sports,4,Purchase,2025-10-09 12:48:08
SES02977,USR02977,Desktop,West,Social Media,Beauty,4,Purchase,2025-10-02 19:23:24
SES02978,USR02978,Tablet,East,Google Ads,Sports,3,Checkout,2025-10-20 04:32:11
SES02979,USR02979,Tablet,West,Google Ads,Beauty,4,Purchase,2025-10-05 19:55:40
SES02980,USR02980,Tablet,North,Social Media,Home,1,Browse,2025-10-11 03:48:48
SES02981,USR02981,Tablet,North,Google Ads,Sports,2,Add to Cart,2025-10-28 14:33:04
SES02982,USR02982,Mobile,South,Social Media,Electronics,2,Add to Cart,2025-10-11 14:36:01
SES02983,USR02983,Tablet,West,Google Ads,Electronics,1,Browse,2025-10-10 20:24:43
SES02984,USR02984,Mobile,West,Organic,Beauty,1,Browse,2025-10-27 20:12:17
SES02985,USR02985,Mobile,North,Email,Electronics,1,Browse,2025-10-11 22:03:49
SES02986,USR02986,Desktop,East,Google Ads,Sports,1,Browse,2025-10-15 10:08:27
SES02987,USR02987,Desktop,South,Organic,Sports,4,Purchase,2025-10-02 04:48:19
SES02988,USR02988,Tablet,South,Google Ads,Electronics,3,Checkout,2025-10-31 01:41:14
SES02989,USR02989,Tablet,North,Social Media,Fashion,1,Browse,2025-10-29 22:09:27
SES02990,USR02990,Mobile,South,Email,Electronics,1,Browse,2025-10-22 06:18:11
SES02991,USR02991,Desktop,North,Social Media,Fashion,1,Browse,2025-10-02 17:12:13
SES02992,USR02992,Desktop,South,Social Media,Home,1,Browse,2025-10-05 19:34:10
SES02993,USR02993,Tablet,West,Email,Fashion,4,Purchase,2025-10-18 10:20:56
SES02994,USR02994,Desktop,South,Email,Sports,2,Add to Cart,2025-10-14 07:20:08
SES02995,USR02995,Desktop,North,Email,Beauty,1,Browse,2025-10-21 00:26:55
SES02996,USR02996,Desktop,South,Organic,Electronics,3,Checkout,2025-10-21 14:39:08
SES02997,USR02997,Tablet,East,Organic,Fashion,1,Browse,2025-10-02 13:40:51
SES02998,USR02998,Desktop,West,Google Ads,Home,2,Add to Cart,2025-10-20 08:43:21
SES02999,USR02999,Mobile,South,Google Ads,Home,2,Add to Cart,2025-10-30 20:56:07
SES03000,USR03000,Tablet,West,Google Ads,Fashion,3,Checkout,2025-10-08 08:30:26
SES03001,USR03001,Desktop,West,Google Ads,Home,3,Checkout,2025-10-24 06:58:48
SES03002,USR03002,Mobile,West,Email,Home,2,Add to Cart,2025-10-16 18:03:43
SES03003,USR03003,Mobile,South,Email,Sports,2,Add to Cart,2025-10-08 22:09:14
SES03004,USR03004,Desktop,North,Social Media,Beauty,1,Browse,2025-10-12 05:40:35
SES03005,USR03005,Tablet,North,Organic,Sports,1,Browse,2025-10-08 23:37:50
SES03006,USR03006,Desktop,West,Email,Electronics,2,Add to Cart,2025-10-17 06:08:51
SES03007,USR03007,Mobile,East,Organic,Home,1,Browse,2025-10-02 20:52:02
SES03008,USR03008,Desktop,West,Organic,Fashion,2,Add to Cart,2025-10-06 03:02:05
SES03009,USR03009,Tablet,South,Organic,Electronics,2,Add to Cart,2025-10-13 11:30:23
SES03010,USR03010,Tablet,East,Social Media,Electronics,3,Checkout,2025-10-13 12:22:03
SES03011,USR03011,Mobile,South,Organic,Sports,3,Checkout,2025-10-04 01:43:35
SES03012,USR03012,Desktop,East,Email,Electronics,2,Add to Cart,2025-10-10 19:32:39
SES03013,USR03013,Mobile,South,Email,Home,2,Add to Cart,2025-10-16 02:19:27
SES03014,USR03014,Mobile,South,Social Media,Fashion,1,Browse,2025-10-09 03:40:28
SES03015,USR03015,Tablet,South,Email,Beauty,3,Checkout,2025-10-22 00:42:16
SES03016,USR03016,Tablet,North,Email,Fashion,4,Purchase,2025-10-29 16:36:05
SES03017,USR03017,Mobile,West,Social Media,Fashion,3,Checkout,2025-10-01 19:30:56
SES03018,USR03018,Tablet,South,Social Media,Fashion,3,Checkout,2025-10-27 13:35:45
SES03019,USR03019,Tablet,North,Email,Sports,4,Purchase,2025-10-18 01:57:10
SES03020,USR03020,Mobile,East,Google Ads,Beauty,1,Browse,2025-10-31 01:33:06
SES03021,USR03021,Tablet,North,Google Ads,Fashion,1,Browse,2025-10-31 17:12:38
SES03022,USR03022,Mobile,East,Google Ads,Sports,4,Purchase,2025-10-19 22:41:45
SES03023,USR03023,Mobile,West,Organic,Electronics,2,Add to Cart,2025-10-30 05:16:29
SES03024,USR03024,Mobile,West,Google Ads,Beauty,2,Add to Cart,2025-10-10 23:29:31
SES03025,USR03025,Desktop,South,Organic,Beauty,1,Browse,2025-10-15 15:03:22
SES03026,USR03026,Mobile,West,Google Ads,Home,1,Browse,2025-10-26 06:41:01
SES03027,USR03027,Mobile,South,Organic,Sports,2,Add to Cart,2025-10-25 23:41:56
SES03028,USR03028,Tablet,East,Social Media,Electronics,1,Browse,2025-10-18 15:46:19
SES03029,USR03029,Mobile,East,Organic,Fashion,2,Add to Cart,2025-10-15 09:32:10
SES03030,USR03030,Mobile,East,Email,Electronics,1,Browse,2025-10-25 07:49:21
SES03031,USR03031,Mobile,South,Organic,Sports,2,Add to Cart,2025-10-23 04:36:36
SES03032,USR03032,Desktop,North,Google Ads,Home,3,Checkout,2025-10-12 21:41:11
SES03033,USR03033,Mobile,West,Social Media,Sports,2,Add to Cart,2025-10-12 08:52:46
SES03034,USR03034,Tablet,West,Social Media,Electronics,2,Add to Cart,2025-10-08 06:33:38
SES03035,USR03035,Mobile,South,Google Ads,Beauty,2,Add to Cart,2025-10-29 03:31:19
SES03036,USR03036,Mobile,West,Google Ads,Fashion,2,Add to Cart,2025-10-20 06:29:52
SES03037,USR03037,Desktop,West,Organic,Home,4,Purchase,2025-10-13 04:32:01
SES03038,USR03038,Desktop,West,Organic,Fashion,3,Checkout,2025-10-21 14:47:28
SES03039,USR03039,Desktop,West,Social Media,Beauty,4,Purchase,2025-10-10 19:38:18
SES03040,USR03040,Tablet,South,Social Media,Home,2,Add to Cart,2025-10-25 13:42:56
SES03041,USR03041,Mobile,North,Google Ads,Home,2,Add to Cart,2025-10-08 19:17:00
SES03042,USR03042,Mobile,South,Social Media,Beauty,2,Add to Cart,2025-10-18 10:53:20
SES03043,USR03043,Desktop,South,Social Media,Home,2,Add to Cart,2025-10-31 05:44:48
SES03044,USR03044,Desktop,South,Social Media,Fashion,1,Browse,2025-10-03 14:15:35
SES03045,USR03045,Desktop,North,Email,Home,1,Browse,2025-10-10 20:48:40
SES03046,USR03046,Desktop,East,Social Media,Home,1,Browse,2025-10-09 05:20:41
SES03047,USR03047,Tablet,South,Organic,Home,2,Add to Cart,2025-10-18 14:20:31
SES03048,USR03048,Tablet,East,Social Media,Home,3,Checkout,2025-10-30 03:00:09
SES03049,USR03049,Mobile,North,Email,Sports,1,Browse,2025-10-04 22:58:37
SES03050,USR03050,Desktop,West,Email,Electronics,2,Add to Cart,2025-10-18 17:56:29
SES03051,USR03051,Mobile,South,Organic,Electronics,3,Checkout,2025-10-19 11:31:02
SES03052,USR03052,Tablet,South,Google Ads,Electronics,1,Browse,2025-10-16 14:35:12
SES03053,USR03053,Desktop,East,Google Ads,Fashion,4,Purchase,2025-10-12 04:32:37
SES03054,USR03054,Tablet,North,Email,Fashion,3,Checkout,2025-10-27 17:49:03
SES03055,USR03055,Mobile,East,Google Ads,Home,2,Add to Cart,2025-10-12 22:19:58
SES03056,USR03056,Mobile,West,Organic,Sports,3,Checkout,2025-10-25 13:41:09
SES03057,USR03057,Desktop,West,Google Ads,Beauty,2,Add to Cart,2025-10-21 17:34:22
SES03058,USR03058,Tablet,North,Email,Beauty,1,Browse,2025-10-27 07:30:01
SES03059,USR03059,Mobile,East,Google Ads,Fashion,3,Checkout,2025-10-25 14:47:14
SES03060,USR03060,Mobile,East,Email,Electronics,2,Add to Cart,2025-10-28 22:51:37
SES03061,USR03061,Mobile,North,Social Media,Sports,2,Add to Cart,2025-10-19 18:59:23
SES03062,USR03062,Desktop,North,Email,Electronics,2,Add to Cart,2025-10-03 02:33:36
SES03063,USR03063,Tablet,East,Social Media,Fashion,3,Checkout,2025-10-16 04:02:46
SES03064,USR03064,Tablet,West,Social Media,Sports,3,Checkout,2025-10-20 10:07:49
SES03065,USR03065,Desktop,West,Social Media,Sports,1,Browse,2025-10-11 11:16:49
SES03066,USR03066,Mobile,West,Organic,Beauty,4,Purchase,2025-10-16 01:41:30
SES03067,USR03067,Desktop,East,Social Media,Beauty,4,Purchase,2025-10-06 16:03:18
SES03068,USR03068,Desktop,West,Google Ads,Fashion,1,Browse,2025-10-19 18:25:55
SES03069,USR03069,Tablet,West,Organic,Fashion,1,Browse,2025-10-28 10:04:45
SES03070,USR03070,Desktop,North,Google Ads,Home,3,Checkout,2025-10-15 00:13:22
SES03071,USR03071,Mobile,West,Google Ads,Fashion,2,Add to Cart,2025-10-02 06:12:31
SES03072,USR03072,Mobile,West,Organic,Electronics,3,Checkout,2025-10-06 17:36:09
SES03073,USR03073,Desktop,South,Social Media,Home,1,Browse,2025-10-02 15:12:10
SES03074,USR03074,Mobile,North,Google Ads,Fashion,2,Add to Cart,2025-10-12 03:48:41
SES03075,USR03075,Mobile,North,Organic,Home,3,Checkout,2025-10-28 21:55:58
SES03076,USR03076,Tablet,West,Organic,Home,4,Purchase,2025-10-21 03:26:02
SES03077,USR03077,Mobile,North,Google Ads,Electronics,3,Checkout,2025-10-26 20:00:35
SES03078,USR03078,Mobile,East,Google Ads,Beauty,4,Purchase,2025-10-21 20:54:46
SES03079,USR03079,Desktop,North,Email,Home,4,Purchase,2025-10-16 01:32:49
SES03080,USR03080,Desktop,East,Email,Sports,2,Add to Cart,2025-10-29 08:13:09
SES03081,USR03081,Tablet,North,Organic,Home,4,Purchase,2025-10-28 21:39:02
SES03082,USR03082,Desktop,West,Social Media,Home,3,Checkout,2025-10-31 06:17:43
SES03083,USR03083,Tablet,North,Social Media,Sports,2,Add to Cart,2025-10-09 22:30:19
SES03084,USR03084,Mobile,South,Google Ads,Sports,2,Add to Cart,2025-10-27 04:24:56
SES03085,USR03085,Mobile,North,Organic,Beauty,1,Browse,2025-10-06 16:52:50
SES03086,USR03086,Mobile,East,Social Media,Fashion,3,Checkout,2025-10-06 22:46:41
SES03087,USR03087,Tablet,West,Email,Fashion,2,Add to Cart,2025-10-20 13:07:56
SES03088,USR03088,Mobile,South,Organic,Home,2,Add to Cart,2025-10-14 03:44:16
SES03089,USR03089,Mobile,West,Organic,Beauty,1,Browse,2025-10-12 07:57:26
SES03090,USR03090,Desktop,South,Organic,Home,1,Browse,2025-10-03 22:38:34
SES03091,USR03091,Mobile,South,Google Ads,Electronics,1,Browse,2025-10-14 09:16:32
SES03092,USR03092,Tablet,East,Google Ads,Electronics,1,Browse,2025-10-13 05:02:17
SES03093,USR03093,Desktop,East,Organic,Electronics,1,Browse,2025-10-09 03:20:23
SES03094,USR03094,Mobile,West,Social Media,Fashion,1,Browse,2025-10-03 22:52:59
SES03095,USR03095,Tablet,North,Social Media,Fashion,3,Checkout,2025-10-06 22:26:37
SES03096,USR03096,Mobile,East,Organic,Beauty,3,Checkout,2025-10-19 00:19:40
SES03097,USR03097,Mobile,North,Email,Sports,3,Checkout,2025-10-05 22:42:50
SES03098,USR03098,Mobile,South,Google Ads,Beauty,1,Browse,2025-10-24 14:53:31
SES03099,USR03099,Desktop,South,Google Ads,Electronics,1,Browse,2025-10-31 10:48:10
SES03100,USR03100,Mobile,West,Social Media,Home,4,Purchase,2025-10-30 22:30:12
SES03101,USR03101,Tablet,North,Google Ads,Beauty,4,Purchase,2025-10-23 01:32:21
SES03102,USR03102,Tablet,North,Organic,Sports,2,Add to Cart,2025-10-18 09:36:25
SES03103,USR03103,Mobile,North,Email,Electronics,1,Browse,2025-10-28 18:52:16
SES03104,USR03104,Mobile,South,Social Media,Electronics,2,Add to Cart,2025-10-12 10:58:15
SES03105,USR03105,Tablet,East,Google Ads,Sports,2,Add to Cart,2025-10-13 20:23:42
SES03106,USR03106,Mobile,South,Google Ads,Electronics,3,Checkout,2025-10-25 04:50:44
SES03107,USR03107,Mobile,West,Google Ads,Sports,3,Checkout,2025-10-05 23:44:10
SES03108,USR03108,Tablet,East,Google Ads,Electronics,2,Add to Cart,2025-10-03 07:18:22
SES03109,USR03109,Tablet,South,Organic,Sports,3,Checkout,2025-10-21 08:57:45
SES03110,USR03110,Mobile,North,Social Media,Beauty,2,Add to Cart,2025-10-26 07:31:31
SES03111,USR03111,Mobile,West,Social Media,Home,1,Browse,2025-10-03 23:06:20
SES03112,USR03112,Tablet,West,Organic,Fashion,1,Browse,2025-10-18 11:52:34
SES03113,USR03113,Mobile,West,Organic,Beauty,4,Purchase,2025-10-24 03:21:00
SES03114,USR03114,Mobile,East,Google Ads,Sports,3,Checkout,2025-10-03 16:13:20
SES03115,USR03115,Desktop,West,Organic,Fashion,1,Browse,2025-10-15 20:51:55
SES03116,USR03116,Mobile,North,Google Ads,Home,3,Checkout,2025-10-23 19:56:18
SES03117,USR03117,Tablet,East,Email,Home,3,Checkout,2025-10-22 21:09:32
SES03118,USR03118,Desktop,South,Email,Electronics,3,Checkout,2025-10-15 07:31:49
SES03119,USR03119,Desktop,West,Social Media,Home,2,Add to Cart,2025-10-27 02:17:22
SES03120,USR03120,Mobile,North,Organic,Fashion,3,Checkout,2025-10-20 12:13:01
SES03121,USR03121,Desktop,East,Social Media,Sports,3,Checkout,2025-10-13 18:51:10
SES03122,USR03122,Mobile,North,Organic,Fashion,1,Browse,2025-10-03 14:21:21
SES03123,USR03123,Tablet,East,Email,Electronics,2,Add to Cart,2025-10-09 06:43:41
SES03124,USR03124,Mobile,South,Social Media,Sports,3,Checkout,2025-10-31 04:28:35
SES03125,USR03125,Desktop,North,Organic,Fashion,4,Purchase,2025-10-14 08:23:56
SES03126,USR03126,Mobile,North,Google Ads,Beauty,1,Browse,2025-10-10 11:59:48
SES03127,USR03127,Mobile,North,Email,Fashion,2,Add to Cart,2025-10-12 15:40:42
SES03128,USR03128,Mobile,North,Email,Beauty,3,Checkout,2025-10-19 08:58:21
SES03129,USR03129,Desktop,East,Email,Sports,3,Checkout,2025-10-16 14:44:03
SES03130,USR03130,Mobile,South,Email,Fashion,1,Browse,2025-10-20 08:47:44
SES03131,USR03131,Tablet,East,Organic,Sports,2,Add to Cart,2025-10-16 05:33:14
SES03132,USR03132,Tablet,East,Organic,Sports,3,Checkout,2025-10-23 22:42:21
SES03133,USR03133,Mobile,West,Social Media,Electronics,3,Checkout,2025-10-02 00:05:04
SES03134,USR03134,Tablet,North,Google Ads,Electronics,2,Add to Cart,2025-10-18 22:54:07
SES03135,USR03135,Desktop,West,Email,Electronics,1,Browse,2025-10-19 00:50:40
SES03136,USR03136,Mobile,North,Google Ads,Fashion,1,Browse,2025-10-16 12:37:15
SES03137,USR03137,Mobile,East,Google Ads,Electronics,1,Browse,2025-10-28 20:26:30
SES03138,USR03138,Tablet,East,Email,Sports,1,Browse,2025-10-19 18:45:53
SES03139,USR03139,Mobile,East,Google Ads,Electronics,1,Browse,2025-10-29 06:24:39
SES03140,USR03140,Desktop,West,Google Ads,Sports,2,Add to Cart,2025-10-31 06:41:38
SES03141,USR03141,Mobile,West,Organic,Fashion,3,Checkout,2025-10-14 16:56:08
SES03142,USR03142,Desktop,West,Organic,Beauty,2,Add to Cart,2025-10-22 10:53:17
SES03143,USR03143,Desktop,West,Social Media,Home,3,Checkout,2025-10-30 09:28:11
SES03144,USR03144,Tablet,North,Email,Home,2,Add to Cart,2025-10-15 04:13:07
SES03145,USR03145,Desktop,East,Social Media,Electronics,3,Checkout,2025-10-02 21:14:01
SES03146,USR03146,Tablet,North,Social Media,Beauty,4,Purchase,2025-10-05 18:39:53
SES03147,USR03147,Mobile,East,Email,Electronics,2,Add to Cart,2025-10-22 04:46:52
SES03148,USR03148,Mobile,East,Email,Home,2,Add to Cart,2025-10-19 20:13:15
SES03149,USR03149,Tablet,North,Google Ads,Electronics,1,Browse,2025-10-12 06:52:08
SES03150,USR03150,Tablet,West,Organic,Home,2,Add to Cart,2025-10-16 22:59:58
SES03151,USR03151,Mobile,South,Google Ads,Fashion,4,Purchase,2025-10-24 13:22:40
SES03152,USR03152,Tablet,East,Social Media,Electronics,3,Checkout,2025-10-25 14:07:54
SES03153,USR03153,Mobile,West,Organic,Sports,1,Browse,2025-10-23 06:23:48
SES03154,USR03154,Tablet,West,Organic,Fashion,3,Checkout,2025-10-25 05:21:26
SES03155,USR03155,Desktop,West,Google Ads,Sports,2,Add to Cart,2025-10-03 12:20:27
SES03156,USR03156,Tablet,South,Social Media,Home,3,Checkout,2025-10-12 06:31:37
SES03157,USR03157,Desktop,East,Google Ads,Home,2,Add to Cart,2025-10-09 04:20:33
SES03158,USR03158,Mobile,West,Google Ads,Electronics,3,Checkout,2025-10-25 04:09:19
SES03159,USR03159,Tablet,South,Google Ads,Electronics,2,Add to Cart,2025-10-06 00:38:22
SES03160,USR03160,Tablet,North,Google Ads,Home,2,Add to Cart,2025-10-28 00:48:27
SES03161,USR03161,Mobile,North,Google Ads,Beauty,2,Add to Cart,2025-10-07 11:59:48
SES03162,USR03162,Desktop,East,Social Media,Beauty,2,Add to Cart,2025-10-07 06:04:20
SES03163,USR03163,Mobile,East,Email,Beauty,4,Purchase,2025-10-09 09:28:06
SES03164,USR03164,Mobile,North,Email,Sports,2,Add to Cart,2025-10-12 08:58:48
SES03165,USR03165,Mobile,South,Google Ads,Beauty,3,Checkout,2025-10-03 10:26:23
SES03166,USR03166,Tablet,North,Email,Fashion,3,Checkout,2025-10-24 09:36:12
SES03167,USR03167,Mobile,South,Google Ads,Electronics,1,Browse,2025-10-12 07:50:05
SES03168,USR03168,Tablet,South,Social Media,Home,1,Browse,2025-10-24 17:47:40
SES03169,USR03169,Tablet,South,Google Ads,Beauty,1,Browse,2025-10-11 12:45:33
SES03170,USR03170,Mobile,North,Google Ads,Beauty,1,Browse,2025-10-18 08:00:47
SES03171,USR03171,Tablet,West,Google Ads,Home,3,Checkout,2025-10-11 13:13:32
SES03172,USR03172,Mobile,South,Google Ads,Beauty,3,Checkout,2025-10-26 19:13:19
SES03173,USR03173,Mobile,North,Organic,Electronics,4,Purchase,2025-10-30 02:08:36
SES03174,USR03174,Mobile,South,Google Ads,Beauty,2,Add to Cart,2025-10-31 18:18:29
SES03175,USR03175,Tablet,North,Social Media,Electronics,3,Checkout,2025-10-29 08:08:27
SES03176,USR03176,Tablet,West,Social Media,Sports,1,Browse,2025-10-04 03:29:37
SES03177,USR03177,Tablet,West,Email,Electronics,2,Add to Cart,2025-10-31 10:47:56
SES03178,USR03178,Mobile,South,Organic,Fashion,1,Browse,2025-10-02 08:31:35
SES03179,USR03179,Mobile,North,Social Media,Fashion,3,Checkout,2025-10-07 00:14:19
SES03180,USR03180,Desktop,South,Social Media,Electronics,1,Browse,2025-10-02 03:13:57
SES03181,USR03181,Mobile,East,Organic,Home,4,Purchase,2025-10-02 18:33:11
SES03182,USR03182,Mobile,West,Social Media,Sports,1,Browse,2025-10-26 00:25:44
SES03183,USR03183,Mobile,North,Social Media,Electronics,2,Add to Cart,2025-10-31 16:10:03
SES03184,USR03184,Tablet,South,Social Media,Electronics,1,Browse,2025-10-08 02:06:45
SES03185,USR03185,Desktop,South,Google Ads,Sports,4,Purchase,2025-10-15 05:27:07
SES03186,USR03186,Desktop,South,Email,Beauty,1,Browse,2025-10-17 18:26:03
SES03187,USR03187,Mobile,North,Social Media,Fashion,1,Browse,2025-10-18 09:08:08
SES03188,USR03188,Mobile,South,Email,Fashion,2,Add to Cart,2025-10-19 16:38:36
SES03189,USR03189,Desktop,North,Email,Fashion,2,Add to Cart,2025-10-15 19:53:18
SES03190,USR03190,Desktop,West,Organic,Beauty,2,Add to Cart,2025-10-20 02:00:17
SES03191,USR03191,Mobile,North,Google Ads,Home,2,Add to Cart,2025-10-02 06:54:11
SES03192,USR03192,Tablet,East,Organic,Electronics,2,Add to Cart,2025-10-20 13:57:06
SES03193,USR03193,Mobile,West,Organic,Fashion,3,Checkout,2025-10-28 22:40:39
SES03194,USR03194,Mobile,South,Email,Electronics,1,Browse,2025-10-20 16:10:10
SES03195,USR03195,Desktop,South,Email,Electronics,1,Browse,2025-10-06 11:34:30
SES03196,USR03196,Tablet,North,Google Ads,Beauty,3,Checkout,2025-10-21 04:38:35
SES03197,USR03197,Mobile,North,Organic,Beauty,2,Add to Cart,2025-10-27 03:36:21
SES03198,USR03198,Mobile,South,Organic,Home,1,Browse,2025-10-09 10:03:05
SES03199,USR03199,Desktop,North,Social Media,Beauty,3,Checkout,2025-10-08 20:07:18
SES03200,USR03200,Mobile,North,Social Media,Fashion,4,Purchase,2025-10-06 21:42:50
SES03201,USR03201,Tablet,East,Social Media,Beauty,2,Add to Cart,2025-10-23 06:30:06
SES03202,USR03202,Tablet,North,Email,Home,3,Checkout,2025-10-06 12:08:35
SES03203,USR03203,Mobile,West,Google Ads,Beauty,2,Add to Cart,2025-10-22 20:59:03
SES03204,USR03204,Mobile,West,Social Media,Electronics,3,Checkout,2025-10-22 09:45:14
SES03205,USR03205,Tablet,West,Email,Beauty,1,Browse,2025-10-08 16:05:01
SES03206,USR03206,Desktop,West,Email,Fashion,1,Browse,2025-10-26 09:24:52
SES03207,USR03207,Mobile,East,Organic,Beauty,1,Browse,2025-10-01 22:31:17
SES03208,USR03208,Mobile,West,Organic,Home,3,Checkout,2025-10-09 06:58:47
SES03209,USR03209,Mobile,West,Social Media,Sports,1,Browse,2025-10-03 21:12:48
SES03210,USR03210,Desktop,North,Organic,Home,2,Add to Cart,2025-10-23 20:15:18
SES03211,USR03211,Desktop,South,Google Ads,Sports,2,Add to Cart,2025-10-02 04:35:40
SES03212,USR03212,Desktop,North,Social Media,Fashion,2,Add to Cart,2025-10-05 04:13:25
SES03213,USR03213,Desktop,South,Email,Fashion,2,Add to Cart,2025-10-25 13:06:27
SES03214,USR03214,Tablet,West,Google Ads,Sports,1,Browse,2025-10-14 10:06:31
SES03215,USR03215,Tablet,South,Email,Electronics,2,Add to Cart,2025-10-23 14:41:21
SES03216,USR03216,Desktop,South,Organic,Sports,2,Add to Cart,2025-10-10 00:39:49
SES03217,USR03217,Mobile,West,Email,Sports,1,Browse,2025-10-08 23:49:10
SES03218,USR03218,Mobile,West,Email,Beauty,2,Add to Cart,2025-10-06 11:13:06
SES03219,USR03219,Mobile,East,Email,Beauty,1,Browse,2025-10-26 13:16:15
SES03220,USR03220,Tablet,East,Email,Beauty,1,Browse,2025-10-14 22:03:25
SES03221,USR03221,Tablet,South,Social Media,Electronics,1,Browse,2025-10-30 19:19:34
SES03222,USR03222,Desktop,South,Google Ads,Beauty,2,Add to Cart,2025-10-12 19:10:38
SES03223,USR03223,Tablet,South,Social Media,Fashion,1,Browse,2025-10-13 05:52:46
SES03224,USR03224,Tablet,East,Organic,Electronics,3,Checkout,2025-10-20 02:41:53
SES03225,USR03225,Desktop,East,Google Ads,Home,3,Checkout,2025-10-21 12:36:45
SES03226,USR03226,Mobile,South,Email,Home,1,Browse,2025-10-18 21:51:40
SES03227,USR03227,Tablet,West,Google Ads,Sports,3,Checkout,2025-10-25 03:44:32
SES03228,USR03228,Tablet,West,Email,Electronics,1,Browse,2025-10-12 09:12:11
SES03229,USR03229,Tablet,East,Email,Beauty,3,Checkout,2025-10-14 08:43:29
SES03230,USR03230,Tablet,East,Email,Electronics,4,Purchase,2025-10-11 05:39:18
SES03231,USR03231,Tablet,West,Google Ads,Electronics,2,Add to Cart,2025-10-15 04:18:25
SES03232,USR03232,Mobile,North,Social Media,Home,2,Add to Cart,2025-10-03 21:09:54
SES03233,USR03233,Mobile,East,Social Media,Beauty,3,Checkout,2025-10-11 13:55:42
SES03234,USR03234,Tablet,East,Organic,Home,2,Add to Cart,2025-10-29 15:38:00
SES03235,USR03235,Desktop,South,Organic,Beauty,2,Add to Cart,2025-10-28 01:45:51
SES03236,USR03236,Mobile,South,Google Ads,Home,2,Add to Cart,2025-10-23 02:39:12
SES03237,USR03237,Desktop,West,Email,Electronics,2,Add to Cart,2025-10-09 04:28:17
SES03238,USR03238,Tablet,West,Organic,Beauty,2,Add to Cart,2025-10-28 09:20:02
SES03239,USR03239,Tablet,West,Organic,Sports,2,Add to Cart,2025-10-15 02:19:17
SES03240,USR03240,Tablet,East,Organic,Sports,3,Checkout,2025-10-30 21:35:36
SES03241,USR03241,Mobile,West,Social Media,Fashion,2,Add to Cart,2025-10-11 19:41:40
SES03242,USR03242,Desktop,North,Email,Sports,2,Add to Cart,2025-10-29 05:12:15
SES03243,USR03243,Desktop,South,Social Media,Sports,2,Add to Cart,2025-10-06 00:21:23
SES03244,USR03244,Tablet,North,Email,Home,3,Checkout,2025-10-13 03:37:37
SES03245,USR03245,Tablet,East,Email,Fashion,4,Purchase,2025-10-02 17:16:57
SES03246,USR03246,Desktop,South,Google Ads,Fashion,2,Add to Cart,2025-10-14 22:14:16
SES03247,USR03247,Desktop,South,Social Media,Sports,3,Checkout,2025-10-08 17:45:18
SES03248,USR03248,Desktop,South,Social Media,Electronics,1,Browse,2025-10-08 23:25:51
SES03249,USR03249,Mobile,North,Organic,Fashion,1,Browse,2025-10-25 12:35:07
SES03250,USR03250,Mobile,West,Social Media,Fashion,1,Browse,2025-10-20 04:14:14
SES03251,USR03251,Tablet,South,Social Media,Fashion,1,Browse,2025-10-13 00:37:25
SES03252,USR03252,Desktop,West,Email,Beauty,1,Browse,2025-10-20 12:36:02
SES03253,USR03253,Tablet,North,Social Media,Sports,1,Browse,2025-10-03 13:48:11
SES03254,USR03254,Mobile,East,Google Ads,Sports,2,Add to Cart,2025-10-23 11:38:15
SES03255,USR03255,Mobile,East,Email,Fashion,3,Checkout,2025-10-03 14:16:01
SES03256,USR03256,Mobile,South,Email,Beauty,1,Browse,2025-10-15 09:15:28
SES03257,USR03257,Tablet,West,Email,Beauty,3,Checkout,2025-10-18 20:22:27
SES03258,USR03258,Desktop,North,Social Media,Beauty,3,Checkout,2025-10-01 20:51:29
SES03259,USR03259,Tablet,West,Social Media,Sports,1,Browse,2025-10-28 15:26:17
SES03260,USR03260,Mobile,South,Social Media,Electronics,1,Browse,2025-10-14 07:57:34
SES03261,USR03261,Mobile,North,Organic,Sports,2,Add to Cart,2025-10-30 16:45:25
SES03262,USR03262,Tablet,West,Organic,Home,1,Browse,2025-10-24 12:54:37
SES03263,USR03263,Tablet,North,Email,Fashion,4,Purchase,2025-10-27 03:25:56
SES03264,USR03264,Desktop,East,Organic,Beauty,2,Add to Cart,2025-10-28 19:29:36
SES03265,USR03265,Mobile,West,Email,Electronics,3,Checkout,2025-10-14 07:40:40
SES03266,USR03266,Tablet,South,Social Media,Sports,3,Checkout,2025-10-10 06:17:11
SES03267,USR03267,Mobile,West,Social Media,Home,2,Add to Cart,2025-10-15 12:19:07
SES03268,USR03268,Tablet,West,Organic,Beauty,2,Add to Cart,2025-10-17 11:20:16
SES03269,USR03269,Desktop,East,Email,Home,2,Add to Cart,2025-10-28 22:49:35
SES03270,USR03270,Tablet,North,Google Ads,Sports,1,Browse,2025-10-28 10:36:26
SES03271,USR03271,Desktop,North,Social Media,Home,2,Add to Cart,2025-10-22 06:38:23
SES03272,USR03272,Desktop,South,Organic,Home,1,Browse,2025-10-25 22:19:38
SES03273,USR03273,Desktop,East,Email,Fashion,3,Checkout,2025-10-22 06:28:40
SES03274,USR03274,Desktop,South,Email,Fashion,1,Browse,2025-10-19 22:53:16
SES03275,USR03275,Tablet,South,Social Media,Home,2,Add to Cart,2025-10-25 14:07:03
SES03276,USR03276,Desktop,South,Google Ads,Fashion,1,Browse,2025-10-03 22:28:12
SES03277,USR03277,Desktop,East,Google Ads,Electronics,2,Add to Cart,2025-10-04 07:37:17
SES03278,USR03278,Desktop,South,Google Ads,Beauty,3,Checkout,2025-10-22 01:34:49
SES03279,USR03279,Tablet,North,Social Media,Home,3,Checkout,2025-10-25 07:53:20
SES03280,USR03280,Desktop,East,Organic,Fashion,3,Checkout,2025-10-09 06:33:45
SES03281,USR03281,Mobile,North,Organic,Home,1,Browse,2025-10-28 23:58:00
SES03282,USR03282,Mobile,North,Social Media,Electronics,2,Add to Cart,2025-10-17 15:30:17
SES03283,USR03283,Mobile,West,Google Ads,Electronics,2,Add to Cart,2025-10-09 19:32:46
SES03284,USR03284,Mobile,West,Organic,Sports,4,Purchase,2025-10-28 07:25:16
SES03285,USR03285,Mobile,North,Social Media,Electronics,1,Browse,2025-10-19 00:46:26
SES03286,USR03286,Tablet,West,Email,Beauty,2,Add to Cart,2025-10-13 17:05:32
SES03287,USR03287,Mobile,South,Google Ads,Fashion,2,Add to Cart,2025-10-18 12:58:41
SES03288,USR03288,Mobile,South,Social Media,Beauty,1,Browse,2025-10-07 05:46:32
SES03289,USR03289,Desktop,North,Organic,Sports,2,Add to Cart,2025-10-06 16:47:46
SES03290,USR03290,Mobile,West,Email,Beauty,3,Checkout,2025-10-17 21:05:02
SES03291,USR03291,Mobile,East,Email,Electronics,2,Add to Cart,2025-10-18 00:56:04
SES03292,USR03292,Tablet,West,Organic,Home,3,Checkout,2025-10-19 06:29:25
SES03293,USR03293,Mobile,East,Email,Beauty,3,Checkout,2025-10-08 01:29:09
SES03294,USR03294,Tablet,South,Organic,Fashion,1,Browse,2025-10-16 05:25:15
SES03295,USR03295,Mobile,North,Email,Fashion,4,Purchase,2025-10-31 11:06:24
SES03296,USR03296,Desktop,West,Organic,Fashion,1,Browse,2025-10-22 00:50:15
SES03297,USR03297,Mobile,East,Organic,Sports,1,Browse,2025-10-19 01:11:42
SES03298,USR03298,Mobile,East,Organic,Electronics,3,Checkout,2025-10-24 12:36:00
SES03299,USR03299,Tablet,South,Email,Home,2,Add to Cart,2025-10-20 13:11:22
SES03300,USR03300,Mobile,South,Organic,Sports,3,Checkout,2025-10-08 22:33:53
SES03301,USR03301,Tablet,West,Social Media,Beauty,2,Add to Cart,2025-10-25 14:43:02
SES03302,USR03302,Desktop,East,Organic,Electronics,2,Add to Cart,2025-10-04 23:52:02
SES03303,USR03303,Tablet,East,Social Media,Home,2,Add to Cart,2025-10-22 23:27:43
SES03304,USR03304,Tablet,East,Email,Beauty,3,Checkout,2025-10-17 09:11:57
SES03305,USR03305,Desktop,South,Google Ads,Sports,2,Add to Cart,2025-10-26 12:23:18
SES03306,USR03306,Desktop,West,Google Ads,Home,1,Browse,2025-10-12 09:26:22
SES03307,USR03307,Desktop,West,Social Media,Electronics,1,Browse,2025-10-03 08:21:26
SES03308,USR03308,Desktop,West,Social Media,Electronics,2,Add to Cart,2025-10-08 10:34:57
SES03309,USR03309,Mobile,West,Google Ads,Home,1,Browse,2025-10-16 09:57:28
SES03310,USR03310,Mobile,North,Email,Electronics,3,Checkout,2025-10-19 20:42:09
SES03311,USR03311,Mobile,West,Google Ads,Fashion,1,Browse,2025-10-15 02:26:05
SES03312,USR03312,Desktop,East,Organic,Fashion,1,Browse,2025-10-21 20:53:16
SES03313,USR03313,Tablet,North,Google Ads,Sports,1,Browse,2025-10-25 08:59:22
SES03314,USR03314,Mobile,North,Email,Fashion,4,Purchase,2025-10-04 17:22:11
SES03315,USR03315,Mobile,North,Organic,Sports,3,Checkout,2025-10-16 08:43:05
SES03316,USR03316,Tablet,North,Email,Home,2,Add to Cart,2025-10-24 06:51:18
SES03317,USR03317,Tablet,North,Google Ads,Beauty,2,Add to Cart,2025-10-15 02:08:09
SES03318,USR03318,Tablet,East,Organic,Sports,1,Browse,2025-10-05 21:36:15
SES03319,USR03319,Desktop,North,Social Media,Beauty,1,Browse,2025-10-28 07:17:51
SES03320,USR03320,Tablet,East,Organic,Beauty,1,Browse,2025-10-18 12:32:12
SES03321,USR03321,Desktop,North,Organic,Fashion,2,Add to Cart,2025-10-02 00:16:09
SES03322,USR03322,Desktop,East,Organic,Home,2,Add to Cart,2025-10-16 18:06:24
SES03323,USR03323,Tablet,East,Google Ads,Home,4,Purchase,2025-10-27 06:38:37
SES03324,USR03324,Mobile,North,Organic,Sports,1,Browse,2025-10-20 06:00:47
SES03325,USR03325,Desktop,East,Email,Beauty,1,Browse,2025-10-16 18:57:35
SES03326,USR03326,Desktop,East,Google Ads,Electronics,1,Browse,2025-10-12 14:42:40
SES03327,USR03327,Tablet,West,Google Ads,Electronics,2,Add to Cart,2025-10-25 03:18:47
SES03328,USR03328,Mobile,West,Organic,Beauty,2,Add to Cart,2025-10-03 06:04:08
SES03329,USR03329,Tablet,East,Google Ads,Electronics,2,Add to Cart,2025-10-06 16:31:52
SES03330,USR03330,Desktop,North,Organic,Home,2,Add to Cart,2025-10-24 05:54:17
SES03331,USR03331,Mobile,South,Google Ads,Beauty,1,Browse,2025-10-10 22:08:27
SES03332,USR03332,Tablet,North,Social Media,Electronics,2,Add to Cart,2025-10-30 04:15:02
SES03333,USR03333,Mobile,West,Social Media,Home,3,Checkout,2025-10-16 15:38:25
SES03334,USR03334,Mobile,West,Social Media,Beauty,4,Purchase,2025-10-27 10:23:14
SES03335,USR03335,Mobile,East,Organic,Electronics,3,Checkout,2025-10-20 20:16:20
SES03336,USR03336,Tablet,North,Google Ads,Home,2,Add to Cart,2025-10-28 21:28:37
SES03337,USR03337,Mobile,West,Social Media,Electronics,1,Browse,2025-10-18 12:52:02
SES03338,USR03338,Tablet,East,Email,Electronics,3,Checkout,2025-10-27 08:48:08
SES03339,USR03339,Desktop,West,Organic,Beauty,2,Add to Cart,2025-10-05 13:40:49
SES03340,USR03340,Tablet,South,Organic,Fashion,4,Purchase,2025-10-20 01:59:29
SES03341,USR03341,Desktop,South,Organic,Beauty,2,Add to Cart,2025-10-08 17:10:08
SES03342,USR03342,Mobile,East,Social Media,Fashion,1,Browse,2025-10-20 11:12:15
SES03343,USR03343,Mobile,East,Google Ads,Sports,1,Browse,2025-10-19 15:47:35
SES03344,USR03344,Mobile,South,Google Ads,Beauty,2,Add to Cart,2025-10-14 15:07:32
SES03345,USR03345,Desktop,South,Email,Sports,2,Add to Cart,2025-10-18 19:46:53
SES03346,USR03346,Desktop,South,Organic,Fashion,3,Checkout,2025-10-14 22:35:31
SES03347,USR03347,Mobile,North,Organic,Sports,1,Browse,2025-10-05 06:40:14
SES03348,USR03348,Desktop,East,Organic,Beauty,3,Checkout,2025-10-20 02:31:32
SES03349,USR03349,Desktop,North,Social Media,Home,2,Add to Cart,2025-10-13 03:18:20
SES03350,USR03350,Mobile,West,Organic,Fashion,3,Checkout,2025-10-21 17:25:34
SES03351,USR03351,Mobile,East,Google Ads,Home,1,Browse,2025-10-26 18:06:43
SES03352,USR03352,Tablet,West,Google Ads,Electronics,2,Add to Cart,2025-10-04 16:09:54
SES03353,USR03353,Desktop,West,Email,Home,2,Add to Cart,2025-10-30 17:53:16
SES03354,USR03354,Tablet,West,Google Ads,Sports,3,Checkout,2025-10-16 15:56:38
SES03355,USR03355,Tablet,North,Google Ads,Beauty,3,Checkout,2025-10-20 23:03:15
SES03356,USR03356,Tablet,South,Organic,Home,2,Add to Cart,2025-10-23 19:56:54
SES03357,USR03357,Desktop,East,Email,Home,3,Checkout,2025-10-19 12:16:04
SES03358,USR03358,Desktop,East,Organic,Fashion,3,Checkout,2025-10-26 15:17:16
SES03359,USR03359,Tablet,South,Organic,Home,2,Add to Cart,2025-10-09 00:00:39
SES03360,USR03360,Tablet,South,Email,Fashion,2,Add to Cart,2025-10-22 09:54:20
SES03361,USR03361,Tablet,West,Organic,Beauty,3,Checkout,2025-10-28 14:43:31
SES03362,USR03362,Tablet,North,Social Media,Beauty,2,Add to Cart,2025-10-17 20:10:02
SES03363,USR03363,Mobile,South,Organic,Electronics,1,Browse,2025-10-05 18:17:47
SES03364,USR03364,Mobile,West,Social Media,Sports,1,Browse,2025-10-15 20:55:51
SES03365,USR03365,Mobile,East,Email,Electronics,1,Browse,2025-10-02 17:51:28
SES03366,USR03366,Tablet,North,Social Media,Fashion,1,Browse,2025-10-03 05:15:57
SES03367,USR03367,Tablet,South,Google Ads,Sports,4,Purchase,2025-10-27 15:15:38
SES03368,USR03368,Mobile,East,Email,Electronics,4,Purchase,2025-10-17 15:39:12
SES03369,USR03369,Desktop,West,Social Media,Beauty,3,Checkout,2025-10-14 19:55:09
SES03370,USR03370,Tablet,West,Email,Fashion,1,Browse,2025-10-23 00:21:20
SES03371,USR03371,Desktop,North,Social Media,Electronics,2,Add to Cart,2025-10-19 07:10:01
SES03372,USR03372,Desktop,East,Social Media,Home,3,Checkout,2025-10-22 00:50:50
SES03373,USR03373,Tablet,West,Organic,Electronics,2,Add to Cart,2025-10-12 06:04:17
SES03374,USR03374,Tablet,North,Email,Home,2,Add to Cart,2025-10-12 01:19:51
SES03375,USR03375,Tablet,West,Organic,Electronics,1,Browse,2025-10-27 18:02:22
SES03376,USR03376,Desktop,South,Google Ads,Home,3,Checkout,2025-10-29 23:29:37
SES03377,USR03377,Desktop,South,Email,Home,4,Purchase,2025-10-10 22:47:04
SES03378,USR03378,Desktop,West,Organic,Fashion,3,Checkout,2025-10-25 22:17:21
SES03379,USR03379,Mobile,North,Email,Beauty,2,Add to Cart,2025-10-05 02:13:10
SES03380,USR03380,Mobile,South,Email,Electronics,2,Add to Cart,2025-10-04 20:06:09
SES03381,USR03381,Desktop,East,Google Ads,Fashion,1,Browse,2025-10-27 12:08:57
SES03382,USR03382,Desktop,North,Social Media,Electronics,1,Browse,2025-10-06 16:27:56
SES03383,USR03383,Desktop,West,Email,Sports,2,Add to Cart,2025-10-12 08:20:35
SES03384,USR03384,Mobile,East,Social Media,Sports,1,Browse,2025-10-19 14:29:56
SES03385,USR03385,Mobile,East,Email,Beauty,1,Browse,2025-10-01 20:50:14
SES03386,USR03386,Mobile,North,Google Ads,Electronics,2,Add to Cart,2025-10-04 14:31:01
SES03387,USR03387,Tablet,North,Email,Home,1,Browse,2025-10-07 20:06:32
SES03388,USR03388,Tablet,East,Organic,Home,1,Browse,2025-10-18 01:08:22
SES03389,USR03389,Tablet,West,Social Media,Beauty,2,Add to Cart,2025-10-25 12:39:22
SES03390,USR03390,Mobile,South,Organic,Home,2,Add to Cart,2025-10-14 15:23:09
SES03391,USR03391,Mobile,East,Email,Beauty,3,Checkout,2025-10-23 02:53:50
SES03392,USR03392,Mobile,East,Email,Fashion,1,Browse,2025-10-08 03:09:02
SES03393,USR03393,Mobile,East,Social Media,Fashion,3,Checkout,2025-10-26 15:29:41
SES03394,USR03394,Tablet,South,Organic,Home,3,Checkout,2025-10-14 07:47:59
SES03395,USR03395,Tablet,North,Google Ads,Beauty,2,Add to Cart,2025-10-07 05:13:43
SES03396,USR03396,Tablet,South,Organic,Electronics,2,Add to Cart,2025-10-28 09:03:37
SES03397,USR03397,Desktop,West,Email,Sports,3,Checkout,2025-10-16 07:50:22
SES03398,USR03398,Mobile,North,Email,Electronics,2,Add to Cart,2025-10-24 19:26:39
SES03399,USR03399,Tablet,West,Organic,Electronics,1,Browse,2025-10-14 02:53:09
SES03400,USR03400,Mobile,East,Google Ads,Home,2,Add to Cart,2025-10-12 01:36:17
SES03401,USR03401,Mobile,East,Social Media,Beauty,2,Add to Cart,2025-10-13 22:15:07
SES03402,USR03402,Desktop,North,Email,Electronics,2,Add to Cart,2025-10-03 15:52:21
SES03403,USR03403,Tablet,East,Social Media,Beauty,2,Add to Cart,2025-10-10 19:52:23
SES03404,USR03404,Tablet,West,Organic,Beauty,2,Add to Cart,2025-10-02 22:05:55
SES03405,USR03405,Tablet,West,Organic,Sports,2,Add to Cart,2025-10-08 13:43:48
SES03406,USR03406,Desktop,South,Organic,Beauty,3,Checkout,2025-10-09 12:03:22
SES03407,USR03407,Tablet,South,Social Media,Electronics,3,Checkout,2025-10-23 07:29:07
SES03408,USR03408,Desktop,West,Google Ads,Beauty,2,Add to Cart,2025-10-06 22:34:38
SES03409,USR03409,Desktop,South,Google Ads,Home,1,Browse,2025-10-15 23:09:46
SES03410,USR03410,Tablet,East,Organic,Beauty,2,Add to Cart,2025-10-07 20:17:23
SES03411,USR03411,Tablet,West,Email,Sports,3,Checkout,2025-10-04 01:11:41
SES03412,USR03412,Desktop,East,Email,Beauty,1,Browse,2025-10-10 14:19:51
SES03413,USR03413,Mobile,East,Google Ads,Fashion,4,Purchase,2025-10-19 17:32:17
SES03414,USR03414,Desktop,North,Organic,Fashion,1,Browse,2025-10-30 21:45:08
SES03415,USR03415,Desktop,South,Email,Sports,2,Add to Cart,2025-10-12 11:50:34
SES03416,USR03416,Mobile,West,Social Media,Electronics,1,Browse,2025-10-08 03:56:42
SES03417,USR03417,Desktop,North,Social Media,Beauty,3,Checkout,2025-10-12 00:35:43
SES03418,USR03418,Desktop,East,Google Ads,Electronics,3,Checkout,2025-10-29 12:21:15
SES03419,USR03419,Mobile,West,Google Ads,Electronics,3,Checkout,2025-10-08 15:47:18
SES03420,USR03420,Desktop,South,Google Ads,Electronics,1,Browse,2025-10-29 13:41:27
SES03421,USR03421,Desktop,East,Organic,Sports,3,Checkout,2025-10-09 06:40:25
SES03422,USR03422,Tablet,South,Google Ads,Home,1,Browse,2025-10-26 13:04:32
SES03423,USR03423,Tablet,North,Email,Electronics,2,Add to Cart,2025-10-19 01:39:42
SES03424,USR03424,Mobile,East,Organic,Beauty,1,Browse,2025-10-27 18:12:32
SES03425,USR03425,Desktop,East,Social Media,Sports,2,Add to Cart,2025-10-12 19:44:36
SES03426,USR03426,Mobile,South,Organic,Fashion,2,Add to Cart,2025-10-11 01:34:52
SES03427,USR03427,Tablet,West,Google Ads,Home,3,Checkout,2025-10-11 12:22:23
SES03428,USR03428,Desktop,South,Google Ads,Beauty,1,Browse,2025-10-24 10:56:47
SES03429,USR03429,Desktop,North,Google Ads,Beauty,1,Browse,2025-10-06 18:02:10
SES03430,USR03430,Mobile,East,Social Media,Electronics,3,Checkout,2025-10-18 08:43:53
SES03431,USR03431,Desktop,West,Google Ads,Beauty,2,Add to Cart,2025-10-25 02:12:41
SES03432,USR03432,Tablet,West,Google Ads,Electronics,2,Add to Cart,2025-10-03 05:36:51
SES03433,USR03433,Mobile,East,Organic,Sports,3,Checkout,2025-10-28 07:11:11
SES03434,USR03434,Desktop,South,Google Ads,Home,2,Add to Cart,2025-10-03 01:27:14
SES03435,USR03435,Tablet,West,Organic,Fashion,4,Purchase,2025-10-29 07:16:17
SES03436,USR03436,Desktop,South,Google Ads,Fashion,1,Browse,2025-10-10 15:36:27
SES03437,USR03437,Mobile,North,Social Media,Beauty,3,Checkout,2025-10-23 10:42:24
SES03438,USR03438,Desktop,West,Social Media,Home,1,Browse,2025-10-17 20:28:22
SES03439,USR03439,Desktop,East,Google Ads,Electronics,2,Add to Cart,2025-10-18 22:52:41
SES03440,USR03440,Tablet,East,Email,Fashion,4,Purchase,2025-10-20 15:06:38
SES03441,USR03441,Tablet,North,Email,Home,3,Checkout,2025-10-28 05:49:38
SES03442,USR03442,Mobile,West,Social Media,Sports,1,Browse,2025-10-13 00:28:48
SES03443,USR03443,Tablet,West,Google Ads,Fashion,2,Add to Cart,2025-10-22 12:16:53
SES03444,USR03444,Tablet,North,Email,Home,3,Checkout,2025-10-27 21:31:10
SES03445,USR03445,Tablet,South,Email,Beauty,2,Add to Cart,2025-10-02 11:07:29
SES03446,USR03446,Tablet,East,Organic,Fashion,2,Add to Cart,2025-10-30 04:52:48
SES03447,USR03447,Desktop,South,Email,Sports,3,Checkout,2025-10-22 07:41:40
SES03448,USR03448,Desktop,North,Organic,Sports,1,Browse,2025-10-02 08:04:47
SES03449,USR03449,Mobile,East,Email,Sports,1,Browse,2025-10-20 06:10:24
SES03450,USR03450,Desktop,North,Organic,Home,1,Browse,2025-10-03 08:58:16
SES03451,USR03451,Mobile,South,Email,Electronics,2,Add to Cart,2025-10-14 00:02:29
SES03452,USR03452,Desktop,West,Social Media,Home,1,Browse,2025-10-07 14:25:33
SES03453,USR03453,Tablet,North,Google Ads,Sports,1,Browse,2025-10-02 16:56:53
SES03454,USR03454,Tablet,North,Google Ads,Beauty,1,Browse,2025-10-28 10:01:11
SES03455,USR03455,Desktop,South,Social Media,Beauty,2,Add to Cart,2025-10-16 13:27:34
SES03456,USR03456,Mobile,South,Organic,Beauty,1,Browse,2025-10-29 23:22:42
SES03457,USR03457,Tablet,South,Organic,Home,1,Browse,2025-10-16 19:49:33
SES03458,USR03458,Mobile,East,Google Ads,Beauty,4,Purchase,2025-10-13 21:52:04
SES03459,USR03459,Tablet,South,Email,Home,3,Checkout,2025-10-20 01:19:39
SES03460,USR03460,Desktop,East,Email,Beauty,4,Purchase,2025-10-22 13:25:26
SES03461,USR03461,Desktop,South,Social Media,Fashion,2,Add to Cart,2025-10-26 20:57:24
SES03462,USR03462,Desktop,East,Google Ads,Beauty,2,Add to Cart,2025-10-13 21:15:36
SES03463,USR03463,Desktop,East,Google Ads,Electronics,4,Purchase,2025-10-04 16:54:16
SES03464,USR03464,Mobile,West,Social Media,Beauty,1,Browse,2025-10-05 05:46:26
SES03465,USR03465,Desktop,East,Organic,Beauty,1,Browse,2025-10-17 06:04:34
SES03466,USR03466,Mobile,East,Email,Home,1,Browse,2025-10-11 17:53:26
SES03467,USR03467,Tablet,North,Social Media,Beauty,2,Add to Cart,2025-10-11 04:32:46
SES03468,USR03468,Tablet,South,Organic,Fashion,1,Browse,2025-10-30 10:28:20
SES03469,USR03469,Mobile,South,Organic,Beauty,3,Checkout,2025-10-18 20:49:59
SES03470,USR03470,Mobile,West,Email,Electronics,2,Add to Cart,2025-10-24 02:46:37
SES03471,USR03471,Tablet,East,Social Media,Home,1,Browse,2025-10-18 08:02:36
SES03472,USR03472,Desktop,North,Organic,Electronics,1,Browse,2025-10-25 07:57:51
SES03473,USR03473,Tablet,East,Social Media,Electronics,2,Add to Cart,2025-10-02 20:13:01
SES03474,USR03474,Tablet,East,Email,Sports,3,Checkout,2025-10-18 19:33:09
SES03475,USR03475,Tablet,East,Google Ads,Home,2,Add to Cart,2025-10-05 11:49:09
SES03476,USR03476,Mobile,East,Social Media,Home,2,Add to Cart,2025-10-13 03:28:13
SES03477,USR03477,Tablet,West,Google Ads,Fashion,1,Browse,2025-10-16 04:54:53
SES03478,USR03478,Desktop,South,Social Media,Fashion,3,Checkout,2025-10-27 11:55:48
SES03479,USR03479,Mobile,East,Organic,Electronics,3,Checkout,2025-10-25 11:49:48
SES03480,USR03480,Tablet,East,Social Media,Fashion,2,Add to Cart,2025-10-26 02:54:20
SES03481,USR03481,Mobile,West,Social Media,Fashion,1,Browse,2025-10-29 19:13:14
SES03482,USR03482,Desktop,West,Organic,Beauty,2,Add to Cart,2025-10-12 22:50:55
SES03483,USR03483,Desktop,North,Email,Electronics,2,Add to Cart,2025-10-08 00:55:08
SES03484,USR03484,Desktop,South,Email,Sports,4,Purchase,2025-10-06 00:04:16
SES03485,USR03485,Tablet,North,Google Ads,Beauty,1,Browse,2025-10-25 12:56:49
SES03486,USR03486,Mobile,North,Social Media,Electronics,2,Add to Cart,2025-10-31 05:04:16
SES03487,USR03487,Mobile,South,Organic,Electronics,2,Add to Cart,2025-10-28 00:38:23
SES03488,USR03488,Mobile,West,Email,Sports,1,Browse,2025-10-30 13:51:13
SES03489,USR03489,Mobile,South,Organic,Beauty,3,Checkout,2025-10-28 03:43:17
SES03490,USR03490,Mobile,East,Social Media,Electronics,4,Purchase,2025-10-17 19:43:55
SES03491,USR03491,Desktop,East,Google Ads,Sports,3,Checkout,2025-10-03 05:27:25
SES03492,USR03492,Tablet,East,Social Media,Beauty,2,Add to Cart,2025-10-02 11:21:07
SES03493,USR03493,Mobile,West,Email,Beauty,2,Add to Cart,2025-10-13 05:55:53
SES03494,USR03494,Mobile,South,Google Ads,Home,2,Add to Cart,2025-10-22 03:16:23
SES03495,USR03495,Mobile,North,Social Media,Home,1,Browse,2025-10-27 02:21:40
SES03496,USR03496,Mobile,West,Organic,Fashion,2,Add to Cart,2025-10-12 03:32:35
SES03497,USR03497,Mobile,West,Social Media,Beauty,3,Checkout,2025-10-22 00:29:48
SES03498,USR03498,Mobile,North,Organic,Beauty,3,Checkout,2025-10-26 09:13:42
SES03499,USR03499,Mobile,West,Google Ads,Fashion,1,Browse,2025-10-03 12:04:46
SES03500,USR03500,Mobile,West,Email,Electronics,1,Browse,2025-10-04 07:01:49
SES03501,USR03501,Desktop,North,Social Media,Fashion,3,Checkout,2025-10-19 21:57:19
SES03502,USR03502,Tablet,North,Email,Beauty,3,Checkout,2025-10-14 10:31:07
SES03503,USR03503,Mobile,South,Organic,Home,3,Checkout,2025-10-23 10:30:14
SES03504,USR03504,Desktop,West,Google Ads,Beauty,3,Checkout,2025-10-08 18:43:13
SES03505,USR03505,Tablet,West,Email,Home,1,Browse,2025-10-19 13:00:12
SES03506,USR03506,Desktop,North,Email,Beauty,2,Add to Cart,2025-10-03 13:04:16
SES03507,USR03507,Desktop,East,Organic,Beauty,1,Browse,2025-10-30 08:13:04
SES03508,USR03508,Tablet,South,Email,Sports,4,Purchase,2025-10-03 04:53:47
SES03509,USR03509,Tablet,North,Social Media,Sports,2,Add to Cart,2025-10-22 15:25:53
SES03510,USR03510,Desktop,West,Email,Electronics,3,Checkout,2025-10-03 06:59:32
SES03511,USR03511,Desktop,North,Google Ads,Fashion,1,Browse,2025-10-22 23:23:56
SES03512,USR03512,Desktop,South,Email,Beauty,2,Add to Cart,2025-10-09 15:38:52
SES03513,USR03513,Mobile,South,Organic,Sports,1,Browse,2025-10-02 16:39:51
SES03514,USR03514,Mobile,South,Social Media,Beauty,4,Purchase,2025-10-05 22:44:38
SES03515,USR03515,Desktop,South,Organic,Fashion,3,Checkout,2025-10-17 02:46:40
SES03516,USR03516,Tablet,West,Organic,Sports,2,Add to Cart,2025-10-06 01:42:42
SES03517,USR03517,Mobile,North,Organic,Home,1,Browse,2025-10-16 10:08:28
SES03518,USR03518,Desktop,West,Organic,Home,3,Checkout,2025-10-06 04:00:37
SES03519,USR03519,Desktop,North,Organic,Electronics,1,Browse,2025-10-06 07:54:38
SES03520,USR03520,Tablet,West,Social Media,Electronics,2,Add to Cart,2025-10-23 04:57:33
SES03521,USR03521,Mobile,South,Email,Home,4,Purchase,2025-10-19 18:44:43
SES03522,USR03522,Desktop,South,Google Ads,Sports,2,Add to Cart,2025-10-06 10:35:15
SES03523,USR03523,Tablet,South,Organic,Electronics,4,Purchase,2025-10-22 01:04:44
SES03524,USR03524,Desktop,East,Social Media,Home,3,Checkout,2025-10-14 11:14:49
SES03525,USR03525,Desktop,East,Google Ads,Electronics,1,Browse,2025-10-13 07:50:33
SES03526,USR03526,Desktop,West,Email,Home,1,Browse,2025-10-29 18:46:43
SES03527,USR03527,Desktop,North,Google Ads,Beauty,2,Add to Cart,2025-10-01 20:49:50
SES03528,USR03528,Mobile,South,Social Media,Electronics,2,Add to Cart,2025-10-28 11:52:35
SES03529,USR03529,Mobile,West,Organic,Electronics,3,Checkout,2025-10-19 09:40:26
SES03530,USR03530,Desktop,East,Email,Sports,4,Purchase,2025-10-15 16:31:52
SES03531,USR03531,Desktop,West,Email,Home,4,Purchase,2025-10-03 12:26:27
SES03532,USR03532,Desktop,South,Email,Fashion,1,Browse,2025-10-11 04:55:29
SES03533,USR03533,Desktop,East,Google Ads,Electronics,2,Add to Cart,2025-10-30 09:59:50
SES03534,USR03534,Mobile,North,Email,Beauty,1,Browse,2025-10-23 12:08:32
SES03535,USR03535,Desktop,South,Social Media,Home,1,Browse,2025-10-23 01:32:52
SES03536,USR03536,Mobile,East,Email,Beauty,2,Add to Cart,2025-10-26 05:26:37
SES03537,USR03537,Tablet,East,Social Media,Beauty,3,Checkout,2025-10-28 23:18:42
SES03538,USR03538,Tablet,East,Organic,Sports,2,Add to Cart,2025-10-03 04:27:53
SES03539,USR03539,Mobile,South,Social Media,Beauty,3,Checkout,2025-10-15 14:44:28
SES03540,USR03540,Mobile,North,Social Media,Home,3,Checkout,2025-10-08 02:47:56
SES03541,USR03541,Desktop,North,Email,Fashion,2,Add to Cart,2025-10-03 13:58:12
SES03542,USR03542,Desktop,North,Google Ads,Home,1,Browse,2025-10-12 17:54:10
SES03543,USR03543,Tablet,North,Organic,Fashion,1,Browse,2025-10-26 16:11:22
SES03544,USR03544,Desktop,South,Google Ads,Sports,2,Add to Cart,2025-10-16 09:37:03
SES03545,USR03545,Desktop,North,Google Ads,Home,1,Browse,2025-10-15 12:14:15
SES03546,USR03546,Tablet,North,Google Ads,Home,1,Browse,2025-10-28 10:29:10
SES03547,USR03547,Tablet,East,Email,Fashion,1,Browse,2025-10-04 09:01:36
SES03548,USR03548,Tablet,South,Google Ads,Electronics,2,Add to Cart,2025-10-15 13:53:23
SES03549,USR03549,Tablet,West,Organic,Electronics,3,Checkout,2025-10-27 22:38:25
SES03550,USR03550,Mobile,North,Organic,Home,2,Add to Cart,2025-10-06 17:00:18
SES03551,USR03551,Tablet,West,Social Media,Beauty,4,Purchase,2025-10-21 01:37:12
SES03552,USR03552,Mobile,East,Organic,Fashion,2,Add to Cart,2025-10-29 20:20:54
SES03553,USR03553,Tablet,South,Email,Sports,1,Browse,2025-10-26 21:08:00
SES03554,USR03554,Desktop,East,Organic,Home,4,Purchase,2025-10-20 03:15:49
SES03555,USR03555,Tablet,East,Email,Home,2,Add to Cart,2025-10-13 21:10:21
SES03556,USR03556,Desktop,North,Organic,Sports,2,Add to Cart,2025-10-08 22:48:18
SES03557,USR03557,Desktop,West,Organic,Home,2,Add to Cart,2025-10-08 00:36:36
SES03558,USR03558,Mobile,West,Email,Sports,1,Browse,2025-10-09 01:22:45
SES03559,USR03559,Mobile,South,Google Ads,Electronics,2,Add to Cart,2025-10-03 04:17:47
SES03560,USR03560,Mobile,North,Email,Sports,2,Add to Cart,2025-10-26 07:12:53
SES03561,USR03561,Desktop,North,Social Media,Sports,2,Add to Cart,2025-10-19 04:05:46
SES03562,USR03562,Desktop,East,Google Ads,Electronics,2,Add to Cart,2025-10-05 16:56:45
SES03563,USR03563,Desktop,East,Social Media,Sports,1,Browse,2025-10-31 11:21:59
SES03564,USR03564,Mobile,West,Google Ads,Electronics,2,Add to Cart,2025-10-11 13:14:33
SES03565,USR03565,Desktop,East,Google Ads,Home,4,Purchase,2025-10-05 05:07:37
SES03566,USR03566,Tablet,East,Social Media,Fashion,3,Checkout,2025-10-06 23:30:41
SES03567,USR03567,Mobile,East,Email,Home,2,Add to Cart,2025-10-13 14:30:22
SES03568,USR03568,Tablet,South,Email,Beauty,3,Checkout,2025-10-27 04:01:59
SES03569,USR03569,Mobile,East,Email,Sports,2,Add to Cart,2025-10-27 06:48:20
SES03570,USR03570,Desktop,North,Organic,Sports,1,Browse,2025-10-26 05:16:01
SES03571,USR03571,Mobile,North,Email,Sports,2,Add to Cart,2025-10-04 11:58:35
SES03572,USR03572,Desktop,West,Social Media,Electronics,3,Checkout,2025-10-28 12:02:32
SES03573,USR03573,Mobile,North,Organic,Beauty,2,Add to Cart,2025-10-21 12:23:14
SES03574,USR03574,Tablet,West,Organic,Home,1,Browse,2025-10-06 16:39:27
SES03575,USR03575,Tablet,North,Google Ads,Sports,2,Add to Cart,2025-10-29 19:14:04
SES03576,USR03576,Mobile,South,Email,Fashion,2,Add to Cart,2025-10-03 22:12:51
SES03577,USR03577,Tablet,West,Google Ads,Fashion,3,Checkout,2025-10-21 13:07:12
SES03578,USR03578,Mobile,North,Social Media,Sports,4,Purchase,2025-10-03 12:04:05
SES03579,USR03579,Mobile,East,Organic,Fashion,2,Add to Cart,2025-10-13 17:39:08
SES03580,USR03580,Tablet,North,Email,Sports,1,Browse,2025-10-16 22:37:01
SES03581,USR03581,Mobile,East,Email,Sports,3,Checkout,2025-10-30 17:54:30
SES03582,USR03582,Tablet,West,Google Ads,Beauty,3,Checkout,2025-10-07 14:58:02
SES03583,USR03583,Tablet,East,Google Ads,Fashion,1,Browse,2025-10-11 13:57:16
SES03584,USR03584,Tablet,East,Organic,Sports,1,Browse,2025-10-12 23:17:32
SES03585,USR03585,Tablet,North,Social Media,Beauty,2,Add to Cart,2025-10-10 13:04:59
SES03586,USR03586,Tablet,South,Organic,Home,2,Add to Cart,2025-10-20 16:33:42
SES03587,USR03587,Desktop,South,Social Media,Electronics,2,Add to Cart,2025-10-15 15:09:34
SES03588,USR03588,Mobile,North,Organic,Beauty,2,Add to Cart,2025-10-23 14:55:32
SES03589,USR03589,Mobile,South,Google Ads,Fashion,3,Checkout,2025-10-08 08:32:23
SES03590,USR03590,Mobile,South,Email,Sports,3,Checkout,2025-10-13 02:34:41
SES03591,USR03591,Mobile,West,Google Ads,Beauty,1,Browse,2025-10-21 10:14:41
SES03592,USR03592,Tablet,South,Organic,Beauty,3,Checkout,2025-10-12 18:05:37
SES03593,USR03593,Desktop,South,Email,Fashion,3,Checkout,2025-10-15 13:37:17
SES03594,USR03594,Tablet,North,Organic,Beauty,3,Checkout,2025-10-24 22:11:40
SES03595,USR03595,Mobile,West,Organic,Sports,1,Browse,2025-10-16 10:20:30
SES03596,USR03596,Mobile,West,Organic,Fashion,1,Browse,2025-10-10 15:36:51
SES03597,USR03597,Desktop,North,Email,Beauty,1,Browse,2025-10-14 22:24:08
SES03598,USR03598,Tablet,South,Social Media,Fashion,1,Browse,2025-10-04 09:33:23
SES03599,USR03599,Mobile,West,Email,Fashion,3,Checkout,2025-10-24 21:09:43
SES03600,USR03600,Tablet,South,Social Media,Beauty,2,Add to Cart,2025-10-10 12:53:27
SES03601,USR03601,Mobile,North,Google Ads,Beauty,1,Browse,2025-10-07 04:25:53
SES03602,USR03602,Desktop,West,Organic,Electronics,1,Browse,2025-10-12 03:04:32
SES03603,USR03603,Tablet,South,Google Ads,Fashion,3,Checkout,2025-10-14 16:02:14
SES03604,USR03604,Tablet,North,Organic,Fashion,3,Checkout,2025-10-31 02:29:58
SES03605,USR03605,Mobile,East,Google Ads,Home,3,Checkout,2025-10-29 02:21:35
SES03606,USR03606,Tablet,West,Social Media,Home,4,Purchase,2025-10-31 15:52:05
SES03607,USR03607,Mobile,East,Organic,Fashion,1,Browse,2025-10-23 04:32:55
SES03608,USR03608,Mobile,West,Organic,Fashion,1,Browse,2025-10-20 04:19:16
SES03609,USR03609,Tablet,North,Google Ads,Beauty,1,Browse,2025-10-17 02:38:07
SES03610,USR03610,Mobile,South,Organic,Fashion,2,Add to Cart,2025-10-06 17:41:09
SES03611,USR03611,Desktop,South,Google Ads,Beauty,2,Add to Cart,2025-10-07 00:41:45
SES03612,USR03612,Tablet,North,Social Media,Sports,4,Purchase,2025-10-26 11:23:58
SES03613,USR03613,Tablet,North,Email,Sports,3,Checkout,2025-10-05 07:28:00
SES03614,USR03614,Tablet,North,Organic,Beauty,4,Purchase,2025-10-23 17:22:46
SES03615,USR03615,Tablet,South,Social Media,Sports,3,Checkout,2025-10-31 08:09:47
SES03616,USR03616,Mobile,West,Social Media,Beauty,4,Purchase,2025-10-01 23:15:11
SES03617,USR03617,Desktop,South,Email,Home,1,Browse,2025-10-11 05:29:14
SES03618,USR03618,Mobile,West,Organic,Sports,3,Checkout,2025-10-08 22:57:30
SES03619,USR03619,Mobile,North,Organic,Fashion,2,Add to Cart,2025-10-28 08:22:16
SES03620,USR03620,Mobile,South,Organic,Home,2,Add to Cart,2025-10-21 22:27:06
SES03621,USR03621,Desktop,North,Email,Sports,1,Browse,2025-10-31 10:00:54
SES03622,USR03622,Desktop,South,Organic,Electronics,2,Add to Cart,2025-10-13 17:00:20
SES03623,USR03623,Mobile,South,Google Ads,Electronics,1,Browse,2025-10-09 14:29:05
SES03624,USR03624,Desktop,South,Social Media,Electronics,1,Browse,2025-10-18 14:28:08
SES03625,USR03625,Mobile,West,Organic,Home,4,Purchase,2025-10-19 06:27:30
SES03626,USR03626,Tablet,East,Social Media,Sports,3,Checkout,2025-10-07 21:00:33
SES03627,USR03627,Tablet,West,Social Media,Home,2,Add to Cart,2025-10-20 03:03:56
SES03628,USR03628,Tablet,North,Social Media,Electronics,1,Browse,2025-10-20 13:13:49
SES03629,USR03629,Mobile,South,Social Media,Electronics,1,Browse,2025-10-20 02:51:40
SES03630,USR03630,Desktop,South,Google Ads,Fashion,2,Add to Cart,2025-10-25 16:29:11
SES03631,USR03631,Desktop,West,Google Ads,Fashion,3,Checkout,2025-10-08 11:19:32
SES03632,USR03632,Mobile,West,Social Media,Fashion,3,Checkout,2025-10-21 06:26:31
SES03633,USR03633,Mobile,North,Email,Beauty,4,Purchase,2025-10-20 22:47:59
SES03634,USR03634,Mobile,East,Email,Beauty,4,Purchase,2025-10-21 11:30:22
SES03635,USR03635,Mobile,West,Social Media,Fashion,1,Browse,2025-10-18 15:55:34
SES03636,USR03636,Mobile,West,Social Media,Sports,2,Add to Cart,2025-10-08 06:52:47
SES03637,USR03637,Mobile,South,Email,Electronics,1,Browse,2025-10-07 06:55:02
SES03638,USR03638,Mobile,South,Email,Beauty,3,Checkout,2025-10-26 03:46:05
SES03639,USR03639,Mobile,South,Organic,Beauty,3,Checkout,2025-10-06 04:25:01
SES03640,USR03640,Desktop,North,Google Ads,Sports,2,Add to Cart,2025-10-09 09:58:02
SES03641,USR03641,Tablet,South,Organic,Fashion,3,Checkout,2025-10-12 11:07:18
SES03642,USR03642,Tablet,North,Social Media,Electronics,2,Add to Cart,2025-10-29 01:02:51
SES03643,USR03643,Tablet,West,Google Ads,Electronics,1,Browse,2025-10-02 21:41:38
SES03644,USR03644,Mobile,South,Organic,Fashion,1,Browse,2025-10-26 10:55:37
SES03645,USR03645,Mobile,North,Social Media,Sports,1,Browse,2025-10-21 12:23:18
SES03646,USR03646,Tablet,East,Email,Fashion,1,Browse,2025-10-15 05:15:34
SES03647,USR03647,Mobile,South,Organic,Sports,1,Browse,2025-10-15 18:40:19
SES03648,USR03648,Tablet,South,Social Media,Sports,4,Purchase,2025-10-07 01:29:35
SES03649,USR03649,Desktop,East,Organic,Electronics,1,Browse,2025-10-30 18:15:15
SES03650,USR03650,Tablet,South,Social Media,Beauty,4,Purchase,2025-10-20 20:34:19
SES03651,USR03651,Mobile,East,Email,Sports,2,Add to Cart,2025-10-08 00:04:47
SES03652,USR03652,Desktop,East,Social Media,Sports,1,Browse,2025-10-04 16:00:59
SES03653,USR03653,Desktop,East,Google Ads,Electronics,2,Add to Cart,2025-10-03 18:14:38
SES03654,USR03654,Mobile,South,Social Media,Fashion,1,Browse,2025-10-14 10:44:40
SES03655,USR03655,Mobile,East,Google Ads,Home,2,Add to Cart,2025-10-21 21:39:07
SES03656,USR03656,Tablet,East,Social Media,Fashion,1,Browse,2025-10-30 15:30:43
SES03657,USR03657,Tablet,East,Email,Beauty,1,Browse,2025-10-19 23:30:28
SES03658,USR03658,Tablet,East,Organic,Home,4,Purchase,2025-10-27 20:10:03
SES03659,USR03659,Mobile,West,Organic,Home,2,Add to Cart,2025-10-15 12:43:50
SES03660,USR03660,Tablet,East,Organic,Home,3,Checkout,2025-10-08 23:33:41
SES03661,USR03661,Desktop,South,Google Ads,Fashion,2,Add to Cart,2025-10-19 20:38:14
SES03662,USR03662,Desktop,West,Email,Home,1,Browse,2025-10-03 21:53:42
SES03663,USR03663,Tablet,South,Organic,Sports,1,Browse,2025-10-06 22:14:27
SES03664,USR03664,Desktop,South,Email,Beauty,4,Purchase,2025-10-05 21:41:50
SES03665,USR03665,Tablet,South,Organic,Electronics,2,Add to Cart,2025-10-27 10:31:36
SES03666,USR03666,Tablet,North,Organic,Fashion,1,Browse,2025-10-06 18:50:38
SES03667,USR03667,Mobile,South,Email,Electronics,2,Add to Cart,2025-10-18 17:06:45
SES03668,USR03668,Mobile,North,Google Ads,Electronics,1,Browse,2025-10-14 09:54:45
SES03669,USR03669,Desktop,East,Google Ads,Home,1,Browse,2025-10-16 04:54:15
SES03670,USR03670,Tablet,South,Organic,Fashion,2,Add to Cart,2025-10-21 15:14:42
SES03671,USR03671,Desktop,South,Email,Beauty,1,Browse,2025-10-22 19:45:52
SES03672,USR03672,Mobile,North,Google Ads,Electronics,3,Checkout,2025-10-23 06:14:26
SES03673,USR03673,Mobile,North,Google Ads,Home,2,Add to Cart,2025-10-03 16:05:19
SES03674,USR03674,Mobile,West,Google Ads,Sports,1,Browse,2025-10-24 05:32:50
SES03675,USR03675,Tablet,East,Google Ads,Sports,2,Add to Cart,2025-10-19 21:54:40
SES03676,USR03676,Desktop,North,Social Media,Fashion,1,Browse,2025-10-13 01:35:43
SES03677,USR03677,Tablet,South,Organic,Sports,2,Add to Cart,2025-10-31 06:27:59
SES03678,USR03678,Mobile,South,Google Ads,Sports,3,Checkout,2025-10-25 06:41:22
SES03679,USR03679,Desktop,North,Google Ads,Fashion,1,Browse,2025-10-03 23:30:46
SES03680,USR03680,Desktop,West,Google Ads,Home,1,Browse,2025-10-11 20:37:24
SES03681,USR03681,Tablet,West,Google Ads,Home,1,Browse,2025-10-19 04:18:21
SES03682,USR03682,Desktop,East,Email,Beauty,3,Checkout,2025-10-07 17:56:45
SES03683,USR03683,Tablet,South,Social Media,Sports,2,Add to Cart,2025-10-10 20:08:22
SES03684,USR03684,Tablet,East,Organic,Sports,4,Purchase,2025-10-23 00:04:50
SES03685,USR03685,Mobile,West,Organic,Fashion,2,Add to Cart,2025-10-24 02:27:28
SES03686,USR03686,Tablet,West,Social Media,Electronics,2,Add to Cart,2025-10-03 09:07:17
SES03687,USR03687,Mobile,East,Social Media,Beauty,3,Checkout,2025-10-18 13:59:51
SES03688,USR03688,Tablet,South,Organic,Fashion,4,Purchase,2025-10-04 11:44:20
SES03689,USR03689,Mobile,East,Social Media,Beauty,3,Checkout,2025-10-06 07:14:37
SES03690,USR03690,Tablet,South,Google Ads,Beauty,1,Browse,2025-10-18 00:40:46
SES03691,USR03691,Desktop,South,Organic,Electronics,3,Checkout,2025-10-29 01:18:03
SES03692,USR03692,Mobile,South,Organic,Sports,2,Add to Cart,2025-10-19 04:53:23
SES03693,USR03693,Desktop,South,Email,Home,1,Browse,2025-10-27 02:51:34
SES03694,USR03694,Mobile,West,Social Media,Electronics,2,Add to Cart,2025-10-25 23:57:03
SES03695,USR03695,Desktop,South,Social Media,Beauty,2,Add to Cart,2025-10-15 19:36:02
SES03696,USR03696,Desktop,East,Email,Home,2,Add to Cart,2025-10-06 18:23:03
SES03697,USR03697,Tablet,East,Organic,Fashion,2,Add to Cart,2025-10-28 23:03:34
SES03698,USR03698,Tablet,South,Organic,Fashion,2,Add to Cart,2025-10-10 06:41:54
SES03699,USR03699,Desktop,North,Social Media,Home,1,Browse,2025-10-23 19:10:23
SES03700,USR03700,Desktop,West,Social Media,Fashion,4,Purchase,2025-10-05 14:37:37
SES03701,USR03701,Mobile,West,Organic,Home,4,Purchase,2025-10-08 08:42:40
SES03702,USR03702,Desktop,West,Email,Home,2,Add to Cart,2025-10-14 22:44:36
SES03703,USR03703,Tablet,East,Google Ads,Home,1,Browse,2025-10-09 02:56:05
SES03704,USR03704,Desktop,West,Email,Fashion,2,Add to Cart,2025-10-30 12:45:21
SES03705,USR03705,Desktop,East,Organic,Fashion,3,Checkout,2025-10-05 16:01:23
SES03706,USR03706,Desktop,South,Organic,Home,2,Add to Cart,2025-10-09 23:56:09
SES03707,USR03707,Desktop,South,Email,Fashion,3,Checkout,2025-10-28 19:06:09
SES03708,USR03708,Tablet,North,Social Media,Home,1,Browse,2025-10-08 02:13:13
SES03709,USR03709,Mobile,West,Social Media,Beauty,3,Checkout,2025-10-12 22:34:59
SES03710,USR03710,Mobile,West,Email,Beauty,3,Checkout,2025-10-15 23:29:15
SES03711,USR03711,Mobile,North,Organic,Fashion,2,Add to Cart,2025-10-19 22:07:47
SES03712,USR03712,Desktop,West,Social Media,Home,3,Checkout,2025-10-18 12:33:45
SES03713,USR03713,Tablet,North,Organic,Home,3,Checkout,2025-10-07 14:51:55
SES03714,USR03714,Tablet,West,Organic,Beauty,3,Checkout,2025-10-26 03:55:02
SES03715,USR03715,Desktop,South,Google Ads,Fashion,2,Add to Cart,2025-10-09 07:40:06
SES03716,USR03716,Mobile,South,Google Ads,Home,1,Browse,2025-10-12 19:46:48
SES03717,USR03717,Tablet,East,Social Media,Electronics,1,Browse,2025-10-15 16:28:30
SES03718,USR03718,Desktop,West,Social Media,Sports,4,Purchase,2025-10-09 17:02:03
SES03719,USR03719,Mobile,West,Organic,Sports,3,Checkout,2025-10-20 01:41:57
SES03720,USR03720,Desktop,North,Organic,Home,3,Checkout,2025-10-25 04:58:57
SES03721,USR03721,Desktop,East,Organic,Fashion,2,Add to Cart,2025-10-12 20:40:38
SES03722,USR03722,Desktop,West,Google Ads,Sports,1,Browse,2025-10-20 04:11:47
SES03723,USR03723,Tablet,North,Email,Home,1,Browse,2025-10-29 14:09:57
SES03724,USR03724,Desktop,East,Google Ads,Sports,1,Browse,2025-10-29 13:52:26
SES03725,USR03725,Desktop,East,Organic,Home,3,Checkout,2025-10-29 04:46:06
SES03726,USR03726,Desktop,West,Email,Beauty,4,Purchase,2025-10-27 13:45:27
SES03727,USR03727,Mobile,East,Social Media,Sports,1,Browse,2025-10-11 16:54:15
SES03728,USR03728,Desktop,West,Google Ads,Home,2,Add to Cart,2025-10-19 01:36:08
SES03729,USR03729,Desktop,South,Email,Fashion,3,Checkout,2025-10-10 05:46:54
SES03730,USR03730,Desktop,South,Google Ads,Beauty,1,Browse,2025-10-25 12:24:43
SES03731,USR03731,Tablet,South,Google Ads,Sports,2,Add to Cart,2025-10-28 18:52:10
SES03732,USR03732,Tablet,North,Google Ads,Electronics,3,Checkout,2025-10-18 20:44:15
SES03733,USR03733,Tablet,North,Email,Beauty,2,Add to Cart,2025-10-14 08:42:45
SES03734,USR03734,Tablet,North,Google Ads,Home,4,Purchase,2025-10-23 02:55:28
SES03735,USR03735,Mobile,South,Google Ads,Sports,2,Add to Cart,2025-10-11 20:33:01
SES03736,USR03736,Mobile,North,Email,Fashion,3,Checkout,2025-10-20 09:59:56
SES03737,USR03737,Tablet,South,Social Media,Fashion,1,Browse,2025-10-17 05:15:48
SES03738,USR03738,Tablet,South,Social Media,Sports,2,Add to Cart,2025-10-30 20:53:59
SES03739,USR03739,Tablet,East,Organic,Beauty,1,Browse,2025-10-23 19:22:16
SES03740,USR03740,Mobile,North,Social Media,Sports,2,Add to Cart,2025-10-11 09:12:29
SES03741,USR03741,Mobile,East,Email,Beauty,2,Add to Cart,2025-10-19 22:59:24
SES03742,USR03742,Desktop,North,Email,Electronics,3,Checkout,2025-10-02 07:07:10
SES03743,USR03743,Tablet,West,Social Media,Fashion,3,Checkout,2025-10-25 04:57:52
SES03744,USR03744,Mobile,East,Social Media,Electronics,4,Purchase,2025-10-18 21:02:15
SES03745,USR03745,Tablet,West,Organic,Sports,2,Add to Cart,2025-10-15 00:15:38
SES03746,USR03746,Tablet,North,Email,Fashion,1,Browse,2025-10-30 06:40:00
SES03747,USR03747,Tablet,East,Social Media,Beauty,3,Checkout,2025-10-03 20:11:14
SES03748,USR03748,Tablet,West,Social Media,Fashion,2,Add to Cart,2025-10-06 05:25:25
SES03749,USR03749,Mobile,East,Organic,Beauty,2,Add to Cart,2025-10-23 18:24:52
SES03750,USR03750,Desktop,West,Email,Home,2,Add to Cart,2025-10-19 03:48:07
SES03751,USR03751,Mobile,North,Google Ads,Beauty,2,Add to Cart,2025-10-25 08:04:45
SES03752,USR03752,Mobile,North,Social Media,Fashion,2,Add to Cart,2025-10-04 16:50:15
SES03753,USR03753,Desktop,North,Social Media,Sports,1,Browse,2025-10-04 02:33:22
SES03754,USR03754,Tablet,South,Email,Electronics,2,Add to Cart,2025-10-16 01:32:06
SES03755,USR03755,Tablet,West,Social Media,Beauty,3,Checkout,2025-10-29 06:59:49
SES03756,USR03756,Mobile,East,Google Ads,Fashion,3,Checkout,2025-10-30 03:08:48
SES03757,USR03757,Mobile,North,Email,Home,4,Purchase,2025-10-03 01:39:22
SES03758,USR03758,Mobile,East,Organic,Beauty,2,Add to Cart,2025-10-04 06:48:47
SES03759,USR03759,Tablet,North,Google Ads,Electronics,1,Browse,2025-10-22 05:56:16
SES03760,USR03760,Tablet,West,Organic,Fashion,3,Checkout,2025-10-02 05:39:11
SES03761,USR03761,Desktop,South,Google Ads,Fashion,3,Checkout,2025-10-03 07:06:21
SES03762,USR03762,Tablet,West,Email,Electronics,2,Add to Cart,2025-10-08 19:40:20
SES03763,USR03763,Desktop,West,Email,Sports,2,Add to Cart,2025-10-30 07:47:38
SES03764,USR03764,Tablet,East,Google Ads,Beauty,2,Add to Cart,2025-10-05 06:43:32
SES03765,USR03765,Tablet,West,Email,Electronics,3,Checkout,2025-10-27 22:15:45
SES03766,USR03766,Tablet,West,Social Media,Electronics,3,Checkout,2025-10-31 04:18:38
SES03767,USR03767,Desktop,South,Organic,Sports,1,Browse,2025-10-13 08:39:47
SES03768,USR03768,Mobile,East,Email,Beauty,3,Checkout,2025-10-26 03:34:05
SES03769,USR03769,Desktop,West,Organic,Home,4,Purchase,2025-10-02 14:26:53
SES03770,USR03770,Desktop,South,Email,Sports,1,Browse,2025-10-27 10:09:25
SES03771,USR03771,Tablet,North,Organic,Electronics,1,Browse,2025-10-30 01:42:07
SES03772,USR03772,Tablet,West,Organic,Home,1,Browse,2025-10-11 05:41:01
SES03773,USR03773,Desktop,West,Social Media,Home,2,Add to Cart,2025-10-02 13:03:57
SES03774,USR03774,Mobile,East,Social Media,Electronics,2,Add to Cart,2025-10-24 23:15:15
SES03775,USR03775,Tablet,East,Social Media,Beauty,3,Checkout,2025-10-14 15:26:02
SES03776,USR03776,Desktop,East,Social Media,Fashion,2,Add to Cart,2025-10-24 01:29:32
SES03777,USR03777,Mobile,East,Social Media,Beauty,4,Purchase,2025-10-02 22:56:04
SES03778,USR03778,Tablet,South,Social Media,Fashion,1,Browse,2025-10-08 12:26:45
SES03779,USR03779,Tablet,East,Organic,Beauty,2,Add to Cart,2025-10-09 21:30:03
SES03780,USR03780,Mobile,South,Google Ads,Electronics,2,Add to Cart,2025-10-06 01:38:48
SES03781,USR03781,Mobile,West,Email,Electronics,4,Purchase,2025-10-15 01:46:30
SES03782,USR03782,Tablet,East,Social Media,Home,2,Add to Cart,2025-10-04 13:30:08
SES03783,USR03783,Mobile,West,Social Media,Electronics,2,Add to Cart,2025-10-23 13:53:59
SES03784,USR03784,Mobile,North,Organic,Beauty,1,Browse,2025-10-20 08:05:52
SES03785,USR03785,Tablet,North,Email,Fashion,1,Browse,2025-10-13 05:56:35
SES03786,USR03786,Mobile,South,Organic,Home,1,Browse,2025-10-14 06:20:54
SES03787,USR03787,Tablet,West,Email,Beauty,4,Purchase,2025-10-04 10:27:31
SES03788,USR03788,Mobile,North,Google Ads,Home,3,Checkout,2025-10-09 23:20:06
SES03789,USR03789,Tablet,West,Email,Electronics,3,Checkout,2025-10-24 19:52:03
SES03790,USR03790,Desktop,North,Organic,Home,4,Purchase,2025-10-27 09:27:05
SES03791,USR03791,Tablet,East,Organic,Home,2,Add to Cart,2025-10-25 15:46:05
SES03792,USR03792,Desktop,West,Google Ads,Beauty,2,Add to Cart,2025-10-16 08:40:00
SES03793,USR03793,Desktop,West,Social Media,Home,2,Add to Cart,2025-10-03 07:26:33
SES03794,USR03794,Tablet,West,Google Ads,Fashion,3,Checkout,2025-10-26 13:43:51
SES03795,USR03795,Mobile,North,Organic,Beauty,4,Purchase,2025-10-07 04:03:05
SES03796,USR03796,Mobile,West,Organic,Beauty,2,Add to Cart,2025-10-17 08:08:46
SES03797,USR03797,Desktop,East,Email,Electronics,3,Checkout,2025-10-09 17:50:06
SES03798,USR03798,Desktop,East,Social Media,Beauty,1,Browse,2025-10-29 22:47:42
SES03799,USR03799,Mobile,West,Email,Electronics,2,Add to Cart,2025-10-20 13:23:49
SES03800,USR03800,Mobile,West,Email,Beauty,1,Browse,2025-10-28 09:06:52
SES03801,USR03801,Mobile,South,Google Ads,Sports,3,Checkout,2025-10-17 17:05:16
SES03802,USR03802,Desktop,East,Google Ads,Beauty,4,Purchase,2025-10-06 21:09:15
SES03803,USR03803,Tablet,South,Email,Fashion,3,Checkout,2025-10-05 11:33:52
SES03804,USR03804,Desktop,East,Email,Sports,3,Checkout,2025-10-02 16:11:25
SES03805,USR03805,Tablet,North,Organic,Sports,2,Add to Cart,2025-10-15 18:34:51
SES03806,USR03806,Mobile,East,Email,Beauty,1,Browse,2025-10-26 13:35:08
SES03807,USR03807,Tablet,East,Google Ads,Home,1,Browse,2025-10-20 16:40:51
SES03808,USR03808,Desktop,West,Social Media,Electronics,2,Add to Cart,2025-10-25 14:15:58
SES03809,USR03809,Desktop,North,Email,Electronics,3,Checkout,2025-10-26 05:23:55
SES03810,USR03810,Desktop,North,Social Media,Sports,2,Add to Cart,2025-10-25 14:52:34
SES03811,USR03811,Mobile,South,Google Ads,Sports,4,Purchase,2025-10-26 08:43:02
SES03812,USR03812,Desktop,East,Email,Home,3,Checkout,2025-10-16 07:29:00
SES03813,USR03813,Tablet,North,Organic,Fashion,1,Browse,2025-10-16 07:41:25
SES03814,USR03814,Tablet,East,Social Media,Beauty,1,Browse,2025-10-25 02:09:47
SES03815,USR03815,Tablet,North,Organic,Beauty,4,Purchase,2025-10-10 23:42:45
SES03816,USR03816,Tablet,East,Google Ads,Beauty,2,Add to Cart,2025-10-30 18:44:42
SES03817,USR03817,Desktop,West,Organic,Sports,1,Browse,2025-10-19 16:06:50
SES03818,USR03818,Mobile,West,Google Ads,Fashion,2,Add to Cart,2025-10-17 00:24:14
SES03819,USR03819,Desktop,North,Social Media,Sports,2,Add to Cart,2025-10-15 20:14:06
SES03820,USR03820,Tablet,North,Social Media,Fashion,1,Browse,2025-10-13 06:46:08
SES03821,USR03821,Mobile,South,Google Ads,Fashion,1,Browse,2025-10-15 03:22:59
SES03822,USR03822,Mobile,North,Social Media,Sports,2,Add to Cart,2025-10-03 18:59:08
SES03823,USR03823,Tablet,West,Social Media,Fashion,3,Checkout,2025-10-11 22:30:13
SES03824,USR03824,Tablet,North,Google Ads,Fashion,1,Browse,2025-10-07 07:57:21
SES03825,USR03825,Tablet,West,Email,Sports,2,Add to Cart,2025-10-29 09:05:31
SES03826,USR03826,Mobile,East,Email,Home,2,Add to Cart,2025-10-07 23:16:08
SES03827,USR03827,Mobile,East,Organic,Sports,1,Browse,2025-10-21 10:20:36
SES03828,USR03828,Tablet,West,Social Media,Beauty,2,Add to Cart,2025-10-06 01:10:15
SES03829,USR03829,Tablet,South,Organic,Home,3,Checkout,2025-10-16 20:13:36
SES03830,USR03830,Tablet,South,Google Ads,Fashion,2,Add to Cart,2025-10-14 20:42:04
SES03831,USR03831,Tablet,North,Google Ads,Fashion,1,Browse,2025-10-15 20:44:18
SES03832,USR03832,Mobile,East,Email,Electronics,2,Add to Cart,2025-10-25 07:12:43
SES03833,USR03833,Tablet,North,Google Ads,Electronics,2,Add to Cart,2025-10-11 23:07:03
SES03834,USR03834,Tablet,East,Google Ads,Electronics,1,Browse,2025-10-11 08:10:50
SES03835,USR03835,Mobile,South,Google Ads,Home,3,Checkout,2025-10-20 21:27:11
SES03836,USR03836,Tablet,South,Email,Electronics,3,Checkout,2025-10-03 08:55:47
SES03837,USR03837,Mobile,East,Google Ads,Beauty,4,Purchase,2025-10-24 09:09:30
SES03838,USR03838,Tablet,North,Google Ads,Beauty,2,Add to Cart,2025-10-18 20:57:54
SES03839,USR03839,Mobile,East,Email,Beauty,2,Add to Cart,2025-10-10 23:11:38
SES03840,USR03840,Desktop,East,Organic,Home,2,Add to Cart,2025-10-14 02:45:46
SES03841,USR03841,Desktop,South,Social Media,Electronics,1,Browse,2025-10-06 15:32:57
SES03842,USR03842,Mobile,West,Google Ads,Home,4,Purchase,2025-10-13 22:46:32
SES03843,USR03843,Desktop,East,Organic,Electronics,2,Add to Cart,2025-10-11 16:44:58
SES03844,USR03844,Mobile,West,Google Ads,Sports,1,Browse,2025-10-02 07:35:59
SES03845,USR03845,Mobile,East,Google Ads,Beauty,2,Add to Cart,2025-10-21 14:28:56
SES03846,USR03846,Tablet,South,Email,Fashion,3,Checkout,2025-10-17 02:06:35
SES03847,USR03847,Tablet,South,Email,Electronics,1,Browse,2025-10-16 09:00:11
SES03848,USR03848,Desktop,North,Organic,Beauty,3,Checkout,2025-10-18 08:43:29
SES03849,USR03849,Desktop,West,Email,Electronics,2,Add to Cart,2025-10-17 01:41:05
SES03850,USR03850,Desktop,South,Email,Beauty,2,Add to Cart,2025-10-27 06:40:57
SES03851,USR03851,Mobile,West,Email,Electronics,2,Add to Cart,2025-10-14 19:17:38
SES03852,USR03852,Tablet,East,Email,Beauty,4,Purchase,2025-10-10 01:04:27
SES03853,USR03853,Desktop,East,Organic,Sports,1,Browse,2025-10-31 03:06:01
SES03854,USR03854,Tablet,West,Organic,Electronics,2,Add to Cart,2025-10-25 03:52:34
SES03855,USR03855,Mobile,East,Email,Electronics,1,Browse,2025-10-02 02:37:29
SES03856,USR03856,Mobile,South,Organic,Electronics,2,Add to Cart,2025-10-05 21:02:02
SES03857,USR03857,Desktop,South,Social Media,Beauty,3,Checkout,2025-10-25 13:02:06
SES03858,USR03858,Tablet,East,Social Media,Electronics,3,Checkout,2025-10-23 11:27:08
SES03859,USR03859,Mobile,East,Google Ads,Sports,3,Checkout,2025-10-10 10:41:03
SES03860,USR03860,Mobile,North,Email,Home,2,Add to Cart,2025-10-31 01:57:53
SES03861,USR03861,Mobile,South,Google Ads,Beauty,4,Purchase,2025-10-26 22:56:57
SES03862,USR03862,Desktop,East,Organic,Fashion,3,Checkout,2025-10-21 07:42:03
SES03863,USR03863,Mobile,East,Social Media,Home,2,Add to Cart,2025-10-06 06:20:10
SES03864,USR03864,Mobile,South,Google Ads,Fashion,4,Purchase,2025-10-06 00:25:23
SES03865,USR03865,Tablet,North,Social Media,Home,1,Browse,2025-10-14 01:55:37
SES03866,USR03866,Mobile,West,Google Ads,Sports,1,Browse,2025-10-08 12:07:29
SES03867,USR03867,Tablet,West,Google Ads,Electronics,4,Purchase,2025-10-06 04:28:34
SES03868,USR03868,Desktop,West,Organic,Beauty,2,Add to Cart,2025-10-25 04:20:00
SES03869,USR03869,Tablet,South,Organic,Fashion,2,Add to Cart,2025-10-22 23:29:39
SES03870,USR03870,Tablet,East,Social Media,Fashion,3,Checkout,2025-10-29 15:10:22
SES03871,USR03871,Mobile,North,Organic,Home,2,Add to Cart,2025-10-07 10:53:29
SES03872,USR03872,Tablet,North,Google Ads,Fashion,3,Checkout,2025-10-30 19:33:43
SES03873,USR03873,Tablet,North,Email,Electronics,3,Checkout,2025-10-25 17:46:12
SES03874,USR03874,Mobile,East,Social Media,Beauty,2,Add to Cart,2025-10-27 19:22:41
SES03875,USR03875,Tablet,East,Google Ads,Home,2,Add to Cart,2025-10-26 00:04:49
SES03876,USR03876,Desktop,West,Social Media,Beauty,4,Purchase,2025-10-15 16:04:26
SES03877,USR03877,Tablet,South,Organic,Beauty,1,Browse,2025-10-21 00:57:59
SES03878,USR03878,Mobile,North,Social Media,Sports,2,Add to Cart,2025-10-26 09:03:16
SES03879,USR03879,Tablet,West,Google Ads,Electronics,3,Checkout,2025-10-08 00:00:31
SES03880,USR03880,Mobile,East,Social Media,Beauty,3,Checkout,2025-10-08 22:57:26
SES03881,USR03881,Tablet,East,Organic,Fashion,3,Checkout,2025-10-04 16:42:36
SES03882,USR03882,Desktop,West,Social Media,Beauty,3,Checkout,2025-10-14 23:41:21
SES03883,USR03883,Mobile,West,Email,Sports,2,Add to Cart,2025-10-10 09:53:20
SES03884,USR03884,Tablet,West,Email,Beauty,3,Checkout,2025-10-24 07:40:30
SES03885,USR03885,Tablet,South,Email,Electronics,3,Checkout,2025-10-15 04:26:44
SES03886,USR03886,Tablet,South,Google Ads,Fashion,1,Browse,2025-10-07 22:48:58
SES03887,USR03887,Tablet,East,Google Ads,Sports,1,Browse,2025-10-23 09:31:28
SES03888,USR03888,Tablet,South,Google Ads,Fashion,4,Purchase,2025-10-24 05:18:18
SES03889,USR03889,Mobile,South,Google Ads,Beauty,2,Add to Cart,2025-10-08 09:26:19
SES03890,USR03890,Tablet,South,Social Media,Electronics,2,Add to Cart,2025-10-10 07:06:14
SES03891,USR03891,Mobile,West,Organic,Electronics,4,Purchase,2025-10-03 18:58:48
SES03892,USR03892,Tablet,North,Social Media,Sports,1,Browse,2025-10-02 00:54:28
SES03893,USR03893,Mobile,East,Google Ads,Fashion,1,Browse,2025-10-04 13:19:50
SES03894,USR03894,Mobile,North,Google Ads,Electronics,3,Checkout,2025-10-02 17:19:25
SES03895,USR03895,Tablet,East,Email,Home,4,Purchase,2025-10-05 06:22:24
SES03896,USR03896,Mobile,North,Email,Fashion,3,Checkout,2025-10-05 04:04:27
SES03897,USR03897,Mobile,East,Organic,Home,1,Browse,2025-10-28 16:15:07
SES03898,USR03898,Tablet,North,Social Media,Beauty,3,Checkout,2025-10-07 02:34:41
SES03899,USR03899,Mobile,West,Organic,Electronics,1,Browse,2025-10-20 05:20:40
SES03900,USR03900,Mobile,North,Organic,Electronics,2,Add to Cart,2025-10-18 12:53:48
SES03901,USR03901,Desktop,West,Organic,Electronics,2,Add to Cart,2025-10-25 05:12:11
SES03902,USR03902,Mobile,East,Email,Electronics,4,Purchase,2025-10-18 23:42:07
SES03903,USR03903,Mobile,West,Organic,Fashion,2,Add to Cart,2025-10-31 00:53:47
SES03904,USR03904,Tablet,West,Social Media,Home,2,Add to Cart,2025-10-09 10:58:06
SES03905,USR03905,Desktop,West,Organic,Electronics,1,Browse,2025-10-07 02:19:34
SES03906,USR03906,Tablet,West,Organic,Beauty,2,Add to Cart,2025-10-05 15:37:19
SES03907,USR03907,Tablet,North,Social Media,Fashion,3,Checkout,2025-10-07 11:00:04
SES03908,USR03908,Mobile,South,Google Ads,Home,2,Add to Cart,2025-10-06 10:38:55
SES03909,USR03909,Mobile,South,Social Media,Sports,2,Add to Cart,2025-10-26 08:34:35
SES03910,USR03910,Mobile,East,Email,Electronics,4,Purchase,2025-10-12 10:13:29
SES03911,USR03911,Desktop,West,Email,Home,2,Add to Cart,2025-10-19 09:23:40
SES03912,USR03912,Mobile,West,Social Media,Beauty,1,Browse,2025-10-02 00:25:58
SES03913,USR03913,Tablet,West,Social Media,Fashion,1,Browse,2025-10-09 11:18:33
SES03914,USR03914,Mobile,North,Social Media,Fashion,2,Add to Cart,2025-10-05 14:55:14
SES03915,USR03915,Desktop,East,Organic,Home,3,Checkout,2025-10-07 19:50:58
SES03916,USR03916,Tablet,West,Social Media,Sports,2,Add to Cart,2025-10-18 01:41:24
SES03917,USR03917,Mobile,South,Social Media,Beauty,2,Add to Cart,2025-10-31 00:19:49
SES03918,USR03918,Desktop,West,Social Media,Fashion,1,Browse,2025-10-11 04:58:00
SES03919,USR03919,Mobile,North,Google Ads,Beauty,1,Browse,2025-10-17 16:46:31
SES03920,USR03920,Tablet,East,Email,Fashion,1,Browse,2025-10-27 18:36:54
SES03921,USR03921,Desktop,North,Google Ads,Home,1,Browse,2025-10-01 22:15:50
SES03922,USR03922,Desktop,South,Social Media,Beauty,1,Browse,2025-10-23 08:20:13
SES03923,USR03923,Tablet,North,Google Ads,Sports,3,Checkout,2025-10-26 14:39:50
SES03924,USR03924,Mobile,East,Email,Beauty,2,Add to Cart,2025-10-11 18:03:35
SES03925,USR03925,Tablet,North,Google Ads,Fashion,1,Browse,2025-10-22 14:31:36
SES03926,USR03926,Desktop,North,Social Media,Fashion,3,Checkout,2025-10-05 10:43:01
SES03927,USR03927,Tablet,West,Google Ads,Beauty,2,Add to Cart,2025-10-26 03:20:21
SES03928,USR03928,Tablet,West,Google Ads,Sports,4,Purchase,2025-10-15 12:52:58
SES03929,USR03929,Desktop,West,Organic,Home,2,Add to Cart,2025-10-23 12:26:22
SES03930,USR03930,Tablet,West,Social Media,Electronics,2,Add to Cart,2025-10-24 06:00:03
SES03931,USR03931,Desktop,North,Email,Fashion,3,Checkout,2025-10-15 04:03:36
SES03932,USR03932,Tablet,West,Organic,Home,2,Add to Cart,2025-10-16 04:30:37
SES03933,USR03933,Desktop,East,Organic,Beauty,1,Browse,2025-10-12 01:11:29
SES03934,USR03934,Desktop,East,Social Media,Electronics,1,Browse,2025-10-03 18:27:44
SES03935,USR03935,Tablet,North,Organic,Fashion,2,Add to Cart,2025-10-14 19:16:06
SES03936,USR03936,Tablet,North,Organic,Home,2,Add to Cart,2025-10-23 03:22:36
SES03937,USR03937,Mobile,North,Email,Fashion,1,Browse,2025-10-11 17:31:08
SES03938,USR03938,Tablet,West,Organic,Electronics,2,Add to Cart,2025-10-03 13:01:11
SES03939,USR03939,Desktop,West,Email,Beauty,2,Add to Cart,2025-10-15 21:51:10
SES03940,USR03940,Tablet,South,Google Ads,Electronics,2,Add to Cart,2025-10-06 22:49:24
SES03941,USR03941,Desktop,South,Organic,Sports,4,Purchase,2025-10-25 08:34:02
SES03942,USR03942,Desktop,West,Social Media,Fashion,2,Add to Cart,2025-10-29 11:02:36
SES03943,USR03943,Mobile,East,Google Ads,Fashion,4,Purchase,2025-10-24 18:26:29
SES03944,USR03944,Desktop,North,Social Media,Beauty,3,Checkout,2025-10-15 08:09:16
SES03945,USR03945,Tablet,East,Email,Sports,1,Browse,2025-10-28 02:12:01
SES03946,USR03946,Tablet,South,Social Media,Electronics,2,Add to Cart,2025-10-04 16:43:56
SES03947,USR03947,Mobile,North,Organic,Home,3,Checkout,2025-10-31 05:21:01
SES03948,USR03948,Tablet,West,Google Ads,Home,3,Checkout,2025-10-07 07:48:22
SES03949,USR03949,Tablet,North,Email,Beauty,2,Add to Cart,2025-10-03 15:01:13
SES03950,USR03950,Tablet,South,Organic,Sports,1,Browse,2025-10-08 15:55:44
SES03951,USR03951,Desktop,North,Email,Beauty,3,Checkout,2025-10-21 22:47:29
SES03952,USR03952,Mobile,North,Google Ads,Home,1,Browse,2025-10-17 14:51:42
SES03953,USR03953,Tablet,East,Organic,Beauty,2,Add to Cart,2025-10-02 17:29:10
SES03954,USR03954,Tablet,North,Organic,Beauty,1,Browse,2025-10-23 19:14:38
SES03955,USR03955,Mobile,South,Organic,Sports,1,Browse,2025-10-15 17:40:34
SES03956,USR03956,Desktop,North,Email,Sports,2,Add to Cart,2025-10-21 08:20:02
SES03957,USR03957,Tablet,South,Google Ads,Electronics,3,Checkout,2025-10-26 14:09:21
SES03958,USR03958,Mobile,North,Google Ads,Fashion,2,Add to Cart,2025-10-09 15:41:26
SES03959,USR03959,Tablet,South,Email,Fashion,1,Browse,2025-10-19 01:45:53
SES03960,USR03960,Mobile,East,Google Ads,Beauty,2,Add to Cart,2025-10-12 15:21:32
SES03961,USR03961,Tablet,North,Google Ads,Beauty,4,Purchase,2025-10-20 12:06:24
SES03962,USR03962,Mobile,East,Google Ads,Home,1,Browse,2025-10-03 21:21:23
SES03963,USR03963,Tablet,North,Organic,Home,3,Checkout,2025-10-05 05:50:10
SES03964,USR03964,Desktop,East,Organic,Beauty,1,Browse,2025-10-19 15:13:12
SES03965,USR03965,Desktop,North,Organic,Electronics,3,Checkout,2025-10-06 00:21:12
SES03966,USR03966,Desktop,South,Email,Home,2,Add to Cart,2025-10-28 20:09:38
SES03967,USR03967,Desktop,South,Google Ads,Fashion,4,Purchase,2025-10-14 20:49:57
SES03968,USR03968,Mobile,North,Google Ads,Fashion,1,Browse,2025-10-02 14:21:59
SES03969,USR03969,Tablet,South,Social Media,Electronics,2,Add to Cart,2025-10-04 00:44:12
SES03970,USR03970,Mobile,West,Email,Sports,3,Checkout,2025-10-08 20:06:24
SES03971,USR03971,Mobile,South,Organic,Sports,1,Browse,2025-10-11 09:53:16
SES03972,USR03972,Mobile,South,Google Ads,Sports,1,Browse,2025-10-16 10:38:13
SES03973,USR03973,Tablet,North,Social Media,Beauty,1,Browse,2025-10-07 08:34:42
SES03974,USR03974,Mobile,North,Google Ads,Beauty,2,Add to Cart,2025-10-15 05:17:26
SES03975,USR03975,Tablet,North,Organic,Electronics,2,Add to Cart,2025-10-05 20:50:18
SES03976,USR03976,Desktop,East,Email,Fashion,1,Browse,2025-10-31 06:00:02
SES03977,USR03977,Mobile,West,Google Ads,Fashion,3,Checkout,2025-10-22 23:49:59
SES03978,USR03978,Mobile,East,Google Ads,Sports,2,Add to Cart,2025-10-29 20:52:56
SES03979,USR03979,Desktop,North,Social Media,Home,3,Checkout,2025-10-12 22:40:41
SES03980,USR03980,Mobile,South,Google Ads,Beauty,2,Add to Cart,2025-10-16 15:38:20
SES03981,USR03981,Mobile,West,Social Media,Home,4,Purchase,2025-10-14 19:22:46
SES03982,USR03982,Tablet,East,Email,Home,1,Browse,2025-10-06 15:05:47
SES03983,USR03983,Tablet,North,Google Ads,Fashion,2,Add to Cart,2025-10-22 03:27:24
SES03984,USR03984,Tablet,South,Email,Sports,2,Add to Cart,2025-10-08 07:16:23
SES03985,USR03985,Desktop,North,Organic,Fashion,3,Checkout,2025-10-21 03:55:00
SES03986,USR03986,Mobile,South,Organic,Fashion,4,Purchase,2025-10-05 23:32:35
SES03987,USR03987,Mobile,South,Social Media,Beauty,2,Add to Cart,2025-10-10 04:22:36
SES03988,USR03988,Tablet,East,Google Ads,Beauty,1,Browse,2025-10-23 17:07:54
SES03989,USR03989,Tablet,East,Email,Fashion,4,Purchase,2025-10-19 04:52:47
SES03990,USR03990,Desktop,West,Email,Electronics,1,Browse,2025-10-14 04:59:01
SES03991,USR03991,Desktop,East,Social Media,Beauty,2,Add to Cart,2025-10-13 12:30:50
SES03992,USR03992,Desktop,South,Social Media,Home,3,Checkout,2025-10-02 17:42:46
SES03993,USR03993,Mobile,West,Email,Sports,2,Add to Cart,2025-10-13 05:46:27
SES03994,USR03994,Desktop,East,Organic,Sports,4,Purchase,2025-10-27 14:03:25
SES03995,USR03995,Mobile,East,Google Ads,Home,1,Browse,2025-10-25 22:07:08
SES03996,USR03996,Tablet,West,Email,Electronics,3,Checkout,2025-10-14 09:06:24
SES03997,USR03997,Mobile,East,Organic,Beauty,3,Checkout,2025-10-20 01:07:44
SES03998,USR03998,Mobile,North,Email,Beauty,4,Purchase,2025-10-25 20:52:01
SES03999,USR03999,Mobile,East,Social Media,Sports,3,Checkout,2025-10-24 11:54:53
SES04000,USR04000,Desktop,West,Organic,Sports,2,Add to Cart,2025-10-02 10:01:16
SES04001,USR04001,Tablet,East,Email,Sports,1,Browse,2025-10-14 18:52:57
SES04002,USR04002,Tablet,South,Email,Fashion,4,Purchase,2025-10-24 10:25:06
SES04003,USR04003,Desktop,North,Email,Home,2,Add to Cart,2025-10-25 18:37:57
SES04004,USR04004,Desktop,North,Organic,Electronics,3,Checkout,2025-10-11 10:50:12
SES04005,USR04005,Mobile,East,Email,Home,4,Purchase,2025-10-27 11:38:17
SES04006,USR04006,Desktop,West,Google Ads,Fashion,3,Checkout,2025-10-27 05:03:15
SES04007,USR04007,Desktop,West,Google Ads,Fashion,3,Checkout,2025-10-06 09:52:43
SES04008,USR04008,Mobile,South,Email,Sports,2,Add to Cart,2025-10-05 19:11:20
SES04009,USR04009,Tablet,West,Email,Electronics,1,Browse,2025-10-25 09:38:16
SES04010,USR04010,Mobile,West,Email,Electronics,3,Checkout,2025-10-29 18:07:25
SES04011,USR04011,Tablet,North,Organic,Sports,3,Checkout,2025-10-22 10:29:01
SES04012,USR04012,Mobile,East,Email,Home,2,Add to Cart,2025-10-10 04:24:11
SES04013,USR04013,Tablet,West,Google Ads,Sports,2,Add to Cart,2025-10-24 07:17:52
SES04014,USR04014,Mobile,South,Social Media,Fashion,2,Add to Cart,2025-10-01 19:34:35
SES04015,USR04015,Mobile,South,Email,Electronics,3,Checkout,2025-10-23 03:14:56
SES04016,USR04016,Desktop,North,Google Ads,Sports,2,Add to Cart,2025-10-18 11:55:42
SES04017,USR04017,Tablet,West,Email,Sports,1,Browse,2025-10-19 23:53:43
SES04018,USR04018,Mobile,East,Email,Beauty,1,Browse,2025-10-29 14:20:35
SES04019,USR04019,Desktop,North,Email,Electronics,2,Add to Cart,2025-10-16 07:58:24
SES04020,USR04020,Tablet,North,Google Ads,Beauty,1,Browse,2025-10-10 13:24:04
SES04021,USR04021,Desktop,East,Social Media,Sports,3,Checkout,2025-10-04 19:05:27
SES04022,USR04022,Tablet,East,Google Ads,Fashion,3,Checkout,2025-10-30 16:37:43
SES04023,USR04023,Tablet,East,Social Media,Home,3,Checkout,2025-10-21 10:12:01
SES04024,USR04024,Tablet,North,Google Ads,Home,2,Add to Cart,2025-10-29 02:12:40
SES04025,USR04025,Tablet,East,Google Ads,Beauty,2,Add to Cart,2025-10-21 13:36:59
SES04026,USR04026,Mobile,North,Email,Home,1,Browse,2025-10-11 09:24:18
SES04027,USR04027,Mobile,South,Social Media,Fashion,3,Checkout,2025-10-29 11:28:49
SES04028,USR04028,Mobile,North,Email,Sports,2,Add to Cart,2025-10-17 05:40:37
SES04029,USR04029,Desktop,East,Email,Home,2,Add to Cart,2025-10-08 22:39:31
SES04030,USR04030,Tablet,West,Organic,Electronics,2,Add to Cart,2025-10-23 05:25:36
SES04031,USR04031,Tablet,North,Google Ads,Fashion,1,Browse,2025-10-17 17:53:01
SES04032,USR04032,Tablet,South,Social Media,Sports,1,Browse,2025-10-25 03:45:33
SES04033,USR04033,Tablet,West,Email,Fashion,1,Browse,2025-10-02 21:48:13
SES04034,USR04034,Desktop,South,Organic,Fashion,4,Purchase,2025-10-27 18:53:48
SES04035,USR04035,Mobile,East,Organic,Beauty,3,Checkout,2025-10-01 22:16:42
SES04036,USR04036,Tablet,North,Email,Beauty,3,Checkout,2025-10-02 23:16:46
SES04037,USR04037,Tablet,East,Organic,Electronics,2,Add to Cart,2025-10-14 07:51:18
SES04038,USR04038,Mobile,West,Google Ads,Home,2,Add to Cart,2025-10-11 17:21:51
SES04039,USR04039,Desktop,South,Email,Home,3,Checkout,2025-10-14 12:15:29
SES04040,USR04040,Tablet,South,Social Media,Home,1,Browse,2025-10-11 06:03:22
SES04041,USR04041,Mobile,West,Email,Home,2,Add to Cart,2025-10-22 01:38:43
SES04042,USR04042,Desktop,East,Email,Sports,3,Checkout,2025-10-20 08:28:29
SES04043,USR04043,Mobile,East,Organic,Electronics,2,Add to Cart,2025-10-20 02:27:34
SES04044,USR04044,Tablet,East,Google Ads,Sports,2,Add to Cart,2025-10-10 18:34:47
SES04045,USR04045,Tablet,West,Social Media,Electronics,2,Add to Cart,2025-10-24 09:37:13
SES04046,USR04046,Mobile,North,Email,Home,1,Browse,2025-10-05 08:10:01
SES04047,USR04047,Desktop,South,Organic,Electronics,1,Browse,2025-10-10 10:26:30
SES04048,USR04048,Desktop,North,Email,Electronics,1,Browse,2025-10-10 11:26:18
SES04049,USR04049,Mobile,East,Social Media,Home,1,Browse,2025-10-07 23:48:31
SES04050,USR04050,Mobile,East,Email,Fashion,1,Browse,2025-10-04 17:35:38
SES04051,USR04051,Desktop,East,Social Media,Beauty,2,Add to Cart,2025-10-14 03:49:53
SES04052,USR04052,Desktop,East,Social Media,Electronics,3,Checkout,2025-10-26 07:24:28
SES04053,USR04053,Desktop,North,Social Media,Fashion,1,Browse,2025-10-21 11:12:56
SES04054,USR04054,Mobile,South,Email,Home,2,Add to Cart,2025-10-07 22:44:16
SES04055,USR04055,Tablet,North,Google Ads,Home,1,Browse,2025-10-06 01:52:55
SES04056,USR04056,Tablet,South,Google Ads,Home,2,Add to Cart,2025-10-05 04:56:56
SES04057,USR04057,Desktop,West,Social Media,Electronics,3,Checkout,2025-10-23 09:06:24
SES04058,USR04058,Tablet,North,Social Media,Fashion,3,Checkout,2025-10-20 00:49:53
SES04059,USR04059,Mobile,East,Email,Home,1,Browse,2025-10-09 04:53:07
SES04060,USR04060,Tablet,North,Organic,Sports,3,Checkout,2025-10-06 23:19:28
SES04061,USR04061,Desktop,East,Email,Home,2,Add to Cart,2025-10-26 04:53:13
SES04062,USR04062,Tablet,West,Google Ads,Electronics,2,Add to Cart,2025-10-09 16:43:36
SES04063,USR04063,Desktop,North,Social Media,Electronics,2,Add to Cart,2025-10-19 14:31:02
SES04064,USR04064,Mobile,North,Social Media,Fashion,4,Purchase,2025-10-13 20:38:42
SES04065,USR04065,Mobile,East,Social Media,Sports,3,Checkout,2025-10-14 22:51:51
SES04066,USR04066,Mobile,South,Google Ads,Sports,4,Purchase,2025-10-16 20:45:05
SES04067,USR04067,Mobile,West,Google Ads,Sports,2,Add to Cart,2025-10-02 13:40:37
SES04068,USR04068,Desktop,East,Email,Beauty,4,Purchase,2025-10-12 07:06:03
SES04069,USR04069,Mobile,East,Google Ads,Sports,1,Browse,2025-10-09 08:23:28
SES04070,USR04070,Mobile,South,Email,Beauty,3,Checkout,2025-10-02 12:13:34
SES04071,USR04071,Mobile,South,Social Media,Home,1,Browse,2025-10-28 06:50:42
SES04072,USR04072,Mobile,North,Google Ads,Fashion,2,Add to Cart,2025-10-28 19:35:46
SES04073,USR04073,Desktop,West,Organic,Fashion,3,Checkout,2025-10-21 12:53:51
SES04074,USR04074,Tablet,North,Social Media,Beauty,4,Purchase,2025-10-09 09:21:39
SES04075,USR04075,Mobile,North,Organic,Sports,2,Add to Cart,2025-10-31 12:42:20
SES04076,USR04076,Desktop,South,Organic,Fashion,2,Add to Cart,2025-10-05 10:33:08
SES04077,USR04077,Desktop,West,Email,Electronics,1,Browse,2025-10-21 01:36:58
SES04078,USR04078,Desktop,South,Email,Electronics,2,Add to Cart,2025-10-17 22:32:38
SES04079,USR04079,Desktop,East,Social Media,Fashion,2,Add to Cart,2025-10-15 03:08:25
SES04080,USR04080,Desktop,East,Organic,Fashion,1,Browse,2025-10-17 22:58:53
SES04081,USR04081,Desktop,North,Email,Home,1,Browse,2025-10-15 18:06:27
SES04082,USR04082,Tablet,South,Google Ads,Fashion,3,Checkout,2025-10-04 18:37:12
SES04083,USR04083,Desktop,North,Social Media,Beauty,3,Checkout,2025-10-25 05:40:50
SES04084,USR04084,Mobile,South,Google Ads,Electronics,3,Checkout,2025-10-29 03:27:34
SES04085,USR04085,Desktop,West,Google Ads,Fashion,2,Add to Cart,2025-10-19 13:04:22
SES04086,USR04086,Desktop,North,Email,Electronics,2,Add to Cart,2025-10-02 17:07:49
SES04087,USR04087,Tablet,East,Organic,Electronics,1,Browse,2025-10-25 07:24:09
SES04088,USR04088,Mobile,North,Google Ads,Electronics,1,Browse,2025-10-26 23:15:45
SES04089,USR04089,Mobile,West,Organic,Fashion,3,Checkout,2025-10-24 18:07:23
SES04090,USR04090,Tablet,North,Organic,Home,1,Browse,2025-10-01 20:23:59
SES04091,USR04091,Tablet,South,Google Ads,Fashion,2,Add to Cart,2025-10-23 00:17:31
SES04092,USR04092,Mobile,East,Organic,Sports,1,Browse,2025-10-06 14:16:43
SES04093,USR04093,Desktop,East,Email,Fashion,4,Purchase,2025-10-18 12:35:24
SES04094,USR04094,Desktop,East,Email,Fashion,2,Add to Cart,2025-10-31 16:29:40
SES04095,USR04095,Mobile,South,Email,Fashion,2,Add to Cart,2025-10-30 01:47:09
SES04096,USR04096,Mobile,East,Google Ads,Electronics,3,Checkout,2025-10-15 00:07:57
SES04097,USR04097,Tablet,West,Social Media,Home,1,Browse,2025-10-10 19:32:56
SES04098,USR04098,Tablet,West,Email,Electronics,2,Add to Cart,2025-10-22 22:26:53
SES04099,USR04099,Desktop,North,Social Media,Beauty,1,Browse,2025-10-22 07:15:38
SES04100,USR04100,Desktop,North,Email,Beauty,3,Checkout,2025-10-03 13:08:41
SES04101,USR04101,Mobile,East,Social Media,Sports,3,Checkout,2025-10-20 20:38:48
SES04102,USR04102,Mobile,West,Email,Fashion,1,Browse,2025-10-31 09:07:07
SES04103,USR04103,Mobile,West,Email,Home,3,Checkout,2025-10-08 04:36:33
SES04104,USR04104,Desktop,East,Organic,Home,2,Add to Cart,2025-10-30 19:37:53
SES04105,USR04105,Mobile,North,Organic,Home,2,Add to Cart,2025-10-29 19:40:47
SES04106,USR04106,Tablet,South,Social Media,Home,2,Add to Cart,2025-10-20 14:39:32
SES04107,USR04107,Tablet,West,Organic,Beauty,2,Add to Cart,2025-10-25 02:10:52
SES04108,USR04108,Mobile,East,Google Ads,Beauty,1,Browse,2025-10-02 03:04:27
SES04109,USR04109,Desktop,North,Organic,Home,3,Checkout,2025-10-05 11:45:05
SES04110,USR04110,Tablet,North,Organic,Fashion,2,Add to Cart,2025-10-30 08:52:58
SES04111,USR04111,Desktop,East,Email,Home,4,Purchase,2025-10-05 04:54:31
SES04112,USR04112,Desktop,North,Social Media,Home,4,Purchase,2025-10-25 09:37:50
SES04113,USR04113,Desktop,East,Organic,Beauty,4,Purchase,2025-10-21 00:20:13
SES04114,USR04114,Tablet,West,Google Ads,Electronics,3,Checkout,2025-10-18 01:56:13
SES04115,USR04115,Desktop,South,Email,Sports,3,Checkout,2025-10-24 09:53:26
SES04116,USR04116,Mobile,West,Social Media,Fashion,2,Add to Cart,2025-10-09 06:31:49
SES04117,USR04117,Mobile,North,Social Media,Electronics,2,Add to Cart,2025-10-25 14:18:29
SES04118,USR04118,Tablet,North,Social Media,Fashion,1,Browse,2025-10-07 22:02:14
SES04119,USR04119,Tablet,East,Organic,Sports,2,Add to Cart,2025-10-02 07:52:46
SES04120,USR04120,Tablet,South,Organic,Fashion,4,Purchase,2025-10-02 00:59:31
SES04121,USR04121,Desktop,East,Organic,Fashion,3,Checkout,2025-10-10 23:53:09
SES04122,USR04122,Desktop,East,Email,Home,2,Add to Cart,2025-10-04 11:59:52
SES04123,USR04123,Mobile,West,Organic,Fashion,3,Checkout,2025-10-14 15:18:44
SES04124,USR04124,Mobile,West,Email,Sports,1,Browse,2025-10-13 04:52:41
SES04125,USR04125,Desktop,South,Google Ads,Beauty,3,Checkout,2025-10-25 18:29:30
SES04126,USR04126,Mobile,West,Organic,Sports,3,Checkout,2025-10-05 04:38:27
SES04127,USR04127,Desktop,South,Email,Home,2,Add to Cart,2025-10-25 02:40:48
SES04128,USR04128,Mobile,East,Organic,Home,2,Add to Cart,2025-10-10 15:24:58
SES04129,USR04129,Tablet,West,Google Ads,Sports,2,Add to Cart,2025-10-06 23:20:00
SES04130,USR04130,Desktop,South,Organic,Sports,4,Purchase,2025-10-18 17:59:51
SES04131,USR04131,Tablet,North,Organic,Sports,3,Checkout,2025-10-17 00:55:05
SES04132,USR04132,Mobile,South,Organic,Sports,4,Purchase,2025-10-02 22:21:49
SES04133,USR04133,Desktop,West,Email,Beauty,1,Browse,2025-10-23 10:52:28
SES04134,USR04134,Mobile,East,Social Media,Home,2,Add to Cart,2025-10-23 21:23:00
SES04135,USR04135,Mobile,West,Email,Fashion,4,Purchase,2025-10-22 11:42:21
SES04136,USR04136,Tablet,East,Email,Beauty,3,Checkout,2025-10-31 16:32:17
SES04137,USR04137,Mobile,East,Organic,Home,2,Add to Cart,2025-10-19 18:28:01
SES04138,USR04138,Mobile,North,Email,Fashion,1,Browse,2025-10-04 23:21:45
SES04139,USR04139,Mobile,North,Email,Sports,3,Checkout,2025-10-19 14:23:56
SES04140,USR04140,Desktop,South,Email,Sports,1,Browse,2025-10-12 00:07:46
SES04141,USR04141,Desktop,North,Organic,Home,2,Add to Cart,2025-10-09 21:25:23
SES04142,USR04142,Mobile,South,Organic,Sports,1,Browse,2025-10-28 20:28:31
SES04143,USR04143,Desktop,West,Email,Sports,2,Add to Cart,2025-10-25 02:10:22
SES04144,USR04144,Desktop,North,Organic,Beauty,4,Purchase,2025-10-06 19:03:23
SES04145,USR04145,Desktop,East,Google Ads,Fashion,2,Add to Cart,2025-10-30 08:08:51
SES04146,USR04146,Tablet,East,Social Media,Beauty,1,Browse,2025-10-27 17:36:44
SES04147,USR04147,Tablet,North,Google Ads,Sports,2,Add to Cart,2025-10-17 19:34:59
SES04148,USR04148,Mobile,East,Email,Electronics,2,Add to Cart,2025-10-01 21:22:26
SES04149,USR04149,Desktop,South,Google Ads,Electronics,2,Add to Cart,2025-10-03 08:16:39
SES04150,USR04150,Desktop,North,Email,Fashion,3,Checkout,2025-10-09 12:27:05
SES04151,USR04151,Mobile,North,Google Ads,Fashion,3,Checkout,2025-10-10 21:11:20
SES04152,USR04152,Desktop,North,Email,Home,2,Add to Cart,2025-10-20 09:17:24
SES04153,USR04153,Desktop,East,Social Media,Beauty,3,Checkout,2025-10-19 03:42:34
SES04154,USR04154,Tablet,South,Email,Home,1,Browse,2025-10-19 01:52:16
SES04155,USR04155,Desktop,East,Email,Beauty,2,Add to Cart,2025-10-08 02:33:12
SES04156,USR04156,Mobile,East,Email,Fashion,1,Browse,2025-10-22 07:26:58
SES04157,USR04157,Desktop,South,Google Ads,Beauty,4,Purchase,2025-10-26 18:04:06
SES04158,USR04158,Tablet,North,Organic,Beauty,3,Checkout,2025-10-20 22:06:26
SES04159,USR04159,Desktop,West,Social Media,Electronics,1,Browse,2025-10-05 13:01:28
SES04160,USR04160,Desktop,North,Organic,Sports,3,Checkout,2025-10-10 18:53:24
SES04161,USR04161,Desktop,North,Email,Sports,2,Add to Cart,2025-10-18 04:02:50
SES04162,USR04162,Mobile,South,Email,Sports,3,Checkout,2025-10-22 04:20:51
SES04163,USR04163,Desktop,South,Email,Beauty,4,Purchase,2025-10-12 02:46:24
SES04164,USR04164,Tablet,West,Email,Fashion,1,Browse,2025-10-14 13:27:17
SES04165,USR04165,Mobile,South,Social Media,Fashion,1,Browse,2025-10-12 22:32:55
SES04166,USR04166,Desktop,East,Google Ads,Electronics,2,Add to Cart,2025-10-26 13:55:57
SES04167,USR04167,Mobile,East,Organic,Home,3,Checkout,2025-10-27 05:45:50
SES04168,USR04168,Mobile,East,Email,Electronics,2,Add to Cart,2025-10-14 15:26:27
SES04169,USR04169,Desktop,North,Social Media,Fashion,2,Add to Cart,2025-10-21 04:42:53
SES04170,USR04170,Mobile,West,Email,Electronics,2,Add to Cart,2025-10-08 05:40:32
SES04171,USR04171,Mobile,West,Social Media,Fashion,2,Add to Cart,2025-10-25 09:03:06
SES04172,USR04172,Desktop,North,Email,Home,1,Browse,2025-10-21 06:24:05
SES04173,USR04173,Tablet,West,Social Media,Electronics,2,Add to Cart,2025-10-16 18:32:22
SES04174,USR04174,Tablet,West,Social Media,Fashion,1,Browse,2025-10-05 06:53:46
SES04175,USR04175,Mobile,East,Organic,Sports,1,Browse,2025-10-22 09:21:02
SES04176,USR04176,Desktop,South,Email,Home,1,Browse,2025-10-17 11:35:50
SES04177,USR04177,Tablet,South,Email,Electronics,3,Checkout,2025-10-31 16:31:34
SES04178,USR04178,Tablet,North,Organic,Electronics,2,Add to Cart,2025-10-25 05:28:53
SES04179,USR04179,Desktop,North,Social Media,Fashion,1,Browse,2025-10-28 10:15:52
SES04180,USR04180,Mobile,North,Email,Beauty,4,Purchase,2025-10-25 08:07:29
SES04181,USR04181,Mobile,North,Google Ads,Fashion,1,Browse,2025-10-11 10:53:51
SES04182,USR04182,Tablet,West,Google Ads,Fashion,3,Checkout,2025-10-13 10:37:47
SES04183,USR04183,Desktop,East,Social Media,Sports,2,Add to Cart,2025-10-10 13:16:45
SES04184,USR04184,Desktop,North,Social Media,Fashion,1,Browse,2025-10-10 22:39:29
SES04185,USR04185,Desktop,North,Social Media,Fashion,1,Browse,2025-10-22 17:43:52
SES04186,USR04186,Mobile,North,Organic,Sports,2,Add to Cart,2025-10-04 14:30:47
SES04187,USR04187,Desktop,East,Social Media,Electronics,2,Add to Cart,2025-10-10 10:42:22
SES04188,USR04188,Mobile,North,Email,Fashion,2,Add to Cart,2025-10-24 09:34:59
SES04189,USR04189,Mobile,North,Email,Beauty,4,Purchase,2025-10-11 14:04:09
SES04190,USR04190,Mobile,East,Social Media,Sports,3,Checkout,2025-10-30 15:30:34
SES04191,USR04191,Desktop,South,Social Media,Electronics,1,Browse,2025-10-02 05:08:13
SES04192,USR04192,Desktop,West,Email,Electronics,2,Add to Cart,2025-10-20 20:28:46
SES04193,USR04193,Tablet,East,Social Media,Home,1,Browse,2025-10-25 12:29:48
SES04194,USR04194,Tablet,East,Google Ads,Fashion,3,Checkout,2025-10-12 23:34:45
SES04195,USR04195,Tablet,South,Organic,Electronics,1,Browse,2025-10-09 00:07:30
SES04196,USR04196,Mobile,South,Social Media,Fashion,3,Checkout,2025-10-06 08:33:27
SES04197,USR04197,Desktop,West,Google Ads,Fashion,3,Checkout,2025-10-24 18:40:54
SES04198,USR04198,Tablet,South,Google Ads,Fashion,2,Add to Cart,2025-10-23 16:16:03
SES04199,USR04199,Mobile,West,Google Ads,Sports,2,Add to Cart,2025-10-25 23:24:50
SES04200,USR04200,Tablet,South,Google Ads,Beauty,1,Browse,2025-10-24 17:24:48
SES04201,USR04201,Mobile,South,Email,Home,4,Purchase,2025-10-14 11:12:20
SES04202,USR04202,Desktop,South,Organic,Sports,3,Checkout,2025-10-23 15:13:44
SES04203,USR04203,Mobile,West,Organic,Sports,3,Checkout,2025-10-08 11:52:33
SES04204,USR04204,Mobile,West,Organic,Home,2,Add to Cart,2025-10-02 19:38:10
SES04205,USR04205,Mobile,North,Organic,Beauty,1,Browse,2025-10-26 12:34:06
SES04206,USR04206,Tablet,South,Email,Electronics,3,Checkout,2025-10-31 18:09:43
SES04207,USR04207,Desktop,North,Social Media,Electronics,1,Browse,2025-10-07 01:48:27
SES04208,USR04208,Tablet,East,Email,Electronics,1,Browse,2025-10-08 16:32:22
SES04209,USR04209,Desktop,North,Email,Electronics,2,Add to Cart,2025-10-28 21:14:16
SES04210,USR04210,Tablet,East,Email,Fashion,1,Browse,2025-10-08 14:40:19
SES04211,USR04211,Mobile,South,Organic,Fashion,4,Purchase,2025-10-13 17:57:45
SES04212,USR04212,Tablet,East,Organic,Sports,1,Browse,2025-10-28 14:00:45
SES04213,USR04213,Mobile,South,Organic,Sports,2,Add to Cart,2025-10-13 18:11:26
SES04214,USR04214,Desktop,North,Social Media,Beauty,1,Browse,2025-10-13 01:12:29
SES04215,USR04215,Desktop,East,Email,Fashion,1,Browse,2025-10-11 15:48:39
SES04216,USR04216,Tablet,West,Google Ads,Sports,1,Browse,2025-10-24 10:25:21
SES04217,USR04217,Desktop,East,Social Media,Fashion,3,Checkout,2025-10-18 22:18:10
SES04218,USR04218,Desktop,West,Google Ads,Home,3,Checkout,2025-10-03 07:08:19
SES04219,USR04219,Mobile,West,Social Media,Fashion,2,Add to Cart,2025-10-25 16:57:53
SES04220,USR04220,Desktop,South,Organic,Electronics,2,Add to Cart,2025-10-21 13:52:05
SES04221,USR04221,Mobile,South,Google Ads,Sports,4,Purchase,2025-10-06 04:09:29
SES04222,USR04222,Tablet,East,Organic,Sports,1,Browse,2025-10-12 14:12:49
SES04223,USR04223,Tablet,North,Organic,Beauty,2,Add to Cart,2025-10-28 13:42:23
SES04224,USR04224,Tablet,West,Google Ads,Home,2,Add to Cart,2025-10-09 17:57:35
SES04225,USR04225,Tablet,West,Email,Beauty,4,Purchase,2025-10-14 17:28:48
SES04226,USR04226,Tablet,West,Organic,Electronics,1,Browse,2025-10-29 03:05:55
SES04227,USR04227,Mobile,East,Social Media,Home,1,Browse,2025-10-16 06:49:09
SES04228,USR04228,Desktop,North,Google Ads,Beauty,3,Checkout,2025-10-28 19:24:53
SES04229,USR04229,Desktop,West,Social Media,Fashion,3,Checkout,2025-10-20 05:07:18
SES04230,USR04230,Desktop,South,Social Media,Fashion,1,Browse,2025-10-20 18:33:06
SES04231,USR04231,Mobile,East,Organic,Fashion,2,Add to Cart,2025-10-14 03:47:37
SES04232,USR04232,Tablet,South,Social Media,Sports,3,Checkout,2025-10-14 09:42:26
SES04233,USR04233,Desktop,South,Google Ads,Electronics,1,Browse,2025-10-08 17:12:49
SES04234,USR04234,Mobile,North,Email,Fashion,1,Browse,2025-10-29 13:54:40
SES04235,USR04235,Desktop,North,Email,Beauty,4,Purchase,2025-10-24 15:04:59
SES04236,USR04236,Tablet,West,Organic,Beauty,3,Checkout,2025-10-09 04:03:10
SES04237,USR04237,Tablet,North,Email,Sports,1,Browse,2025-10-03 11:57:41
SES04238,USR04238,Tablet,South,Google Ads,Fashion,3,Checkout,2025-10-07 12:07:44
SES04239,USR04239,Desktop,North,Social Media,Beauty,2,Add to Cart,2025-10-26 08:18:33
SES04240,USR04240,Mobile,South,Organic,Home,2,Add to Cart,2025-10-05 19:23:01
SES04241,USR04241,Tablet,West,Email,Home,3,Checkout,2025-10-09 08:38:09
SES04242,USR04242,Desktop,West,Organic,Home,1,Browse,2025-10-28 22:24:04
SES04243,USR04243,Desktop,West,Email,Home,1,Browse,2025-10-09 05:50:09
SES04244,USR04244,Tablet,South,Google Ads,Electronics,2,Add to Cart,2025-10-15 11:28:12
SES04245,USR04245,Tablet,East,Google Ads,Home,2,Add to Cart,2025-10-23 11:44:28
SES04246,USR04246,Mobile,North,Email,Electronics,2,Add to Cart,2025-10-22 04:51:12
SES04247,USR04247,Desktop,South,Google Ads,Sports,4,Purchase,2025-10-23 13:22:34
SES04248,USR04248,Tablet,South,Organic,Home,2,Add to Cart,2025-10-10 00:08:59
SES04249,USR04249,Desktop,East,Email,Fashion,1,Browse,2025-10-31 01:15:48
SES04250,USR04250,Mobile,West,Organic,Electronics,2,Add to Cart,2025-10-06 22:54:51
SES04251,USR04251,Tablet,West,Google Ads,Beauty,3,Checkout,2025-10-16 23:54:04
SES04252,USR04252,Desktop,West,Email,Fashion,1,Browse,2025-10-22 01:31:44
SES04253,USR04253,Desktop,West,Email,Beauty,3,Checkout,2025-10-05 21:55:43
SES04254,USR04254,Mobile,South,Email,Electronics,1,Browse,2025-10-19 22:04:37
SES04255,USR04255,Mobile,North,Organic,Fashion,1,Browse,2025-10-30 05:24:02
SES04256,USR04256,Mobile,West,Social Media,Beauty,2,Add to Cart,2025-10-25 17:07:50
SES04257,USR04257,Mobile,North,Email,Home,2,Add to Cart,2025-10-26 06:23:20
SES04258,USR04258,Tablet,West,Email,Sports,3,Checkout,2025-10-14 13:27:36
SES04259,USR04259,Tablet,West,Email,Fashion,3,Checkout,2025-10-30 14:26:55
SES04260,USR04260,Desktop,South,Organic,Fashion,3,Checkout,2025-10-07 19:35:11
SES04261,USR04261,Tablet,West,Google Ads,Beauty,3,Checkout,2025-10-30 10:17:49
SES04262,USR04262,Desktop,West,Organic,Electronics,2,Add to Cart,2025-10-10 22:53:22
SES04263,USR04263,Desktop,South,Organic,Fashion,3,Checkout,2025-10-15 22:27:57
SES04264,USR04264,Tablet,South,Email,Electronics,4,Purchase,2025-10-13 11:40:59
SES04265,USR04265,Tablet,North,Google Ads,Beauty,1,Browse,2025-10-31 17:35:14
SES04266,USR04266,Tablet,South,Google Ads,Electronics,2,Add to Cart,2025-10-17 23:58:35
SES04267,USR04267,Desktop,South,Social Media,Electronics,3,Checkout,2025-10-04 07:57:52
SES04268,USR04268,Mobile,East,Social Media,Fashion,1,Browse,2025-10-31 06:39:55
SES04269,USR04269,Tablet,North,Organic,Home,2,Add to Cart,2025-10-22 04:55:19
SES04270,USR04270,Mobile,North,Organic,Electronics,2,Add to Cart,2025-10-24 07:18:40
SES04271,USR04271,Tablet,South,Social Media,Home,2,Add to Cart,2025-10-13 16:11:35
SES04272,USR04272,Tablet,East,Organic,Home,3,Checkout,2025-10-18 12:21:22
SES04273,USR04273,Desktop,South,Google Ads,Home,4,Purchase,2025-10-26 18:34:05
SES04274,USR04274,Tablet,East,Email,Sports,3,Checkout,2025-10-10 17:58:40
SES04275,USR04275,Mobile,West,Social Media,Sports,3,Checkout,2025-10-03 21:00:29
SES04276,USR04276,Mobile,South,Organic,Home,3,Checkout,2025-10-11 20:35:47
SES04277,USR04277,Desktop,South,Organic,Beauty,2,Add to Cart,2025-10-23 22:50:54
SES04278,USR04278,Tablet,East,Social Media,Sports,2,Add to Cart,2025-10-02 19:53:10
SES04279,USR04279,Desktop,North,Organic,Beauty,2,Add to Cart,2025-10-06 19:30:33
SES04280,USR04280,Mobile,North,Organic,Fashion,3,Checkout,2025-10-26 22:05:22
SES04281,USR04281,Mobile,East,Organic,Beauty,3,Checkout,2025-10-26 03:30:56
SES04282,USR04282,Tablet,South,Organic,Home,1,Browse,2025-10-31 11:15:32
SES04283,USR04283,Tablet,South,Google Ads,Fashion,3,Checkout,2025-10-17 20:41:06
SES04284,USR04284,Tablet,West,Google Ads,Electronics,2,Add to Cart,2025-10-15 16:18:13
SES04285,USR04285,Mobile,East,Email,Fashion,3,Checkout,2025-10-26 23:25:17
SES04286,USR04286,Mobile,North,Organic,Sports,3,Checkout,2025-10-02 06:53:53
SES04287,USR04287,Desktop,West,Email,Home,1,Browse,2025-10-14 12:51:13
SES04288,USR04288,Desktop,East,Organic,Fashion,2,Add to Cart,2025-10-26 15:12:18
SES04289,USR04289,Mobile,North,Email,Sports,3,Checkout,2025-10-31 06:50:03
SES04290,USR04290,Desktop,North,Social Media,Electronics,2,Add to Cart,2025-10-31 01:36:56
SES04291,USR04291,Mobile,East,Email,Electronics,2,Add to Cart,2025-10-31 00:45:49
SES04292,USR04292,Tablet,West,Social Media,Home,1,Browse,2025-10-04 12:44:30
SES04293,USR04293,Mobile,East,Google Ads,Fashion,4,Purchase,2025-10-12 01:03:07
SES04294,USR04294,Mobile,North,Social Media,Home,3,Checkout,2025-10-02 06:09:45
SES04295,USR04295,Desktop,East,Email,Electronics,2,Add to Cart,2025-10-28 07:10:55
SES04296,USR04296,Tablet,West,Google Ads,Electronics,1,Browse,2025-10-24 09:52:45
SES04297,USR04297,Tablet,South,Email,Home,1,Browse,2025-10-03 21:28:00
SES04298,USR04298,Desktop,West,Organic,Beauty,1,Browse,2025-10-21 04:16:48
SES04299,USR04299,Mobile,South,Social Media,Electronics,1,Browse,2025-10-31 18:50:05
SES04300,USR04300,Desktop,South,Organic,Home,2,Add to Cart,2025-10-10 22:22:18
SES04301,USR04301,Tablet,West,Social Media,Electronics,2,Add to Cart,2025-10-10 23:44:03
SES04302,USR04302,Mobile,South,Organic,Home,2,Add to Cart,2025-10-06 01:59:42
SES04303,USR04303,Tablet,North,Social Media,Sports,2,Add to Cart,2025-10-14 16:56:52
SES04304,USR04304,Tablet,North,Google Ads,Beauty,3,Checkout,2025-10-22 09:09:58
SES04305,USR04305,Tablet,South,Google Ads,Electronics,1,Browse,2025-10-22 06:50:35
SES04306,USR04306,Tablet,West,Google Ads,Beauty,3,Checkout,2025-10-26 12:29:44
SES04307,USR04307,Tablet,East,Social Media,Sports,2,Add to Cart,2025-10-25 15:32:20
SES04308,USR04308,Desktop,North,Email,Sports,1,Browse,2025-10-05 15:12:11
SES04309,USR04309,Mobile,South,Google Ads,Electronics,2,Add to Cart,2025-10-04 23:32:27
SES04310,USR04310,Tablet,East,Google Ads,Sports,1,Browse,2025-10-15 18:22:00
SES04311,USR04311,Desktop,West,Social Media,Fashion,2,Add to Cart,2025-10-15 08:14:52
SES04312,USR04312,Tablet,South,Email,Fashion,3,Checkout,2025-10-12 12:56:11
SES04313,USR04313,Tablet,West,Email,Beauty,4,Purchase,2025-10-11 08:10:10
SES04314,USR04314,Desktop,North,Email,Beauty,1,Browse,2025-10-20 15:20:36
SES04315,USR04315,Tablet,North,Social Media,Beauty,1,Browse,2025-10-29 16:20:34
SES04316,USR04316,Desktop,North,Email,Beauty,3,Checkout,2025-10-26 11:09:13
SES04317,USR04317,Mobile,North,Google Ads,Sports,1,Browse,2025-10-21 18:05:08
SES04318,USR04318,Desktop,East,Google Ads,Electronics,2,Add to Cart,2025-10-22 16:48:19
SES04319,USR04319,Tablet,West,Google Ads,Electronics,2,Add to Cart,2025-10-20 19:02:36
SES04320,USR04320,Desktop,South,Organic,Home,3,Checkout,2025-10-11 05:07:03
SES04321,USR04321,Mobile,West,Email,Electronics,4,Purchase,2025-10-21 13:46:59
SES04322,USR04322,Mobile,South,Social Media,Electronics,3,Checkout,2025-10-12 04:51:46
SES04323,USR04323,Tablet,East,Email,Fashion,4,Purchase,2025-10-20 01:55:22
SES04324,USR04324,Desktop,East,Organic,Beauty,1,Browse,2025-10-11 00:55:37
SES04325,USR04325,Tablet,South,Social Media,Electronics,2,Add to Cart,2025-10-16 18:00:57
SES04326,USR04326,Tablet,East,Organic,Fashion,4,Purchase,2025-10-20 09:23:14
SES04327,USR04327,Mobile,West,Social Media,Electronics,2,Add to Cart,2025-10-14 21:14:17
SES04328,USR04328,Tablet,North,Email,Beauty,3,Checkout,2025-10-09 01:57:14
SES04329,USR04329,Desktop,South,Google Ads,Home,3,Checkout,2025-10-30 09:53:58
SES04330,USR04330,Desktop,East,Email,Sports,2,Add to Cart,2025-10-28 21:33:38
SES04331,USR04331,Desktop,North,Social Media,Beauty,2,Add to Cart,2025-10-09 03:35:10
SES04332,USR04332,Desktop,West,Google Ads,Beauty,4,Purchase,2025-10-06 06:42:30
SES04333,USR04333,Desktop,East,Google Ads,Sports,1,Browse,2025-10-30 19:29:01
SES04334,USR04334,Mobile,North,Google Ads,Home,1,Browse,2025-10-20 16:03:04
SES04335,USR04335,Tablet,West,Organic,Electronics,1,Browse,2025-10-13 17:34:21
SES04336,USR04336,Tablet,East,Google Ads,Home,3,Checkout,2025-10-26 06:01:22
SES04337,USR04337,Mobile,East,Google Ads,Home,1,Browse,2025-10-18 00:29:43
SES04338,USR04338,Desktop,East,Social Media,Fashion,2,Add to Cart,2025-10-26 22:16:32
SES04339,USR04339,Tablet,East,Email,Electronics,1,Browse,2025-10-29 18:45:49
SES04340,USR04340,Mobile,West,Social Media,Beauty,3,Checkout,2025-10-08 02:09:03
SES04341,USR04341,Mobile,South,Social Media,Fashion,4,Purchase,2025-10-19 16:01:47
SES04342,USR04342,Mobile,South,Google Ads,Sports,3,Checkout,2025-10-10 08:42:28
SES04343,USR04343,Desktop,West,Organic,Fashion,2,Add to Cart,2025-10-05 02:45:19
SES04344,USR04344,Tablet,North,Organic,Fashion,2,Add to Cart,2025-10-12 00:15:56
SES04345,USR04345,Tablet,North,Email,Sports,2,Add to Cart,2025-10-23 09:57:31
SES04346,USR04346,Tablet,North,Organic,Electronics,4,Purchase,2025-10-19 05:33:01
SES04347,USR04347,Desktop,West,Social Media,Sports,3,Checkout,2025-10-02 20:11:36
SES04348,USR04348,Desktop,West,Organic,Electronics,2,Add to Cart,2025-10-16 08:39:27
SES04349,USR04349,Mobile,North,Email,Beauty,1,Browse,2025-10-03 03:05:40
SES04350,USR04350,Mobile,North,Organic,Sports,2,Add to Cart,2025-10-18 06:51:03
SES04351,USR04351,Desktop,East,Social Media,Fashion,2,Add to Cart,2025-10-17 13:42:44
SES04352,USR04352,Tablet,West,Social Media,Electronics,1,Browse,2025-10-12 13:12:36
SES04353,USR04353,Mobile,East,Google Ads,Beauty,4,Purchase,2025-10-10 14:40:09
SES04354,USR04354,Desktop,South,Email,Home,3,Checkout,2025-10-19 10:53:37
SES04355,USR04355,Desktop,West,Organic,Electronics,2,Add to Cart,2025-10-05 21:11:29
SES04356,USR04356,Tablet,West,Organic,Beauty,2,Add to Cart,2025-10-20 10:43:18
SES04357,USR04357,Tablet,East,Google Ads,Sports,2,Add to Cart,2025-10-29 01:32:26
SES04358,USR04358,Mobile,West,Social Media,Home,4,Purchase,2025-10-23 20:37:47
SES04359,USR04359,Mobile,East,Organic,Fashion,2,Add to Cart,2025-10-04 07:35:26
SES04360,USR04360,Mobile,East,Organic,Home,2,Add to Cart,2025-10-15 19:25:43
SES04361,USR04361,Tablet,East,Email,Electronics,2,Add to Cart,2025-10-07 20:07:10
SES04362,USR04362,Desktop,East,Social Media,Sports,3,Checkout,2025-10-21 05:23:03
SES04363,USR04363,Mobile,East,Organic,Beauty,4,Purchase,2025-10-08 04:19:54
SES04364,USR04364,Tablet,North,Google Ads,Beauty,2,Add to Cart,2025-10-20 22:27:26
SES04365,USR04365,Desktop,East,Organic,Beauty,1,Browse,2025-10-29 04:15:22
SES04366,USR04366,Desktop,West,Google Ads,Beauty,2,Add to Cart,2025-10-18 11:46:18
SES04367,USR04367,Desktop,North,Email,Fashion,1,Browse,2025-10-15 13:03:33
SES04368,USR04368,Desktop,North,Social Media,Fashion,2,Add to Cart,2025-10-26 20:45:55
SES04369,USR04369,Mobile,West,Email,Electronics,4,Purchase,2025-10-25 11:04:33
SES04370,USR04370,Mobile,East,Email,Home,3,Checkout,2025-10-07 02:31:37
SES04371,USR04371,Mobile,East,Organic,Beauty,2,Add to Cart,2025-10-22 20:34:21
SES04372,USR04372,Mobile,North,Organic,Beauty,4,Purchase,2025-10-30 10:38:40
SES04373,USR04373,Desktop,North,Google Ads,Electronics,1,Browse,2025-10-05 01:02:04
SES04374,USR04374,Desktop,West,Organic,Home,1,Browse,2025-10-21 19:04:29
SES04375,USR04375,Mobile,North,Social Media,Beauty,2,Add to Cart,2025-10-24 02:51:18
SES04376,USR04376,Mobile,West,Organic,Electronics,1,Browse,2025-10-31 14:44:20
SES04377,USR04377,Tablet,North,Organic,Fashion,1,Browse,2025-10-16 01:42:12
SES04378,USR04378,Mobile,West,Social Media,Sports,3,Checkout,2025-10-25 12:25:49
SES04379,USR04379,Tablet,South,Organic,Beauty,4,Purchase,2025-10-21 21:41:22
SES04380,USR04380,Mobile,South,Google Ads,Fashion,3,Checkout,2025-10-17 16:43:16
SES04381,USR04381,Tablet,South,Social Media,Home,1,Browse,2025-10-31 18:30:25
SES04382,USR04382,Mobile,East,Social Media,Electronics,3,Checkout,2025-10-09 23:45:36
SES04383,USR04383,Desktop,South,Organic,Fashion,2,Add to Cart,2025-10-26 10:02:06
SES04384,USR04384,Desktop,East,Google Ads,Sports,2,Add to Cart,2025-10-06 13:38:08
SES04385,USR04385,Tablet,West,Organic,Electronics,3,Checkout,2025-10-16 03:22:49
SES04386,USR04386,Tablet,West,Google Ads,Home,4,Purchase,2025-10-04 19:48:26
SES04387,USR04387,Mobile,East,Google Ads,Electronics,1,Browse,2025-10-25 11:21:45
SES04388,USR04388,Mobile,South,Social Media,Fashion,3,Checkout,2025-10-03 19:32:25
SES04389,USR04389,Desktop,East,Social Media,Electronics,1,Browse,2025-10-21 14:06:57
SES04390,USR04390,Mobile,North,Email,Sports,4,Purchase,2025-10-22 09:07:48
SES04391,USR04391,Mobile,South,Organic,Electronics,1,Browse,2025-10-10 18:44:38
SES04392,USR04392,Desktop,North,Organic,Home,2,Add to Cart,2025-10-10 10:05:08
SES04393,USR04393,Tablet,South,Social Media,Home,2,Add to Cart,2025-10-03 07:55:02
SES04394,USR04394,Mobile,East,Email,Fashion,1,Browse,2025-10-15 02:55:58
SES04395,USR04395,Tablet,West,Organic,Home,2,Add to Cart,2025-10-25 16:13:08
SES04396,USR04396,Tablet,West,Google Ads,Beauty,1,Browse,2025-10-25 17:42:04
SES04397,USR04397,Mobile,North,Organic,Sports,3,Checkout,2025-10-31 18:07:23
SES04398,USR04398,Tablet,East,Google Ads,Electronics,1,Browse,2025-10-16 05:59:22
SES04399,USR04399,Tablet,South,Email,Home,3,Checkout,2025-10-09 00:21:07
SES04400,USR04400,Mobile,West,Organic,Fashion,1,Browse,2025-10-28 09:01:13
SES04401,USR04401,Desktop,North,Organic,Beauty,4,Purchase,2025-10-25 16:28:42
SES04402,USR04402,Tablet,East,Google Ads,Fashion,4,Purchase,2025-10-13 09:16:44
SES04403,USR04403,Tablet,West,Email,Sports,2,Add to Cart,2025-10-23 21:40:24
SES04404,USR04404,Mobile,South,Google Ads,Sports,3,Checkout,2025-10-23 11:36:37
SES04405,USR04405,Mobile,West,Organic,Electronics,3,Checkout,2025-10-18 05:09:00
SES04406,USR04406,Tablet,West,Google Ads,Sports,2,Add to Cart,2025-10-30 05:23:42
SES04407,USR04407,Mobile,South,Email,Sports,2,Add to Cart,2025-10-06 22:47:00
SES04408,USR04408,Mobile,North,Organic,Electronics,3,Checkout,2025-10-06 03:26:26
SES04409,USR04409,Tablet,East,Google Ads,Electronics,4,Purchase,2025-10-14 13:03:53
SES04410,USR04410,Tablet,North,Social Media,Sports,3,Checkout,2025-10-27 19:43:28
SES04411,USR04411,Desktop,North,Organic,Fashion,3,Checkout,2025-10-22 23:06:09
SES04412,USR04412,Desktop,North,Email,Electronics,1,Browse,2025-10-25 05:02:25
SES04413,USR04413,Mobile,West,Google Ads,Sports,4,Purchase,2025-10-16 01:48:40
SES04414,USR04414,Tablet,West,Social Media,Home,2,Add to Cart,2025-10-12 16:07:48
SES04415,USR04415,Desktop,East,Email,Electronics,2,Add to Cart,2025-10-19 16:48:48
SES04416,USR04416,Mobile,North,Organic,Beauty,2,Add to Cart,2025-10-21 04:20:59
SES04417,USR04417,Tablet,North,Social Media,Beauty,2,Add to Cart,2025-10-28 13:33:08
SES04418,USR04418,Tablet,North,Organic,Electronics,3,Checkout,2025-10-02 10:10:36
SES04419,USR04419,Mobile,East,Organic,Sports,3,Checkout,2025-10-18 14:00:51
SES04420,USR04420,Mobile,East,Organic,Fashion,4,Purchase,2025-10-28 13:27:39
SES04421,USR04421,Tablet,West,Social Media,Fashion,1,Browse,2025-10-13 20:56:29
SES04422,USR04422,Mobile,South,Social Media,Sports,3,Checkout,2025-10-16 04:17:36
SES04423,USR04423,Mobile,South,Google Ads,Electronics,1,Browse,2025-10-07 00:32:24
SES04424,USR04424,Desktop,West,Social Media,Electronics,1,Browse,2025-10-03 18:26:57
SES04425,USR04425,Mobile,West,Email,Beauty,4,Purchase,2025-10-09 03:24:47
SES04426,USR04426,Tablet,North,Organic,Beauty,2,Add to Cart,2025-10-04 07:49:38
SES04427,USR04427,Mobile,East,Google Ads,Sports,1,Browse,2025-10-24 22:48:20
SES04428,USR04428,Desktop,South,Email,Home,2,Add to Cart,2025-10-10 12:03:46
SES04429,USR04429,Mobile,West,Google Ads,Beauty,2,Add to Cart,2025-10-29 17:18:16
SES04430,USR04430,Mobile,West,Social Media,Sports,1,Browse,2025-10-30 20:07:56
SES04431,USR04431,Desktop,West,Google Ads,Sports,4,Purchase,2025-10-20 09:27:09
SES04432,USR04432,Mobile,West,Social Media,Fashion,2,Add to Cart,2025-10-08 02:03:22
SES04433,USR04433,Tablet,West,Social Media,Sports,2,Add to Cart,2025-10-23 02:04:14
SES04434,USR04434,Desktop,North,Google Ads,Fashion,2,Add to Cart,2025-10-28 21:29:27
SES04435,USR04435,Mobile,North,Email,Sports,2,Add to Cart,2025-10-04 20:57:35
SES04436,USR04436,Tablet,East,Organic,Fashion,3,Checkout,2025-10-09 02:10:43
SES04437,USR04437,Desktop,East,Google Ads,Sports,4,Purchase,2025-10-18 11:01:38
SES04438,USR04438,Tablet,North,Social Media,Fashion,3,Checkout,2025-10-06 22:03:35
SES04439,USR04439,Mobile,North,Google Ads,Electronics,2,Add to Cart,2025-10-22 07:14:19
SES04440,USR04440,Tablet,East,Organic,Home,3,Checkout,2025-10-01 23:08:13
SES04441,USR04441,Tablet,West,Email,Home,2,Add to Cart,2025-10-05 00:53:40
SES04442,USR04442,Desktop,West,Organic,Electronics,2,Add to Cart,2025-10-18 09:06:00
SES04443,USR04443,Mobile,North,Google Ads,Beauty,2,Add to Cart,2025-10-19 13:24:04
SES04444,USR04444,Tablet,North,Google Ads,Electronics,1,Browse,2025-10-15 03:18:32
SES04445,USR04445,Tablet,West,Social Media,Beauty,4,Purchase,2025-10-10 06:12:21
SES04446,USR04446,Mobile,West,Organic,Beauty,2,Add to Cart,2025-10-30 02:56:33
SES04447,USR04447,Mobile,North,Social Media,Electronics,2,Add to Cart,2025-10-24 03:09:39
SES04448,USR04448,Tablet,South,Email,Sports,2,Add to Cart,2025-10-07 05:32:02
SES04449,USR04449,Mobile,South,Social Media,Fashion,2,Add to Cart,2025-10-22 17:16:21
SES04450,USR04450,Mobile,North,Organic,Sports,3,Checkout,2025-10-29 16:29:02
SES04451,USR04451,Mobile,West,Organic,Electronics,2,Add to Cart,2025-10-11 05:03:03
SES04452,USR04452,Tablet,East,Social Media,Home,4,Purchase,2025-10-27 00:17:48
SES04453,USR04453,Desktop,West,Google Ads,Fashion,2,Add to Cart,2025-10-27 09:14:09
SES04454,USR04454,Desktop,South,Email,Fashion,3,Checkout,2025-10-14 21:30:11
SES04455,USR04455,Tablet,South,Organic,Home,2,Add to Cart,2025-10-19 18:05:08
SES04456,USR04456,Tablet,West,Organic,Fashion,2,Add to Cart,2025-10-09 07:57:02
SES04457,USR04457,Desktop,North,Social Media,Electronics,3,Checkout,2025-10-20 21:04:50
SES04458,USR04458,Mobile,West,Google Ads,Fashion,4,Purchase,2025-10-12 07:44:05
SES04459,USR04459,Tablet,West,Organic,Fashion,1,Browse,2025-10-11 19:37:26
SES04460,USR04460,Mobile,West,Organic,Fashion,2,Add to Cart,2025-10-16 10:09:10
SES04461,USR04461,Mobile,South,Email,Fashion,2,Add to Cart,2025-10-24 21:18:57
SES04462,USR04462,Desktop,West,Email,Electronics,3,Checkout,2025-10-02 18:35:53
SES04463,USR04463,Desktop,West,Organic,Sports,2,Add to Cart,2025-10-15 20:35:32
SES04464,USR04464,Desktop,South,Email,Sports,3,Checkout,2025-10-13 10:31:28
SES04465,USR04465,Mobile,North,Email,Beauty,1,Browse,2025-10-24 01:01:10
SES04466,USR04466,Desktop,North,Organic,Sports,3,Checkout,2025-10-19 05:43:59
SES04467,USR04467,Desktop,East,Google Ads,Beauty,3,Checkout,2025-10-08 18:15:30
SES04468,USR04468,Desktop,East,Organic,Electronics,2,Add to Cart,2025-10-18 00:25:40
SES04469,USR04469,Mobile,North,Organic,Sports,2,Add to Cart,2025-10-05 01:27:34
SES04470,USR04470,Desktop,South,Google Ads,Electronics,4,Purchase,2025-10-19 23:19:44
SES04471,USR04471,Tablet,North,Google Ads,Sports,3,Checkout,2025-10-30 04:04:11
SES04472,USR04472,Desktop,North,Email,Home,4,Purchase,2025-10-05 13:11:12
SES04473,USR04473,Tablet,West,Social Media,Fashion,2,Add to Cart,2025-10-20 09:21:11
SES04474,USR04474,Tablet,South,Social Media,Electronics,3,Checkout,2025-10-06 08:48:55
SES04475,USR04475,Mobile,North,Email,Electronics,3,Checkout,2025-10-11 10:52:57
SES04476,USR04476,Mobile,West,Social Media,Fashion,2,Add to Cart,2025-10-16 18:41:41
SES04477,USR04477,Mobile,North,Organic,Home,1,Browse,2025-10-24 23:27:03
SES04478,USR04478,Desktop,North,Google Ads,Sports,2,Add to Cart,2025-10-11 22:02:49
SES04479,USR04479,Mobile,East,Social Media,Home,2,Add to Cart,2025-10-16 07:07:11
SES04480,USR04480,Desktop,North,Email,Home,1,Browse,2025-10-25 09:21:25
SES04481,USR04481,Desktop,North,Email,Beauty,4,Purchase,2025-10-27 05:32:36
SES04482,USR04482,Tablet,West,Organic,Sports,1,Browse,2025-10-02 20:48:38
SES04483,USR04483,Mobile,East,Social Media,Sports,1,Browse,2025-10-23 20:56:08
SES04484,USR04484,Tablet,East,Organic,Fashion,2,Add to Cart,2025-10-18 00:07:07
SES04485,USR04485,Desktop,West,Social Media,Electronics,1,Browse,2025-10-05 07:21:47
SES04486,USR04486,Mobile,West,Organic,Sports,1,Browse,2025-10-15 02:23:18
SES04487,USR04487,Mobile,East,Google Ads,Sports,1,Browse,2025-10-23 06:46:59
SES04488,USR04488,Tablet,South,Email,Sports,2,Add to Cart,2025-10-28 16:37:18
SES04489,USR04489,Tablet,East,Organic,Sports,1,Browse,2025-10-08 09:49:03
SES04490,USR04490,Mobile,East,Email,Electronics,3,Checkout,2025-10-09 07:25:21
SES04491,USR04491,Mobile,West,Email,Beauty,4,Purchase,2025-10-21 22:59:44
SES04492,USR04492,Tablet,South,Social Media,Electronics,2,Add to Cart,2025-10-06 20:11:18
SES04493,USR04493,Tablet,East,Organic,Beauty,1,Browse,2025-10-15 20:23:30
SES04494,USR04494,Tablet,North,Email,Sports,2,Add to Cart,2025-10-07 23:28:29
SES04495,USR04495,Tablet,South,Google Ads,Beauty,1,Browse,2025-10-20 00:29:19
SES04496,USR04496,Desktop,West,Organic,Beauty,2,Add to Cart,2025-10-26 05:54:29
SES04497,USR04497,Desktop,West,Google Ads,Electronics,2,Add to Cart,2025-10-25 13:39:33
SES04498,USR04498,Desktop,West,Organic,Home,1,Browse,2025-10-08 07:54:42
SES04499,USR04499,Tablet,East,Email,Fashion,3,Checkout,2025-10-16 01:44:23
SES04500,USR04500,Desktop,West,Social Media,Electronics,2,Add to Cart,2025-10-17 19:42:59
SES04501,USR04501,Mobile,South,Google Ads,Electronics,1,Browse,2025-10-22 18:22:21
SES04502,USR04502,Tablet,North,Email,Fashion,2,Add to Cart,2025-10-28 11:37:54
SES04503,USR04503,Tablet,East,Organic,Electronics,3,Checkout,2025-10-26 23:15:44
SES04504,USR04504,Desktop,West,Social Media,Fashion,1,Browse,2025-10-17 23:34:43
SES04505,USR04505,Desktop,West,Organic,Beauty,3,Checkout,2025-10-11 20:35:09
SES04506,USR04506,Desktop,East,Google Ads,Sports,4,Purchase,2025-10-23 16:37:26
SES04507,USR04507,Desktop,West,Google Ads,Electronics,1,Browse,2025-10-31 14:04:46
SES04508,USR04508,Mobile,West,Google Ads,Electronics,2,Add to Cart,2025-10-07 09:52:25
SES04509,USR04509,Desktop,East,Organic,Sports,1,Browse,2025-10-20 16:01:34
SES04510,USR04510,Desktop,South,Email,Electronics,2,Add to Cart,2025-10-28 07:41:36
SES04511,USR04511,Tablet,East,Google Ads,Home,2,Add to Cart,2025-10-29 17:29:43
SES04512,USR04512,Mobile,North,Google Ads,Electronics,1,Browse,2025-10-26 23:40:38
SES04513,USR04513,Desktop,South,Google Ads,Electronics,3,Checkout,2025-10-25 11:26:06
SES04514,USR04514,Mobile,East,Organic,Beauty,3,Checkout,2025-10-02 10:13:57
SES04515,USR04515,Mobile,East,Social Media,Home,1,Browse,2025-10-11 14:30:29
SES04516,USR04516,Tablet,East,Social Media,Electronics,2,Add to Cart,2025-10-31 17:00:14
SES04517,USR04517,Mobile,East,Google Ads,Beauty,1,Browse,2025-10-09 07:33:56
SES04518,USR04518,Tablet,West,Organic,Beauty,2,Add to Cart,2025-10-25 04:27:21
SES04519,USR04519,Mobile,North,Organic,Sports,1,Browse,2025-10-28 23:31:52
SES04520,USR04520,Tablet,North,Social Media,Fashion,1,Browse,2025-10-02 18:11:17
SES04521,USR04521,Mobile,South,Email,Beauty,1,Browse,2025-10-22 11:34:49
SES04522,USR04522,Mobile,North,Organic,Sports,1,Browse,2025-10-06 09:47:29
SES04523,USR04523,Desktop,South,Organic,Sports,3,Checkout,2025-10-05 19:15:25
SES04524,USR04524,Tablet,North,Organic,Beauty,2,Add to Cart,2025-10-02 17:21:04
SES04525,USR04525,Tablet,East,Google Ads,Beauty,2,Add to Cart,2025-10-24 18:38:45
SES04526,USR04526,Mobile,South,Google Ads,Fashion,1,Browse,2025-10-04 13:39:37
SES04527,USR04527,Mobile,North,Google Ads,Electronics,2,Add to Cart,2025-10-12 13:12:18
SES04528,USR04528,Desktop,East,Google Ads,Fashion,3,Checkout,2025-10-16 06:08:12
SES04529,USR04529,Mobile,South,Organic,Home,4,Purchase,2025-10-30 01:05:11
SES04530,USR04530,Mobile,East,Organic,Electronics,2,Add to Cart,2025-10-20 17:29:21
SES04531,USR04531,Desktop,South,Social Media,Fashion,2,Add to Cart,2025-10-05 21:06:57
SES04532,USR04532,Mobile,West,Email,Electronics,1,Browse,2025-10-10 21:40:31
SES04533,USR04533,Desktop,East,Social Media,Fashion,2,Add to Cart,2025-10-18 16:31:10
SES04534,USR04534,Tablet,South,Google Ads,Beauty,2,Add to Cart,2025-10-15 15:30:17
SES04535,USR04535,Mobile,North,Google Ads,Fashion,3,Checkout,2025-10-26 06:51:26
SES04536,USR04536,Tablet,South,Social Media,Home,3,Checkout,2025-10-25 14:28:58
SES04537,USR04537,Tablet,East,Email,Sports,1,Browse,2025-10-10 21:18:01
SES04538,USR04538,Desktop,East,Email,Beauty,2,Add to Cart,2025-10-09 16:51:31
SES04539,USR04539,Tablet,North,Email,Beauty,2,Add to Cart,2025-10-06 02:06:21
SES04540,USR04540,Desktop,South,Email,Home,1,Browse,2025-10-12 11:46:22
SES04541,USR04541,Desktop,South,Organic,Sports,2,Add to Cart,2025-10-08 18:56:18
SES04542,USR04542,Mobile,South,Organic,Sports,4,Purchase,2025-10-09 11:46:40
SES04543,USR04543,Tablet,South,Email,Fashion,1,Browse,2025-10-26 09:13:37
SES04544,USR04544,Tablet,South,Google Ads,Home,2,Add to Cart,2025-10-29 02:17:39
SES04545,USR04545,Tablet,East,Email,Fashion,3,Checkout,2025-10-08 21:33:55
SES04546,USR04546,Mobile,West,Email,Home,4,Purchase,2025-10-09 22:02:21
SES04547,USR04547,Desktop,West,Google Ads,Home,3,Checkout,2025-10-16 06:11:00
SES04548,USR04548,Desktop,North,Social Media,Fashion,2,Add to Cart,2025-10-14 01:43:33
SES04549,USR04549,Tablet,North,Organic,Sports,2,Add to Cart,2025-10-31 17:15:27
SES04550,USR04550,Tablet,East,Social Media,Beauty,1,Browse,2025-10-24 18:04:47
SES04551,USR04551,Tablet,South,Google Ads,Fashion,2,Add to Cart,2025-10-01 21:17:29
SES04552,USR04552,Desktop,South,Organic,Home,2,Add to Cart,2025-10-24 10:00:17
SES04553,USR04553,Tablet,West,Email,Sports,2,Add to Cart,2025-10-19 07:36:29
SES04554,USR04554,Mobile,South,Organic,Home,3,Checkout,2025-10-17 01:42:46
SES04555,USR04555,Mobile,East,Organic,Electronics,3,Checkout,2025-10-23 00:40:42
SES04556,USR04556,Mobile,East,Social Media,Beauty,2,Add to Cart,2025-10-02 19:41:29
SES04557,USR04557,Tablet,East,Google Ads,Fashion,1,Browse,2025-10-29 13:20:05
SES04558,USR04558,Mobile,North,Google Ads,Beauty,1,Browse,2025-10-29 18:12:17
SES04559,USR04559,Desktop,West,Social Media,Electronics,3,Checkout,2025-10-14 03:52:56
SES04560,USR04560,Mobile,East,Social Media,Electronics,4,Purchase,2025-10-08 12:27:54
SES04561,USR04561,Mobile,West,Organic,Sports,3,Checkout,2025-10-20 10:21:40
SES04562,USR04562,Desktop,South,Google Ads,Electronics,1,Browse,2025-10-14 19:46:49
SES04563,USR04563,Mobile,South,Email,Home,2,Add to Cart,2025-10-18 17:11:03
SES04564,USR04564,Tablet,North,Google Ads,Electronics,3,Checkout,2025-10-26 01:45:07
SES04565,USR04565,Desktop,North,Email,Home,2,Add to Cart,2025-10-20 10:56:31
SES04566,USR04566,Desktop,East,Email,Electronics,2,Add to Cart,2025-10-16 12:12:17
SES04567,USR04567,Desktop,South,Organic,Home,3,Checkout,2025-10-26 11:28:06
SES04568,USR04568,Tablet,West,Social Media,Home,4,Purchase,2025-10-02 22:01:47
SES04569,USR04569,Desktop,East,Email,Sports,3,Checkout,2025-10-14 23:06:09
SES04570,USR04570,Mobile,East,Organic,Beauty,3,Checkout,2025-10-31 03:13:08
SES04571,USR04571,Tablet,North,Organic,Electronics,3,Checkout,2025-10-29 06:22:42
SES04572,USR04572,Desktop,East,Email,Beauty,3,Checkout,2025-10-13 05:26:12
SES04573,USR04573,Tablet,East,Organic,Sports,3,Checkout,2025-10-31 00:59:00
SES04574,USR04574,Tablet,South,Social Media,Beauty,4,Purchase,2025-10-13 09:49:27
SES04575,USR04575,Tablet,South,Organic,Home,1,Browse,2025-10-30 02:21:11
SES04576,USR04576,Tablet,East,Social Media,Fashion,2,Add to Cart,2025-10-04 07:17:35
SES04577,USR04577,Mobile,East,Organic,Home,4,Purchase,2025-10-31 02:52:55
SES04578,USR04578,Desktop,West,Organic,Fashion,3,Checkout,2025-10-19 17:52:11
SES04579,USR04579,Tablet,North,Email,Fashion,1,Browse,2025-10-28 15:52:26
SES04580,USR04580,Mobile,West,Social Media,Fashion,1,Browse,2025-10-27 09:33:13
SES04581,USR04581,Desktop,East,Google Ads,Beauty,2,Add to Cart,2025-10-05 18:36:46
SES04582,USR04582,Tablet,East,Email,Sports,1,Browse,2025-10-05 14:52:41
SES04583,USR04583,Tablet,West,Email,Beauty,2,Add to Cart,2025-10-02 13:03:27
SES04584,USR04584,Mobile,North,Organic,Beauty,1,Browse,2025-10-20 02:44:13
SES04585,USR04585,Desktop,West,Social Media,Sports,4,Purchase,2025-10-11 15:12:44
SES04586,USR04586,Mobile,North,Social Media,Electronics,1,Browse,2025-10-27 13:54:24
SES04587,USR04587,Mobile,East,Social Media,Fashion,1,Browse,2025-10-27 04:19:36
SES04588,USR04588,Desktop,South,Email,Fashion,2,Add to Cart,2025-10-03 02:18:11
SES04589,USR04589,Tablet,East,Organic,Home,2,Add to Cart,2025-10-31 03:56:26
SES04590,USR04590,Desktop,North,Google Ads,Fashion,3,Checkout,2025-10-08 08:32:07
SES04591,USR04591,Mobile,West,Organic,Home,1,Browse,2025-10-21 18:44:50
SES04592,USR04592,Desktop,East,Email,Fashion,2,Add to Cart,2025-10-05 18:29:19
SES04593,USR04593,Tablet,East,Email,Beauty,3,Checkout,2025-10-20 23:41:56
SES04594,USR04594,Tablet,North,Social Media,Electronics,2,Add to Cart,2025-10-08 16:16:20
SES04595,USR04595,Desktop,South,Social Media,Electronics,1,Browse,2025-10-10 06:16:33
SES04596,USR04596,Tablet,North,Google Ads,Fashion,2,Add to Cart,2025-10-07 23:55:57
SES04597,USR04597,Desktop,South,Email,Fashion,3,Checkout,2025-10-09 01:43:07
SES04598,USR04598,Mobile,West,Email,Fashion,2,Add to Cart,2025-10-07 01:07:50
SES04599,USR04599,Mobile,South,Google Ads,Electronics,2,Add to Cart,2025-10-06 19:57:04
SES04600,USR04600,Tablet,West,Organic,Home,1,Browse,2025-10-25 01:46:00
SES04601,USR04601,Desktop,West,Google Ads,Beauty,2,Add to Cart,2025-10-12 11:44:15
SES04602,USR04602,Desktop,South,Email,Beauty,2,Add to Cart,2025-10-26 11:40:37
SES04603,USR04603,Desktop,North,Email,Electronics,2,Add to Cart,2025-10-07 07:07:33
SES04604,USR04604,Mobile,South,Organic,Beauty,2,Add to Cart,2025-10-06 07:33:20
SES04605,USR04605,Mobile,North,Social Media,Sports,3,Checkout,2025-10-17 04:33:09
SES04606,USR04606,Desktop,South,Google Ads,Sports,4,Purchase,2025-10-23 07:49:56
SES04607,USR04607,Mobile,South,Social Media,Beauty,2,Add to Cart,2025-10-14 21:33:30
SES04608,USR04608,Desktop,South,Social Media,Electronics,2,Add to Cart,2025-10-28 23:15:37
SES04609,USR04609,Mobile,South,Google Ads,Sports,3,Checkout,2025-10-15 13:39:03
SES04610,USR04610,Tablet,North,Email,Sports,2,Add to Cart,2025-10-13 04:24:33
SES04611,USR04611,Desktop,West,Organic,Fashion,3,Checkout,2025-10-10 06:05:06
SES04612,USR04612,Tablet,East,Organic,Fashion,2,Add to Cart,2025-10-05 04:53:14
SES04613,USR04613,Mobile,East,Organic,Beauty,1,Browse,2025-10-30 07:21:20
SES04614,USR04614,Tablet,West,Organic,Home,2,Add to Cart,2025-10-11 12:13:20
SES04615,USR04615,Desktop,South,Social Media,Sports,1,Browse,2025-10-24 13:29:14
SES04616,USR04616,Tablet,South,Google Ads,Sports,4,Purchase,2025-10-26 03:23:20
SES04617,USR04617,Desktop,West,Google Ads,Home,1,Browse,2025-10-15 20:48:49
SES04618,USR04618,Mobile,West,Email,Sports,3,Checkout,2025-10-12 06:41:36
SES04619,USR04619,Desktop,North,Email,Beauty,3,Checkout,2025-10-09 05:30:13
SES04620,USR04620,Desktop,South,Organic,Fashion,3,Checkout,2025-10-21 22:02:52
SES04621,USR04621,Desktop,North,Google Ads,Fashion,4,Purchase,2025-10-25 15:05:31
SES04622,USR04622,Mobile,West,Google Ads,Fashion,2,Add to Cart,2025-10-19 07:57:50
SES04623,USR04623,Desktop,South,Organic,Fashion,2,Add to Cart,2025-10-13 19:07:14
SES04624,USR04624,Desktop,East,Google Ads,Electronics,3,Checkout,2025-10-11 15:53:49
SES04625,USR04625,Tablet,South,Email,Fashion,2,Add to Cart,2025-10-20 18:31:08
SES04626,USR04626,Tablet,East,Organic,Beauty,3,Checkout,2025-10-08 14:34:48
SES04627,USR04627,Mobile,North,Google Ads,Beauty,2,Add to Cart,2025-10-23 02:16:32
SES04628,USR04628,Mobile,North,Organic,Fashion,1,Browse,2025-10-19 18:50:34
SES04629,USR04629,Mobile,West,Organic,Home,1,Browse,2025-10-25 07:05:17
SES04630,USR04630,Tablet,South,Email,Sports,2,Add to Cart,2025-10-23 11:21:53
SES04631,USR04631,Tablet,North,Google Ads,Beauty,1,Browse,2025-10-24 10:58:55
SES04632,USR04632,Tablet,East,Google Ads,Electronics,2,Add to Cart,2025-10-04 04:11:58
SES04633,USR04633,Tablet,North,Organic,Fashion,2,Add to Cart,2025-10-29 13:52:09
SES04634,USR04634,Tablet,East,Social Media,Electronics,1,Browse,2025-10-10 14:39:51
SES04635,USR04635,Desktop,East,Email,Fashion,2,Add to Cart,2025-10-14 19:14:30
SES04636,USR04636,Tablet,North,Email,Beauty,4,Purchase,2025-10-28 17:14:33
SES04637,USR04637,Desktop,West,Organic,Home,3,Checkout,2025-10-09 02:34:08
SES04638,USR04638,Desktop,East,Social Media,Beauty,2,Add to Cart,2025-10-26 16:36:32
SES04639,USR04639,Mobile,South,Google Ads,Beauty,2,Add to Cart,2025-10-10 07:22:23
SES04640,USR04640,Tablet,South,Email,Home,4,Purchase,2025-10-11 14:29:37
SES04641,USR04641,Mobile,South,Email,Electronics,4,Purchase,2025-10-09 20:22:50
SES04642,USR04642,Desktop,South,Google Ads,Beauty,2,Add to Cart,2025-10-20 05:01:23
SES04643,USR04643,Mobile,South,Google Ads,Home,2,Add to Cart,2025-10-11 11:35:59
SES04644,USR04644,Desktop,South,Social Media,Sports,1,Browse,2025-10-21 23:45:43
SES04645,USR04645,Desktop,West,Google Ads,Beauty,3,Checkout,2025-10-12 12:39:50
SES04646,USR04646,Mobile,South,Google Ads,Sports,2,Add to Cart,2025-10-24 08:11:47
SES04647,USR04647,Mobile,North,Social Media,Home,1,Browse,2025-10-23 11:06:06
SES04648,USR04648,Mobile,West,Organic,Electronics,1,Browse,2025-10-05 03:38:40
SES04649,USR04649,Mobile,East,Email,Beauty,3,Checkout,2025-10-07 18:43:09
SES04650,USR04650,Desktop,North,Email,Electronics,1,Browse,2025-10-28 04:18:30
SES04651,USR04651,Desktop,South,Email,Home,2,Add to Cart,2025-10-27 10:29:06
SES04652,USR04652,Desktop,South,Google Ads,Sports,3,Checkout,2025-10-21 05:59:46
SES04653,USR04653,Desktop,West,Social Media,Beauty,2,Add to Cart,2025-10-26 18:21:14
SES04654,USR04654,Mobile,South,Email,Beauty,2,Add to Cart,2025-10-06 05:55:18
SES04655,USR04655,Tablet,South,Social Media,Sports,1,Browse,2025-10-11 09:49:14
SES04656,USR04656,Tablet,East,Email,Fashion,4,Purchase,2025-10-23 20:16:15
SES04657,USR04657,Desktop,East,Social Media,Electronics,2,Add to Cart,2025-10-07 23:13:02
SES04658,USR04658,Desktop,West,Organic,Beauty,2,Add to Cart,2025-10-22 19:09:30
SES04659,USR04659,Mobile,South,Google Ads,Fashion,2,Add to Cart,2025-10-23 04:04:05
SES04660,USR04660,Desktop,West,Google Ads,Beauty,2,Add to Cart,2025-10-12 20:16:27
SES04661,USR04661,Desktop,West,Google Ads,Home,3,Checkout,2025-10-17 08:29:54
SES04662,USR04662,Tablet,North,Google Ads,Beauty,3,Checkout,2025-10-26 22:24:15
SES04663,USR04663,Mobile,South,Email,Home,3,Checkout,2025-10-11 03:46:54
SES04664,USR04664,Mobile,South,Email,Electronics,1,Browse,2025-10-02 12:51:27
SES04665,USR04665,Desktop,North,Google Ads,Electronics,1,Browse,2025-10-13 10:56:05
SES04666,USR04666,Mobile,West,Social Media,Electronics,2,Add to Cart,2025-10-02 01:12:49
SES04667,USR04667,Mobile,North,Social Media,Beauty,1,Browse,2025-10-31 08:53:37
SES04668,USR04668,Desktop,South,Social Media,Beauty,1,Browse,2025-10-05 18:21:15
SES04669,USR04669,Mobile,East,Organic,Fashion,2,Add to Cart,2025-10-17 10:10:01
SES04670,USR04670,Mobile,North,Organic,Fashion,1,Browse,2025-10-17 08:11:23
SES04671,USR04671,Desktop,West,Email,Fashion,3,Checkout,2025-10-18 23:44:03
SES04672,USR04672,Mobile,South,Google Ads,Home,1,Browse,2025-10-13 18:32:00
SES04673,USR04673,Mobile,West,Organic,Sports,4,Purchase,2025-10-03 01:35:15
SES04674,USR04674,Mobile,East,Social Media,Beauty,3,Checkout,2025-10-17 09:13:36
SES04675,USR04675,Tablet,East,Organic,Electronics,2,Add to Cart,2025-10-29 02:57:34
SES04676,USR04676,Desktop,South,Google Ads,Beauty,2,Add to Cart,2025-10-05 11:21:47
SES04677,USR04677,Desktop,North,Google Ads,Home,2,Add to Cart,2025-10-04 08:43:38
SES04678,USR04678,Tablet,South,Organic,Sports,4,Purchase,2025-10-21 09:32:22
SES04679,USR04679,Desktop,West,Google Ads,Electronics,2,Add to Cart,2025-10-19 02:59:23
SES04680,USR04680,Mobile,West,Email,Home,2,Add to Cart,2025-10-18 17:34:29
SES04681,USR04681,Tablet,South,Organic,Fashion,3,Checkout,2025-10-03 11:48:43
SES04682,USR04682,Tablet,South,Social Media,Beauty,3,Checkout,2025-10-24 23:43:38
SES04683,USR04683,Mobile,North,Organic,Sports,1,Browse,2025-10-20 09:53:44
SES04684,USR04684,Tablet,North,Email,Beauty,3,Checkout,2025-10-02 03:26:21
SES04685,USR04685,Mobile,West,Organic,Sports,1,Browse,2025-10-20 11:03:42
SES04686,USR04686,Mobile,East,Organic,Sports,1,Browse,2025-10-16 08:26:09
SES04687,USR04687,Mobile,North,Email,Beauty,1,Browse,2025-10-03 10:00:43
SES04688,USR04688,Tablet,North,Organic,Beauty,4,Purchase,2025-10-21 17:59:02
SES04689,USR04689,Mobile,South,Google Ads,Fashion,3,Checkout,2025-10-03 22:29:21
SES04690,USR04690,Tablet,North,Organic,Fashion,2,Add to Cart,2025-10-13 21:18:16
SES04691,USR04691,Desktop,North,Google Ads,Fashion,3,Checkout,2025-10-29 16:28:33
SES04692,USR04692,Tablet,South,Email,Sports,4,Purchase,2025-10-11 13:31:25
SES04693,USR04693,Mobile,South,Organic,Beauty,2,Add to Cart,2025-10-22 18:27:22
SES04694,USR04694,Desktop,South,Organic,Fashion,2,Add to Cart,2025-10-06 07:24:34
SES04695,USR04695,Desktop,East,Social Media,Electronics,2,Add to Cart,2025-10-03 12:13:41
SES04696,USR04696,Desktop,South,Organic,Electronics,3,Checkout,2025-10-23 07:58:47
SES04697,USR04697,Mobile,East,Email,Beauty,3,Checkout,2025-10-02 10:09:59
SES04698,USR04698,Tablet,North,Email,Sports,1,Browse,2025-10-17 02:42:22
SES04699,USR04699,Tablet,West,Social Media,Sports,4,Purchase,2025-10-24 20:17:39
SES04700,USR04700,Desktop,North,Organic,Sports,3,Checkout,2025-10-16 01:29:01
SES04701,USR04701,Tablet,North,Google Ads,Fashion,2,Add to Cart,2025-10-31 00:37:11
SES04702,USR04702,Tablet,East,Social Media,Sports,2,Add to Cart,2025-10-18 04:16:09
SES04703,USR04703,Tablet,East,Organic,Electronics,1,Browse,2025-10-06 02:39:34
SES04704,USR04704,Desktop,East,Email,Electronics,2,Add to Cart,2025-10-22 07:30:11
SES04705,USR04705,Mobile,North,Email,Beauty,1,Browse,2025-10-25 10:40:41
SES04706,USR04706,Desktop,East,Social Media,Sports,1,Browse,2025-10-07 12:40:43
SES04707,USR04707,Mobile,South,Organic,Beauty,2,Add to Cart,2025-10-12 07:59:34
SES04708,USR04708,Tablet,West,Email,Home,1,Browse,2025-10-03 01:07:36
SES04709,USR04709,Tablet,South,Google Ads,Electronics,2,Add to Cart,2025-10-23 18:05:03
SES04710,USR04710,Tablet,North,Organic,Sports,3,Checkout,2025-10-18 09:14:55
SES04711,USR04711,Tablet,South,Organic,Electronics,3,Checkout,2025-10-24 01:58:51
SES04712,USR04712,Desktop,West,Social Media,Fashion,3,Checkout,2025-10-07 01:50:49
SES04713,USR04713,Mobile,East,Organic,Sports,3,Checkout,2025-10-20 12:21:26
SES04714,USR04714,Mobile,East,Google Ads,Beauty,2,Add to Cart,2025-10-22 14:54:38
SES04715,USR04715,Mobile,North,Social Media,Beauty,2,Add to Cart,2025-10-20 07:54:10
SES04716,USR04716,Mobile,North,Google Ads,Electronics,3,Checkout,2025-10-30 15:15:24
SES04717,USR04717,Tablet,East,Organic,Fashion,2,Add to Cart,2025-10-01 22:34:45
SES04718,USR04718,Mobile,North,Email,Fashion,2,Add to Cart,2025-10-09 09:35:16
SES04719,USR04719,Desktop,North,Social Media,Fashion,1,Browse,2025-10-15 15:49:10
SES04720,USR04720,Mobile,East,Organic,Home,1,Browse,2025-10-16 04:32:56
SES04721,USR04721,Tablet,South,Email,Home,3,Checkout,2025-10-19 10:38:33
SES04722,USR04722,Mobile,East,Email,Electronics,3,Checkout,2025-10-26 09:26:35
SES04723,USR04723,Mobile,West,Social Media,Home,2,Add to Cart,2025-10-21 14:13:21
SES04724,USR04724,Tablet,North,Organic,Beauty,1,Browse,2025-10-19 08:02:33
SES04725,USR04725,Mobile,West,Organic,Electronics,4,Purchase,2025-10-23 18:50:15
SES04726,USR04726,Tablet,South,Organic,Sports,1,Browse,2025-10-24 10:19:14
SES04727,USR04727,Mobile,West,Social Media,Home,2,Add to Cart,2025-10-15 13:56:51
SES04728,USR04728,Tablet,North,Social Media,Fashion,2,Add to Cart,2025-10-12 04:11:33
SES04729,USR04729,Tablet,North,Google Ads,Home,1,Browse,2025-10-29 04:26:54
SES04730,USR04730,Mobile,East,Organic,Beauty,1,Browse,2025-10-09 20:49:43
SES04731,USR04731,Mobile,East,Google Ads,Electronics,4,Purchase,2025-10-22 12:48:56
SES04732,USR04732,Desktop,East,Social Media,Sports,3,Checkout,2025-10-26 20:35:08
SES04733,USR04733,Desktop,South,Email,Beauty,3,Checkout,2025-10-27 21:08:47
SES04734,USR04734,Desktop,West,Google Ads,Fashion,1,Browse,2025-10-20 12:27:58
SES04735,USR04735,Desktop,West,Social Media,Electronics,2,Add to Cart,2025-10-15 14:05:45
SES04736,USR04736,Desktop,South,Google Ads,Fashion,3,Checkout,2025-10-22 22:46:01
SES04737,USR04737,Desktop,West,Google Ads,Sports,4,Purchase,2025-10-17 15:43:27
SES04738,USR04738,Desktop,North,Social Media,Electronics,4,Purchase,2025-10-18 01:47:34
SES04739,USR04739,Mobile,West,Email,Fashion,2,Add to Cart,2025-10-25 05:39:42
SES04740,USR04740,Tablet,South,Organic,Home,2,Add to Cart,2025-10-15 15:44:37
SES04741,USR04741,Tablet,West,Google Ads,Home,1,Browse,2025-10-16 14:53:19
SES04742,USR04742,Desktop,West,Google Ads,Fashion,2,Add to Cart,2025-10-30 16:26:24
SES04743,USR04743,Mobile,East,Email,Home,1,Browse,2025-10-26 06:58:09
SES04744,USR04744,Mobile,South,Email,Fashion,2,Add to Cart,2025-10-06 14:53:06
SES04745,USR04745,Tablet,East,Google Ads,Fashion,3,Checkout,2025-10-20 07:04:14
SES04746,USR04746,Mobile,North,Google Ads,Beauty,2,Add to Cart,2025-10-29 11:34:28
SES04747,USR04747,Desktop,North,Organic,Electronics,4,Purchase,2025-10-13 03:14:14
SES04748,USR04748,Tablet,South,Email,Home,2,Add to Cart,2025-10-21 18:35:13
SES04749,USR04749,Tablet,East,Organic,Home,3,Checkout,2025-10-10 10:38:40
SES04750,USR04750,Desktop,North,Social Media,Fashion,2,Add to Cart,2025-10-26 07:10:53
SES04751,USR04751,Tablet,South,Social Media,Sports,1,Browse,2025-10-22 10:00:26
SES04752,USR04752,Desktop,South,Social Media,Sports,2,Add to Cart,2025-10-13 02:34:54
SES04753,USR04753,Desktop,North,Social Media,Beauty,1,Browse,2025-10-13 08:51:49
SES04754,USR04754,Tablet,East,Google Ads,Electronics,2,Add to Cart,2025-10-29 02:26:21
SES04755,USR04755,Mobile,North,Social Media,Sports,2,Add to Cart,2025-10-06 04:44:45
SES04756,USR04756,Tablet,West,Social Media,Electronics,4,Purchase,2025-10-28 17:48:46
SES04757,USR04757,Mobile,East,Google Ads,Home,4,Purchase,2025-10-14 15:31:58
SES04758,USR04758,Desktop,West,Organic,Fashion,3,Checkout,2025-10-10 23:28:08
SES04759,USR04759,Desktop,South,Social Media,Electronics,1,Browse,2025-10-26 07:03:20
SES04760,USR04760,Desktop,South,Organic,Electronics,2,Add to Cart,2025-10-18 23:48:02
SES04761,USR04761,Tablet,North,Organic,Beauty,1,Browse,2025-10-21 23:17:26
SES04762,USR04762,Desktop,North,Organic,Beauty,2,Add to Cart,2025-10-30 13:47:10
SES04763,USR04763,Desktop,North,Email,Electronics,1,Browse,2025-10-24 08:35:16
SES04764,USR04764,Tablet,North,Organic,Beauty,3,Checkout,2025-10-30 11:48:27
SES04765,USR04765,Tablet,South,Email,Sports,2,Add to Cart,2025-10-13 20:16:22
SES04766,USR04766,Tablet,South,Google Ads,Home,4,Purchase,2025-10-06 03:28:12
SES04767,USR04767,Desktop,East,Organic,Fashion,3,Checkout,2025-10-10 00:38:28
SES04768,USR04768,Mobile,West,Google Ads,Beauty,2,Add to Cart,2025-10-19 12:18:48
SES04769,USR04769,Mobile,South,Social Media,Fashion,2,Add to Cart,2025-10-24 07:12:46
SES04770,USR04770,Mobile,South,Social Media,Fashion,4,Purchase,2025-10-31 13:19:44
SES04771,USR04771,Desktop,West,Google Ads,Beauty,1,Browse,2025-10-02 21:39:41
SES04772,USR04772,Desktop,North,Email,Home,2,Add to Cart,2025-10-30 23:40:47
SES04773,USR04773,Desktop,South,Google Ads,Home,3,Checkout,2025-10-31 11:23:54
SES04774,USR04774,Desktop,East,Google Ads,Electronics,3,Checkout,2025-10-18 19:20:27
SES04775,USR04775,Mobile,South,Organic,Beauty,1,Browse,2025-10-07 19:50:49
SES04776,USR04776,Desktop,North,Google Ads,Home,2,Add to Cart,2025-10-05 02:51:31
SES04777,USR04777,Tablet,West,Email,Electronics,2,Add to Cart,2025-10-28 21:15:47
SES04778,USR04778,Desktop,East,Social Media,Fashion,4,Purchase,2025-10-08 09:18:23
SES04779,USR04779,Desktop,West,Organic,Electronics,1,Browse,2025-10-08 20:06:45
SES04780,USR04780,Tablet,West,Email,Home,3,Checkout,2025-10-04 09:13:51
SES04781,USR04781,Mobile,South,Social Media,Sports,2,Add to Cart,2025-10-07 17:14:47
SES04782,USR04782,Mobile,North,Social Media,Fashion,2,Add to Cart,2025-10-31 17:29:00
SES04783,USR04783,Desktop,West,Email,Sports,2,Add to Cart,2025-10-23 04:27:53
SES04784,USR04784,Tablet,North,Email,Fashion,4,Purchase,2025-10-07 02:29:09
SES04785,USR04785,Tablet,South,Google Ads,Home,1,Browse,2025-10-15 03:30:53
SES04786,USR04786,Mobile,South,Social Media,Electronics,2,Add to Cart,2025-10-08 00:53:45
SES04787,USR04787,Desktop,West,Google Ads,Home,2,Add to Cart,2025-10-31 17:25:20
SES04788,USR04788,Mobile,East,Google Ads,Home,1,Browse,2025-10-07 22:19:17
SES04789,USR04789,Mobile,North,Google Ads,Fashion,3,Checkout,2025-10-13 05:53:19
SES04790,USR04790,Mobile,West,Organic,Beauty,1,Browse,2025-10-31 10:21:44
SES04791,USR04791,Desktop,East,Organic,Home,4,Purchase,2025-10-05 13:18:49
SES04792,USR04792,Mobile,East,Email,Beauty,3,Checkout,2025-10-09 00:50:36
SES04793,USR04793,Desktop,West,Social Media,Fashion,2,Add to Cart,2025-10-03 20:32:15
SES04794,USR04794,Desktop,North,Google Ads,Home,1,Browse,2025-10-12 10:41:40
SES04795,USR04795,Tablet,East,Email,Fashion,2,Add to Cart,2025-10-25 00:30:52
SES04796,USR04796,Desktop,South,Email,Beauty,1,Browse,2025-10-06 13:55:23
SES04797,USR04797,Mobile,South,Organic,Home,1,Browse,2025-10-27 23:53:30
SES04798,USR04798,Mobile,West,Google Ads,Home,2,Add to Cart,2025-10-27 06:49:37
SES04799,USR04799,Mobile,North,Organic,Fashion,2,Add to Cart,2025-10-08 12:56:10
SES04800,USR04800,Mobile,South,Email,Beauty,4,Purchase,2025-10-10 10:01:01
SES04801,USR04801,Desktop,West,Google Ads,Electronics,1,Browse,2025-10-20 09:17:06
SES04802,USR04802,Tablet,South,Social Media,Electronics,2,Add to Cart,2025-10-11 01:02:39
SES04803,USR04803,Tablet,North,Email,Sports,1,Browse,2025-10-30 22:53:12
SES04804,USR04804,Desktop,North,Social Media,Sports,1,Browse,2025-10-15 13:53:27
SES04805,USR04805,Desktop,North,Email,Electronics,3,Checkout,2025-10-08 07:07:39
SES04806,USR04806,Tablet,South,Google Ads,Home,1,Browse,2025-10-23 19:27:13
SES04807,USR04807,Mobile,East,Email,Fashion,3,Checkout,2025-10-11 11:02:52
SES04808,USR04808,Tablet,East,Social Media,Fashion,2,Add to Cart,2025-10-22 05:25:49
SES04809,USR04809,Desktop,North,Email,Beauty,3,Checkout,2025-10-17 16:46:32
SES04810,USR04810,Desktop,West,Organic,Electronics,1,Browse,2025-10-15 03:54:48
SES04811,USR04811,Mobile,East,Google Ads,Electronics,3,Checkout,2025-10-16 20:31:21
SES04812,USR04812,Desktop,North,Organic,Fashion,3,Checkout,2025-10-13 09:00:13
SES04813,USR04813,Desktop,North,Social Media,Beauty,4,Purchase,2025-10-30 12:23:34
SES04814,USR04814,Tablet,South,Email,Beauty,1,Browse,2025-10-18 20:08:20
SES04815,USR04815,Desktop,North,Google Ads,Sports,4,Purchase,2025-10-25 20:25:29
SES04816,USR04816,Tablet,West,Organic,Fashion,1,Browse,2025-10-04 18:01:12
SES04817,USR04817,Tablet,East,Email,Beauty,3,Checkout,2025-10-16 12:35:55
SES04818,USR04818,Tablet,East,Email,Beauty,3,Checkout,2025-10-03 11:25:10
SES04819,USR04819,Mobile,South,Social Media,Sports,2,Add to Cart,2025-10-06 11:57:52
SES04820,USR04820,Desktop,East,Social Media,Home,3,Checkout,2025-10-21 10:00:15
SES04821,USR04821,Mobile,South,Google Ads,Fashion,2,Add to Cart,2025-10-17 12:17:54
SES04822,USR04822,Tablet,West,Google Ads,Home,4,Purchase,2025-10-04 14:45:00
SES04823,USR04823,Tablet,North,Organic,Beauty,1,Browse,2025-10-28 08:54:20
SES04824,USR04824,Desktop,West,Organic,Sports,1,Browse,2025-10-22 20:49:27
SES04825,USR04825,Desktop,North,Email,Home,1,Browse,2025-10-20 22:52:25
SES04826,USR04826,Mobile,South,Email,Home,2,Add to Cart,2025-10-22 15:28:45
SES04827,USR04827,Mobile,South,Organic,Beauty,2,Add to Cart,2025-10-13 05:29:33
SES04828,USR04828,Desktop,North,Organic,Fashion,4,Purchase,2025-10-03 23:11:46
SES04829,USR04829,Desktop,West,Email,Beauty,4,Purchase,2025-10-13 13:57:35
SES04830,USR04830,Desktop,West,Organic,Home,3,Checkout,2025-10-09 10:50:11
SES04831,USR04831,Tablet,West,Email,Beauty,3,Checkout,2025-10-19 07:56:10
SES04832,USR04832,Tablet,South,Social Media,Beauty,4,Purchase,2025-10-29 08:53:30
SES04833,USR04833,Mobile,West,Social Media,Electronics,2,Add to Cart,2025-10-10 00:35:29
SES04834,USR04834,Desktop,West,Google Ads,Beauty,2,Add to Cart,2025-10-22 18:13:16
SES04835,USR04835,Tablet,North,Google Ads,Sports,3,Checkout,2025-10-28 13:03:22
SES04836,USR04836,Mobile,North,Email,Fashion,2,Add to Cart,2025-10-31 13:03:37
SES04837,USR04837,Desktop,East,Organic,Home,1,Browse,2025-10-16 10:26:16
SES04838,USR04838,Desktop,East,Organic,Beauty,2,Add to Cart,2025-10-03 22:14:16
SES04839,USR04839,Mobile,West,Email,Electronics,2,Add to Cart,2025-10-19 08:23:47
SES04840,USR04840,Tablet,South,Social Media,Sports,1,Browse,2025-10-17 20:07:33
SES04841,USR04841,Desktop,North,Email,Sports,2,Add to Cart,2025-10-31 18:07:00
SES04842,USR04842,Tablet,South,Organic,Home,1,Browse,2025-10-30 20:43:40
SES04843,USR04843,Mobile,North,Social Media,Beauty,2,Add to Cart,2025-10-28 18:18:12
SES04844,USR04844,Desktop,South,Organic,Beauty,1,Browse,2025-10-29 15:44:49
SES04845,USR04845,Mobile,West,Organic,Beauty,2,Add to Cart,2025-10-28 18:09:07
SES04846,USR04846,Desktop,East,Google Ads,Sports,3,Checkout,2025-10-22 02:27:49
SES04847,USR04847,Mobile,West,Organic,Fashion,4,Purchase,2025-10-29 20:45:17
SES04848,USR04848,Desktop,North,Email,Electronics,2,Add to Cart,2025-10-16 10:41:26
SES04849,USR04849,Tablet,North,Organic,Fashion,3,Checkout,2025-10-22 14:15:44
SES04850,USR04850,Tablet,West,Social Media,Sports,4,Purchase,2025-10-07 02:03:14
SES04851,USR04851,Mobile,South,Google Ads,Beauty,4,Purchase,2025-10-14 07:02:48
SES04852,USR04852,Desktop,South,Organic,Home,3,Checkout,2025-10-23 19:32:06
SES04853,USR04853,Mobile,East,Social Media,Fashion,2,Add to Cart,2025-10-02 12:07:14
SES04854,USR04854,Mobile,South,Email,Fashion,3,Checkout,2025-10-16 04:55:43
SES04855,USR04855,Tablet,West,Social Media,Beauty,1,Browse,2025-10-30 13:47:15
SES04856,USR04856,Desktop,North,Organic,Beauty,3,Checkout,2025-10-21 09:50:43
SES04857,USR04857,Desktop,West,Email,Home,3,Checkout,2025-10-23 17:44:55
SES04858,USR04858,Tablet,West,Google Ads,Fashion,3,Checkout,2025-10-19 10:08:53
SES04859,USR04859,Desktop,East,Google Ads,Sports,2,Add to Cart,2025-10-01 23:39:41
SES04860,USR04860,Tablet,North,Email,Sports,1,Browse,2025-10-13 21:05:27
SES04861,USR04861,Tablet,South,Social Media,Electronics,2,Add to Cart,2025-10-24 15:41:06
SES04862,USR04862,Tablet,East,Email,Home,2,Add to Cart,2025-10-02 13:44:55
SES04863,USR04863,Desktop,East,Social Media,Electronics,3,Checkout,2025-10-30 01:52:45
SES04864,USR04864,Tablet,West,Email,Home,1,Browse,2025-10-25 14:08:19
SES04865,USR04865,Desktop,South,Email,Beauty,2,Add to Cart,2025-10-27 14:35:53
SES04866,USR04866,Tablet,East,Organic,Sports,2,Add to Cart,2025-10-10 01:48:57
SES04867,USR04867,Tablet,East,Google Ads,Home,3,Checkout,2025-10-24 14:06:05
SES04868,USR04868,Mobile,South,Social Media,Electronics,2,Add to Cart,2025-10-23 05:30:47
SES04869,USR04869,Mobile,South,Social Media,Sports,1,Browse,2025-10-06 09:09:44
SES04870,USR04870,Mobile,West,Email,Beauty,2,Add to Cart,2025-10-27 18:52:17
SES04871,USR04871,Tablet,East,Google Ads,Sports,4,Purchase,2025-10-30 12:25:30
SES04872,USR04872,Tablet,West,Email,Beauty,2,Add to Cart,2025-10-09 01:51:37
SES04873,USR04873,Mobile,North,Email,Electronics,3,Checkout,2025-10-04 03:49:09
SES04874,USR04874,Desktop,East,Social Media,Beauty,2,Add to Cart,2025-10-27 11:25:28
SES04875,USR04875,Tablet,West,Google Ads,Electronics,4,Purchase,2025-10-15 15:31:27
SES04876,USR04876,Mobile,East,Google Ads,Fashion,4,Purchase,2025-10-17 16:33:33
SES04877,USR04877,Desktop,East,Google Ads,Sports,1,Browse,2025-10-09 08:53:58
SES04878,USR04878,Mobile,East,Organic,Home,1,Browse,2025-10-30 03:16:49
SES04879,USR04879,Desktop,East,Email,Beauty,2,Add to Cart,2025-10-29 13:34:06
SES04880,USR04880,Tablet,West,Google Ads,Fashion,3,Checkout,2025-10-03 05:15:32
SES04881,USR04881,Mobile,North,Social Media,Home,2,Add to Cart,2025-10-31 13:20:21
SES04882,USR04882,Desktop,South,Email,Sports,3,Checkout,2025-10-15 15:11:19
SES04883,USR04883,Tablet,North,Social Media,Beauty,3,Checkout,2025-10-16 09:11:55
SES04884,USR04884,Tablet,South,Email,Electronics,3,Checkout,2025-10-31 04:03:31
SES04885,USR04885,Mobile,West,Email,Home,1,Browse,2025-10-23 00:00:38
SES04886,USR04886,Desktop,North,Organic,Beauty,1,Browse,2025-10-12 09:14:28
SES04887,USR04887,Desktop,West,Social Media,Beauty,4,Purchase,2025-10-16 13:15:53
SES04888,USR04888,Desktop,East,Social Media,Beauty,2,Add to Cart,2025-10-13 23:56:06
SES04889,USR04889,Mobile,East,Email,Beauty,2,Add to Cart,2025-10-08 10:35:26
SES04890,USR04890,Desktop,West,Google Ads,Fashion,4,Purchase,2025-10-25 14:42:18
SES04891,USR04891,Desktop,East,Organic,Electronics,2,Add to Cart,2025-10-18 21:24:31
SES04892,USR04892,Tablet,East,Google Ads,Beauty,1,Browse,2025-10-24 13:31:13
SES04893,USR04893,Desktop,North,Organic,Fashion,1,Browse,2025-10-06 23:07:50
SES04894,USR04894,Tablet,West,Google Ads,Fashion,2,Add to Cart,2025-10-07 22:18:49
SES04895,USR04895,Tablet,South,Email,Home,1,Browse,2025-10-25 01:26:03
SES04896,USR04896,Desktop,West,Social Media,Fashion,2,Add to Cart,2025-10-19 13:26:37
SES04897,USR04897,Mobile,East,Email,Sports,2,Add to Cart,2025-10-22 23:17:37
SES04898,USR04898,Desktop,West,Email,Electronics,4,Purchase,2025-10-11 11:55:21
SES04899,USR04899,Mobile,North,Organic,Electronics,4,Purchase,2025-10-22 00:38:54
SES04900,USR04900,Mobile,South,Organic,Home,3,Checkout,2025-10-06 07:45:15
SES04901,USR04901,Tablet,North,Google Ads,Beauty,2,Add to Cart,2025-10-14 17:20:06
SES04902,USR04902,Mobile,North,Social Media,Home,2,Add to Cart,2025-10-30 03:52:30
SES04903,USR04903,Desktop,West,Social Media,Beauty,4,Purchase,2025-10-18 18:16:12
SES04904,USR04904,Tablet,West,Social Media,Home,2,Add to Cart,2025-10-29 20:32:00
SES04905,USR04905,Tablet,North,Social Media,Sports,1,Browse,2025-10-27 23:25:01
SES04906,USR04906,Desktop,West,Email,Beauty,3,Checkout,2025-10-12 21:06:51
SES04907,USR04907,Desktop,North,Email,Electronics,1,Browse,2025-10-03 23:05:53
SES04908,USR04908,Desktop,West,Organic,Beauty,3,Checkout,2025-10-30 19:34:52
SES04909,USR04909,Mobile,South,Email,Home,1,Browse,2025-10-28 14:50:30
SES04910,USR04910,Mobile,West,Social Media,Sports,1,Browse,2025-10-02 23:33:42
SES04911,USR04911,Desktop,East,Google Ads,Sports,2,Add to Cart,2025-10-12 00:02:06
SES04912,USR04912,Mobile,West,Email,Fashion,2,Add to Cart,2025-10-18 09:52:02
SES04913,USR04913,Mobile,West,Google Ads,Home,2,Add to Cart,2025-10-11 11:51:27
SES04914,USR04914,Desktop,South,Social Media,Sports,3,Checkout,2025-10-18 07:54:36
SES04915,USR04915,Tablet,South,Email,Sports,3,Checkout,2025-10-14 11:14:18
SES04916,USR04916,Desktop,East,Organic,Electronics,3,Checkout,2025-10-27 13:54:59
SES04917,USR04917,Mobile,South,Email,Home,1,Browse,2025-10-20 23:52:04
SES04918,USR04918,Tablet,East,Google Ads,Home,1,Browse,2025-10-09 09:29:40
SES04919,USR04919,Desktop,East,Google Ads,Beauty,2,Add to Cart,2025-10-09 12:29:23
SES04920,USR04920,Desktop,South,Google Ads,Sports,3,Checkout,2025-10-04 07:39:58
SES04921,USR04921,Desktop,East,Google Ads,Fashion,4,Purchase,2025-10-09 21:14:19
SES04922,USR04922,Mobile,East,Email,Electronics,2,Add to Cart,2025-10-30 23:20:45
SES04923,USR04923,Desktop,East,Social Media,Fashion,2,Add to Cart,2025-10-31 08:36:45
SES04924,USR04924,Desktop,North,Email,Electronics,1,Browse,2025-10-24 18:56:43
SES04925,USR04925,Mobile,West,Email,Sports,3,Checkout,2025-10-31 08:00:47
SES04926,USR04926,Mobile,West,Organic,Fashion,2,Add to Cart,2025-10-18 06:48:59
SES04927,USR04927,Tablet,West,Social Media,Sports,2,Add to Cart,2025-10-31 08:24:17
SES04928,USR04928,Desktop,West,Organic,Fashion,2,Add to Cart,2025-10-12 00:34:51
SES04929,USR04929,Mobile,East,Google Ads,Electronics,1,Browse,2025-10-26 20:44:29
SES04930,USR04930,Desktop,South,Organic,Sports,3,Checkout,2025-10-12 19:11:50
SES04931,USR04931,Mobile,East,Email,Electronics,2,Add to Cart,2025-10-09 23:12:34
SES04932,USR04932,Desktop,North,Organic,Beauty,4,Purchase,2025-10-22 19:40:22
SES04933,USR04933,Mobile,South,Email,Home,2,Add to Cart,2025-10-05 09:02:26
SES04934,USR04934,Tablet,West,Google Ads,Home,1,Browse,2025-10-15 20:39:19
SES04935,USR04935,Tablet,North,Google Ads,Electronics,2,Add to Cart,2025-10-24 18:07:10
SES04936,USR04936,Desktop,South,Social Media,Electronics,3,Checkout,2025-10-01 20:14:29
SES04937,USR04937,Mobile,South,Social Media,Sports,4,Purchase,2025-10-17 03:58:15
SES04938,USR04938,Tablet,South,Google Ads,Electronics,3,Checkout,2025-10-30 23:51:48
SES04939,USR04939,Desktop,West,Google Ads,Sports,3,Checkout,2025-10-24 12:10:42
SES04940,USR04940,Desktop,South,Social Media,Sports,2,Add to Cart,2025-10-12 04:17:46
SES04941,USR04941,Tablet,West,Email,Fashion,1,Browse,2025-10-16 13:56:58
SES04942,USR04942,Tablet,West,Google Ads,Electronics,4,Purchase,2025-10-15 08:33:40
SES04943,USR04943,Desktop,South,Social Media,Home,3,Checkout,2025-10-25 19:29:15
SES04944,USR04944,Mobile,East,Social Media,Fashion,1,Browse,2025-10-13 18:12:53
SES04945,USR04945,Tablet,West,Email,Fashion,4,Purchase,2025-10-06 22:58:44
SES04946,USR04946,Desktop,West,Organic,Fashion,3,Checkout,2025-10-21 03:53:40
SES04947,USR04947,Tablet,West,Email,Beauty,1,Browse,2025-10-08 13:41:15
SES04948,USR04948,Tablet,West,Organic,Sports,3,Checkout,2025-10-28 12:12:21
SES04949,USR04949,Mobile,West,Organic,Electronics,3,Checkout,2025-10-19 06:31:34
SES04950,USR04950,Desktop,West,Organic,Electronics,2,Add to Cart,2025-10-13 02:40:39
SES04951,USR04951,Desktop,South,Social Media,Electronics,2,Add to Cart,2025-10-11 19:49:49
SES04952,USR04952,Mobile,East,Social Media,Sports,3,Checkout,2025-10-24 01:01:49
SES04953,USR04953,Mobile,East,Email,Home,2,Add to Cart,2025-10-06 02:26:46
SES04954,USR04954,Desktop,North,Email,Home,3,Checkout,2025-10-17 06:25:09
SES04955,USR04955,Mobile,South,Social Media,Beauty,1,Browse,2025-10-18 07:54:42
SES04956,USR04956,Tablet,North,Email,Beauty,2,Add to Cart,2025-10-15 15:52:16
SES04957,USR04957,Desktop,East,Google Ads,Home,2,Add to Cart,2025-10-28 09:31:29
SES04958,USR04958,Mobile,West,Google Ads,Beauty,2,Add to Cart,2025-10-15 09:00:03
SES04959,USR04959,Desktop,West,Social Media,Beauty,4,Purchase,2025-10-17 18:06:10
SES04960,USR04960,Mobile,West,Email,Beauty,2,Add to Cart,2025-10-16 11:23:35
SES04961,USR04961,Tablet,North,Email,Beauty,2,Add to Cart,2025-10-21 03:23:50
SES04962,USR04962,Mobile,North,Email,Sports,3,Checkout,2025-10-27 11:50:07
SES04963,USR04963,Desktop,East,Organic,Electronics,3,Checkout,2025-10-15 00:39:51
SES04964,USR04964,Tablet,East,Organic,Sports,3,Checkout,2025-10-07 00:54:22
SES04965,USR04965,Tablet,South,Organic,Electronics,3,Checkout,2025-10-13 18:50:20
SES04966,USR04966,Tablet,South,Organic,Electronics,2,Add to Cart,2025-10-27 08:26:33
SES04967,USR04967,Mobile,South,Google Ads,Electronics,1,Browse,2025-10-07 18:25:10
SES04968,USR04968,Mobile,West,Organic,Home,4,Purchase,2025-10-13 05:32:19
SES04969,USR04969,Mobile,West,Organic,Electronics,1,Browse,2025-10-11 15:24:50
SES04970,USR04970,Mobile,North,Social Media,Electronics,2,Add to Cart,2025-10-21 20:36:35
SES04971,USR04971,Desktop,North,Organic,Electronics,4,Purchase,2025-10-06 13:06:19
SES04972,USR04972,Tablet,South,Google Ads,Sports,3,Checkout,2025-10-17 16:52:04
SES04973,USR04973,Tablet,West,Organic,Home,3,Checkout,2025-10-27 01:18:27
SES04974,USR04974,Desktop,South,Social Media,Beauty,3,Checkout,2025-10-27 05:05:34
SES04975,USR04975,Mobile,East,Social Media,Sports,3,Checkout,2025-10-23 07:42:50
SES04976,USR04976,Mobile,West,Google Ads,Fashion,1,Browse,2025-10-21 12:44:48
SES04977,USR04977,Tablet,West,Social Media,Sports,1,Browse,2025-10-20 08:38:23
SES04978,USR04978,Mobile,West,Google Ads,Fashion,3,Checkout,2025-10-28 14:20:16
SES04979,USR04979,Desktop,East,Google Ads,Fashion,1,Browse,2025-10-13 00:56:01
SES04980,USR04980,Mobile,East,Organic,Sports,4,Purchase,2025-10-23 15:12:27
SES04981,USR04981,Tablet,East,Social Media,Electronics,2,Add to Cart,2025-10-12 16:02:33
SES04982,USR04982,Tablet,South,Google Ads,Fashion,1,Browse,2025-10-19 02:40:56
SES04983,USR04983,Desktop,South,Social Media,Fashion,2,Add to Cart,2025-10-30 17:31:59
SES04984,USR04984,Mobile,South,Email,Fashion,2,Add to Cart,2025-10-09 07:06:30
SES04985,USR04985,Mobile,East,Google Ads,Fashion,2,Add to Cart,2025-10-16 17:57:09
SES04986,USR04986,Tablet,South,Google Ads,Fashion,2,Add to Cart,2025-10-18 15:56:06
SES04987,USR04987,Desktop,West,Google Ads,Electronics,4,Purchase,2025-10-19 09:57:14
SES04988,USR04988,Desktop,North,Google Ads,Sports,4,Purchase,2025-10-29 18:08:51
SES04989,USR04989,Tablet,East,Email,Electronics,3,Checkout,2025-10-27 04:00:17
SES04990,USR04990,Tablet,North,Email,Beauty,2,Add to Cart,2025-10-02 07:11:46
SES04991,USR04991,Desktop,South,Google Ads,Sports,3,Checkout,2025-10-17 21:26:36
SES04992,USR04992,Mobile,North,Email,Electronics,2,Add to Cart,2025-10-24 22:39:39
SES04993,USR04993,Tablet,North,Google Ads,Beauty,2,Add to Cart,2025-10-29 06:02:15
SES04994,USR04994,Mobile,South,Email,Electronics,2,Add to Cart,2025-10-08 07:02:18
SES04995,USR04995,Mobile,East,Organic,Home,2,Add to Cart,2025-10-16 09:27:11
SES04996,USR04996,Tablet,North,Google Ads,Fashion,3,Checkout,2025-10-30 06:13:03
SES04997,USR04997,Desktop,East,Organic,Electronics,1,Browse,2025-10-14 21:35:02
SES04998,USR04998,Tablet,West,Email,Fashion,1,Browse,2025-10-10 00:14:48
SES04999,USR04999,Desktop,North,Social Media,Home,1,Browse,2025-10-27 19:39:34
SES05000,USR05000,Tablet,East,Organic,Fashion,2,Add to Cart,2025-10-25 12:55:28
SES05001,USR05001,Tablet,North,Social Media,Beauty,1,Browse,2025-10-07 12:44:46
SES05002,USR05002,Tablet,East,Organic,Home,3,Checkout,2025-10-04 07:29:19
SES05003,USR05003,Desktop,West,Social Media,Beauty,4,Purchase,2025-10-27 09:52:10
SES05004,USR05004,Desktop,North,Email,Sports,1,Browse,2025-10-01 22:12:43
SES05005,USR05005,Desktop,West,Social Media,Fashion,3,Checkout,2025-10-12 18:03:18
SES05006,USR05006,Tablet,North,Google Ads,Sports,3,Checkout,2025-10-03 06:11:02
SES05007,USR05007,Tablet,East,Social Media,Home,1,Browse,2025-10-19 10:09:05
SES05008,USR05008,Mobile,South,Organic,Electronics,4,Purchase,2025-10-26 06:24:02
SES05009,USR05009,Desktop,West,Social Media,Home,1,Browse,2025-10-26 01:31:56
SES05010,USR05010,Desktop,East,Email,Fashion,2,Add to Cart,2025-10-11 19:06:25
SES05011,USR05011,Tablet,North,Google Ads,Home,3,Checkout,2025-10-13 14:04:33
SES05012,USR05012,Tablet,North,Google Ads,Electronics,3,Checkout,2025-10-30 15:02:17
SES05013,USR05013,Mobile,East,Organic,Beauty,2,Add to Cart,2025-10-05 14:52:12
SES05014,USR05014,Mobile,West,Social Media,Sports,2,Add to Cart,2025-10-21 18:39:58
SES05015,USR05015,Mobile,East,Social Media,Home,1,Browse,2025-10-17 14:41:54
SES05016,USR05016,Desktop,North,Google Ads,Fashion,4,Purchase,2025-10-06 16:54:59
SES05017,USR05017,Mobile,South,Email,Beauty,1,Browse,2025-10-18 09:02:32
SES05018,USR05018,Desktop,East,Social Media,Electronics,3,Checkout,2025-10-20 20:41:26
SES05019,USR05019,Tablet,East,Google Ads,Sports,1,Browse,2025-10-05 09:10:52
SES05020,USR05020,Tablet,North,Email,Beauty,2,Add to Cart,2025-10-26 05:35:21
SES05021,USR05021,Tablet,East,Google Ads,Beauty,3,Checkout,2025-10-27 00:59:31
SES05022,USR05022,Tablet,West,Social Media,Beauty,3,Checkout,2025-10-31 15:59:11
SES05023,USR05023,Tablet,South,Social Media,Electronics,3,Checkout,2025-10-18 19:03:21
SES05024,USR05024,Tablet,East,Google Ads,Home,3,Checkout,2025-10-20 19:06:28
SES05025,USR05025,Desktop,West,Social Media,Fashion,2,Add to Cart,2025-10-02 07:46:28
SES05026,USR05026,Tablet,West,Organic,Beauty,1,Browse,2025-10-20 20:56:14
SES05027,USR05027,Desktop,South,Social Media,Beauty,4,Purchase,2025-10-31 01:54:29
SES05028,USR05028,Desktop,South,Social Media,Fashion,1,Browse,2025-10-28 21:56:26
SES05029,USR05029,Desktop,South,Google Ads,Sports,1,Browse,2025-10-02 02:23:47
SES05030,USR05030,Desktop,North,Social Media,Sports,2,Add to Cart,2025-10-28 02:51:09
SES05031,USR05031,Mobile,South,Social Media,Electronics,1,Browse,2025-10-10 05:51:24
SES05032,USR05032,Mobile,South,Social Media,Home,3,Checkout,2025-10-30 15:18:43
SES05033,USR05033,Desktop,East,Social Media,Home,1,Browse,2025-10-23 08:58:01
SES05034,USR05034,Desktop,North,Organic,Sports,2,Add to Cart,2025-10-27 18:31:04
SES05035,USR05035,Desktop,West,Organic,Electronics,4,Purchase,2025-10-03 15:46:34
SES05036,USR05036,Desktop,East,Email,Home,2,Add to Cart,2025-10-29 15:04:38
SES05037,USR05037,Tablet,West,Email,Sports,3,Checkout,2025-10-26 21:37:51
SES05038,USR05038,Tablet,West,Google Ads,Sports,3,Checkout,2025-10-24 04:08:47
SES05039,USR05039,Desktop,North,Organic,Beauty,2,Add to Cart,2025-10-21 12:30:26
SES05040,USR05040,Mobile,East,Organic,Sports,2,Add to Cart,2025-10-17 10:33:15
SES05041,USR05041,Tablet,East,Social Media,Home,2,Add to Cart,2025-10-15 07:07:27
SES05042,USR05042,Mobile,South,Email,Electronics,1,Browse,2025-10-13 11:57:58
SES05043,USR05043,Desktop,North,Social Media,Fashion,1,Browse,2025-10-29 22:35:35
SES05044,USR05044,Tablet,West,Social Media,Home,3,Checkout,2025-10-29 09:04:37
SES05045,USR05045,Tablet,North,Organic,Fashion,1,Browse,2025-10-07 22:09:13
SES05046,USR05046,Desktop,South,Social Media,Sports,3,Checkout,2025-10-24 01:08:11
SES05047,USR05047,Mobile,South,Organic,Beauty,1,Browse,2025-10-09 22:20:42
SES05048,USR05048,Tablet,North,Organic,Home,1,Browse,2025-10-13 11:34:06
SES05049,USR05049,Desktop,East,Organic,Sports,3,Checkout,2025-10-19 18:39:09
SES05050,USR05050,Tablet,East,Email,Sports,2,Add to Cart,2025-10-05 08:14:05
SES05051,USR05051,Tablet,East,Social Media,Sports,2,Add to Cart,2025-10-14 07:19:21
SES05052,USR05052,Tablet,South,Google Ads,Beauty,4,Purchase,2025-10-04 13:55:10
SES05053,USR05053,Desktop,North,Organic,Electronics,3,Checkout,2025-10-05 21:22:14
SES05054,USR05054,Desktop,South,Social Media,Sports,4,Purchase,2025-10-15 01:45:13
SES05055,USR05055,Desktop,North,Organic,Electronics,1,Browse,2025-10-21 18:51:39
SES05056,USR05056,Mobile,East,Social Media,Beauty,3,Checkout,2025-10-03 01:45:30
SES05057,USR05057,Desktop,West,Email,Fashion,1,Browse,2025-10-15 02:10:33
SES05058,USR05058,Mobile,East,Email,Beauty,3,Checkout,2025-10-31 07:41:19
SES05059,USR05059,Tablet,West,Google Ads,Home,2,Add to Cart,2025-10-06 16:00:27
SES05060,USR05060,Mobile,South,Organic,Beauty,1,Browse,2025-10-17 13:09:34
SES05061,USR05061,Mobile,South,Social Media,Home,1,Browse,2025-10-07 22:44:26
SES05062,USR05062,Desktop,East,Google Ads,Electronics,1,Browse,2025-10-11 05:07:22
SES05063,USR05063,Tablet,North,Email,Electronics,2,Add to Cart,2025-10-19 07:01:41
SES05064,USR05064,Desktop,West,Google Ads,Fashion,2,Add to Cart,2025-10-03 19:12:40
SES05065,USR05065,Mobile,South,Organic,Home,2,Add to Cart,2025-10-13 18:32:05
SES05066,USR05066,Desktop,West,Social Media,Sports,2,Add to Cart,2025-10-03 19:00:51
SES05067,USR05067,Desktop,West,Social Media,Fashion,3,Checkout,2025-10-04 16:44:09
SES05068,USR05068,Desktop,West,Social Media,Beauty,3,Checkout,2025-10-08 13:32:39
SES05069,USR05069,Desktop,East,Google Ads,Sports,2,Add to Cart,2025-10-20 02:36:22
SES05070,USR05070,Tablet,West,Google Ads,Sports,1,Browse,2025-10-12 10:44:37
SES05071,USR05071,Desktop,East,Organic,Fashion,1,Browse,2025-10-23 22:50:50
SES05072,USR05072,Mobile,West,Google Ads,Fashion,1,Browse,2025-10-31 07:52:15
SES05073,USR05073,Desktop,South,Social Media,Electronics,2,Add to Cart,2025-10-08 12:27:50
SES05074,USR05074,Mobile,North,Social Media,Fashion,2,Add to Cart,2025-10-10 21:20:03
SES05075,USR05075,Desktop,South,Organic,Sports,2,Add to Cart,2025-10-21 00:36:06
SES05076,USR05076,Mobile,East,Organic,Fashion,1,Browse,2025-10-26 17:55:06
SES05077,USR05077,Desktop,South,Organic,Sports,3,Checkout,2025-10-07 13:31:28
SES05078,USR05078,Tablet,South,Social Media,Home,2,Add to Cart,2025-10-19 04:10:26
SES05079,USR05079,Tablet,North,Email,Fashion,3,Checkout,2025-10-09 16:19:29
SES05080,USR05080,Mobile,West,Organic,Electronics,1,Browse,2025-10-08 03:42:09
SES05081,USR05081,Mobile,East,Organic,Electronics,1,Browse,2025-10-04 08:48:02
SES05082,USR05082,Desktop,East,Email,Sports,2,Add to Cart,2025-10-24 01:02:19
SES05083,USR05083,Desktop,East,Email,Fashion,3,Checkout,2025-10-22 23:52:36
SES05084,USR05084,Tablet,North,Organic,Home,4,Purchase,2025-10-20 13:40:21
SES05085,USR05085,Mobile,West,Social Media,Electronics,1,Browse,2025-10-19 00:32:34
SES05086,USR05086,Mobile,East,Organic,Electronics,3,Checkout,2025-10-10 17:54:29
SES05087,USR05087,Mobile,East,Email,Fashion,1,Browse,2025-10-18 02:06:50
SES05088,USR05088,Desktop,West,Organic,Electronics,2,Add to Cart,2025-10-18 10:14:13
SES05089,USR05089,Tablet,West,Social Media,Fashion,1,Browse,2025-10-18 14:54:43
SES05090,USR05090,Tablet,West,Organic,Home,1,Browse,2025-10-18 05:33:07
SES05091,USR05091,Desktop,North,Social Media,Home,2,Add to Cart,2025-10-15 08:03:30
SES05092,USR05092,Desktop,South,Email,Sports,1,Browse,2025-10-13 18:48:07
SES05093,USR05093,Mobile,West,Google Ads,Sports,4,Purchase,2025-10-18 20:00:25
SES05094,USR05094,Desktop,West,Organic,Electronics,2,Add to Cart,2025-10-02 02:48:26
SES05095,USR05095,Tablet,East,Google Ads,Electronics,3,Checkout,2025-10-05 02:21:47
SES05096,USR05096,Tablet,South,Social Media,Fashion,3,Checkout,2025-10-30 02:32:52
SES05097,USR05097,Tablet,East,Google Ads,Beauty,2,Add to Cart,2025-10-13 08:01:32
SES05098,USR05098,Tablet,East,Organic,Home,1,Browse,2025-10-23 20:41:59
SES05099,USR05099,Tablet,North,Social Media,Home,2,Add to Cart,2025-10-26 14:00:32
SES05100,USR05100,Mobile,North,Email,Beauty,2,Add to Cart,2025-10-11 12:29:43
SES05101,USR05101,Desktop,East,Google Ads,Home,2,Add to Cart,2025-10-26 13:30:31
SES05102,USR05102,Mobile,East,Organic,Sports,2,Add to Cart,2025-10-24 01:01:21
SES05103,USR05103,Tablet,North,Email,Home,1,Browse,2025-10-23 23:42:12
SES05104,USR05104,Desktop,West,Organic,Fashion,4,Purchase,2025-10-30 06:47:47
SES05105,USR05105,Desktop,West,Organic,Fashion,2,Add to Cart,2025-10-16 17:27:59
SES05106,USR05106,Mobile,South,Google Ads,Fashion,1,Browse,2025-10-09 01:49:45
SES05107,USR05107,Desktop,South,Google Ads,Beauty,1,Browse,2025-10-09 18:20:07
SES05108,USR05108,Tablet,West,Google Ads,Home,2,Add to Cart,2025-10-09 14:48:50
SES05109,USR05109,Tablet,North,Organic,Electronics,1,Browse,2025-10-10 16:41:19
SES05110,USR05110,Desktop,East,Email,Sports,4,Purchase,2025-10-17 03:40:23
SES05111,USR05111,Desktop,West,Email,Electronics,1,Browse,2025-10-27 04:53:47
SES05112,USR05112,Mobile,East,Google Ads,Home,1,Browse,2025-10-17 22:06:05
SES05113,USR05113,Tablet,South,Social Media,Sports,1,Browse,2025-10-02 07:37:58
SES05114,USR05114,Tablet,South,Email,Electronics,3,Checkout,2025-10-08 12:17:05
SES05115,USR05115,Mobile,West,Social Media,Fashion,1,Browse,2025-10-16 10:00:41
SES05116,USR05116,Desktop,East,Email,Sports,2,Add to Cart,2025-10-17 03:49:29
SES05117,USR05117,Tablet,North,Email,Home,2,Add to Cart,2025-10-09 09:14:43
SES05118,USR05118,Tablet,South,Google Ads,Home,2,Add to Cart,2025-10-31 06:20:12
SES05119,USR05119,Mobile,South,Email,Sports,2,Add to Cart,2025-10-26 19:44:29
SES05120,USR05120,Mobile,South,Google Ads,Home,2,Add to Cart,2025-10-22 03:05:18
SES05121,USR05121,Desktop,East,Email,Beauty,2,Add to Cart,2025-10-16 18:28:40
SES05122,USR05122,Mobile,North,Email,Electronics,1,Browse,2025-10-02 01:38:16
SES05123,USR05123,Desktop,West,Google Ads,Sports,4,Purchase,2025-10-30 07:52:13
SES05124,USR05124,Desktop,West,Email,Sports,1,Browse,2025-10-10 13:04:42
SES05125,USR05125,Tablet,East,Organic,Electronics,2,Add to Cart,2025-10-05 07:59:11
SES05126,USR05126,Tablet,South,Google Ads,Home,2,Add to Cart,2025-10-15 12:18:11
SES05127,USR05127,Desktop,East,Email,Home,3,Checkout,2025-10-12 11:58:09
SES05128,USR05128,Desktop,East,Google Ads,Fashion,1,Browse,2025-10-12 20:01:15
SES05129,USR05129,Tablet,North,Organic,Electronics,2,Add to Cart,2025-10-17 22:41:29
SES05130,USR05130,Tablet,East,Email,Beauty,3,Checkout,2025-10-28 23:19:59
SES05131,USR05131,Desktop,South,Organic,Sports,1,Browse,2025-10-09 13:18:10
SES05132,USR05132,Tablet,North,Email,Electronics,4,Purchase,2025-10-15 23:59:33
SES05133,USR05133,Tablet,South,Organic,Beauty,2,Add to Cart,2025-10-11 13:28:03
SES05134,USR05134,Tablet,East,Social Media,Electronics,1,Browse,2025-10-19 17:55:36
SES05135,USR05135,Desktop,West,Social Media,Electronics,2,Add to Cart,2025-10-29 15:39:08
SES05136,USR05136,Tablet,West,Social Media,Home,2,Add to Cart,2025-10-03 06:08:22
SES05137,USR05137,Mobile,West,Google Ads,Sports,2,Add to Cart,2025-10-28 01:14:18
SES05138,USR05138,Desktop,East,Organic,Home,4,Purchase,2025-10-05 09:00:03
SES05139,USR05139,Mobile,North,Email,Fashion,1,Browse,2025-10-12 13:39:09
SES05140,USR05140,Tablet,West,Email,Fashion,3,Checkout,2025-10-10 13:05:00
SES05141,USR05141,Mobile,West,Google Ads,Home,4,Purchase,2025-10-03 01:47:39
SES05142,USR05142,Mobile,South,Organic,Sports,4,Purchase,2025-10-24 12:44:40
SES05143,USR05143,Tablet,East,Social Media,Sports,2,Add to Cart,2025-10-26 21:15:06
SES05144,USR05144,Tablet,North,Organic,Home,2,Add to Cart,2025-10-29 12:36:23
SES05145,USR05145,Mobile,West,Organic,Fashion,1,Browse,2025-10-05 01:27:11
SES05146,USR05146,Tablet,North,Social Media,Sports,1,Browse,2025-10-14 12:46:29
SES05147,USR05147,Tablet,East,Organic,Sports,2,Add to Cart,2025-10-21 14:39:42
SES05148,USR05148,Mobile,West,Social Media,Electronics,3,Checkout,2025-10-18 13:36:38
SES05149,USR05149,Tablet,North,Google Ads,Fashion,4,Purchase,2025-10-03 01:37:48
SES05150,USR05150,Mobile,West,Google Ads,Fashion,1,Browse,2025-10-16 12:56:02
SES05151,USR05151,Mobile,South,Organic,Beauty,1,Browse,2025-10-29 21:49:27
SES05152,USR05152,Tablet,East,Email,Home,1,Browse,2025-10-10 06:28:52
SES05153,USR05153,Tablet,East,Google Ads,Electronics,2,Add to Cart,2025-10-03 04:19:22
SES05154,USR05154,Mobile,West,Organic,Beauty,4,Purchase,2025-10-07 17:24:12
SES05155,USR05155,Tablet,East,Social Media,Electronics,2,Add to Cart,2025-10-11 14:26:15
SES05156,USR05156,Desktop,West,Google Ads,Home,1,Browse,2025-10-11 06:43:02
SES05157,USR05157,Tablet,West,Google Ads,Fashion,2,Add to Cart,2025-10-07 18:05:54
SES05158,USR05158,Mobile,East,Organic,Fashion,2,Add to Cart,2025-10-14 03:28:10
SES05159,USR05159,Mobile,North,Organic,Electronics,4,Purchase,2025-10-10 19:18:17
SES05160,USR05160,Desktop,North,Social Media,Sports,2,Add to Cart,2025-10-09 06:07:59
SES05161,USR05161,Desktop,North,Social Media,Sports,4,Purchase,2025-10-18 16:41:07
SES05162,USR05162,Tablet,West,Social Media,Electronics,2,Add to Cart,2025-10-07 20:53:19
SES05163,USR05163,Tablet,South,Social Media,Beauty,4,Purchase,2025-10-22 20:21:52
SES05164,USR05164,Tablet,North,Google Ads,Sports,1,Browse,2025-10-18 12:24:13
SES05165,USR05165,Tablet,West,Organic,Electronics,3,Checkout,2025-10-05 02:50:34
SES05166,USR05166,Mobile,West,Social Media,Fashion,1,Browse,2025-10-10 19:25:41
SES05167,USR05167,Mobile,West,Google Ads,Electronics,1,Browse,2025-10-06 08:35:05
SES05168,USR05168,Tablet,East,Email,Fashion,3,Checkout,2025-10-10 02:31:43
SES05169,USR05169,Desktop,North,Organic,Home,1,Browse,2025-10-28 06:55:37
SES05170,USR05170,Tablet,West,Social Media,Fashion,2,Add to Cart,2025-10-31 01:36:45
SES05171,USR05171,Desktop,East,Organic,Beauty,1,Browse,2025-10-20 05:48:28
SES05172,USR05172,Tablet,East,Google Ads,Electronics,1,Browse,2025-10-20 12:52:32
SES05173,USR05173,Tablet,West,Google Ads,Home,2,Add to Cart,2025-10-12 12:41:31
SES05174,USR05174,Tablet,North,Social Media,Electronics,2,Add to Cart,2025-10-16 18:09:43
SES05175,USR05175,Tablet,West,Social Media,Fashion,2,Add to Cart,2025-10-13 09:11:15
SES05176,USR05176,Desktop,South,Google Ads,Electronics,2,Add to Cart,2025-10-17 11:05:56
SES05177,USR05177,Tablet,West,Social Media,Beauty,2,Add to Cart,2025-10-10 03:27:24
SES05178,USR05178,Mobile,East,Organic,Electronics,3,Checkout,2025-10-24 21:17:18
SES05179,USR05179,Mobile,South,Social Media,Fashion,1,Browse,2025-10-12 19:01:22
SES05180,USR05180,Desktop,West,Social Media,Fashion,3,Checkout,2025-10-09 00:17:31
SES05181,USR05181,Mobile,East,Organic,Home,2,Add to Cart,2025-10-24 19:10:01
SES05182,USR05182,Tablet,East,Google Ads,Home,3,Checkout,2025-10-06 14:58:30
SES05183,USR05183,Tablet,North,Social Media,Beauty,1,Browse,2025-10-26 21:57:40
SES05184,USR05184,Tablet,East,Google Ads,Sports,4,Purchase,2025-10-15 00:42:16
SES05185,USR05185,Tablet,South,Email,Sports,3,Checkout,2025-10-26 23:25:56
SES05186,USR05186,Mobile,West,Google Ads,Fashion,1,Browse,2025-10-20 07:40:39
SES05187,USR05187,Desktop,East,Organic,Sports,1,Browse,2025-10-29 06:12:08
SES05188,USR05188,Mobile,North,Google Ads,Electronics,4,Purchase,2025-10-25 09:07:21
SES05189,USR05189,Tablet,East,Google Ads,Fashion,2,Add to Cart,2025-10-24 02:38:38
SES05190,USR05190,Tablet,North,Organic,Electronics,2,Add to Cart,2025-10-19 03:49:19
SES05191,USR05191,Mobile,South,Social Media,Beauty,1,Browse,2025-10-31 08:50:32
SES05192,USR05192,Desktop,East,Google Ads,Sports,3,Checkout,2025-10-17 10:50:29
SES05193,USR05193,Mobile,East,Google Ads,Home,4,Purchase,2025-10-03 21:57:22
SES05194,USR05194,Mobile,West,Organic,Fashion,3,Checkout,2025-10-13 19:01:39
SES05195,USR05195,Desktop,South,Email,Beauty,4,Purchase,2025-10-11 22:53:14
SES05196,USR05196,Mobile,West,Organic,Home,1,Browse,2025-10-04 23:51:38
SES05197,USR05197,Desktop,North,Social Media,Fashion,4,Purchase,2025-10-24 05:26:48
SES05198,USR05198,Mobile,West,Organic,Home,4,Purchase,2025-10-10 23:26:56
SES05199,USR05199,Desktop,East,Social Media,Beauty,2,Add to Cart,2025-10-06 00:45:43
SES05200,USR05200,Mobile,East,Email,Home,1,Browse,2025-10-05 01:58:02
SES05201,USR05201,Tablet,East,Google Ads,Home,1,Browse,2025-10-11 21:48:05
SES05202,USR05202,Desktop,South,Email,Beauty,3,Checkout,2025-10-23 02:04:29
SES05203,USR05203,Desktop,East,Organic,Home,2,Add to Cart,2025-10-28 18:48:22
SES05204,USR05204,Desktop,West,Email,Beauty,1,Browse,2025-10-16 16:31:14
SES05205,USR05205,Desktop,South,Google Ads,Beauty,2,Add to Cart,2025-10-24 11:23:58
SES05206,USR05206,Tablet,North,Google Ads,Beauty,1,Browse,2025-10-26 22:17:31
SES05207,USR05207,Mobile,West,Google Ads,Electronics,1,Browse,2025-10-15 10:32:59
SES05208,USR05208,Tablet,South,Google Ads,Fashion,3,Checkout,2025-10-10 19:34:59
SES05209,USR05209,Mobile,South,Google Ads,Electronics,2,Add to Cart,2025-10-28 15:46:29
SES05210,USR05210,Mobile,North,Social Media,Fashion,1,Browse,2025-10-23 20:06:59
SES05211,USR05211,Mobile,South,Organic,Beauty,2,Add to Cart,2025-10-08 19:14:53
SES05212,USR05212,Tablet,East,Google Ads,Home,2,Add to Cart,2025-10-22 18:21:29
SES05213,USR05213,Desktop,South,Organic,Sports,2,Add to Cart,2025-10-16 01:14:41
SES05214,USR05214,Desktop,South,Organic,Beauty,1,Browse,2025-10-13 11:38:50
SES05215,USR05215,Tablet,West,Email,Home,1,Browse,2025-10-29 17:45:31
SES05216,USR05216,Tablet,North,Email,Fashion,3,Checkout,2025-10-12 17:41:10
SES05217,USR05217,Desktop,West,Google Ads,Sports,3,Checkout,2025-10-22 12:19:30
SES05218,USR05218,Desktop,West,Social Media,Electronics,1,Browse,2025-10-13 07:41:46
SES05219,USR05219,Tablet,South,Organic,Fashion,4,Purchase,2025-10-23 17:22:27
SES05220,USR05220,Desktop,South,Google Ads,Home,2,Add to Cart,2025-10-05 16:04:53
SES05221,USR05221,Desktop,East,Google Ads,Fashion,2,Add to Cart,2025-10-24 03:35:22
SES05222,USR05222,Desktop,West,Email,Sports,2,Add to Cart,2025-10-25 20:50:35
SES05223,USR05223,Tablet,West,Email,Home,3,Checkout,2025-10-28 23:02:10
SES05224,USR05224,Tablet,East,Social Media,Beauty,3,Checkout,2025-10-17 16:12:51
SES05225,USR05225,Tablet,South,Organic,Beauty,3,Checkout,2025-10-22 07:28:35
SES05226,USR05226,Mobile,North,Social Media,Sports,3,Checkout,2025-10-16 09:30:36
SES05227,USR05227,Tablet,North,Google Ads,Home,2,Add to Cart,2025-10-22 21:50:05
SES05228,USR05228,Tablet,West,Social Media,Beauty,3,Checkout,2025-10-02 02:37:48
SES05229,USR05229,Tablet,South,Email,Beauty,2,Add to Cart,2025-10-07 08:39:39
SES05230,USR05230,Desktop,West,Social Media,Home,2,Add to Cart,2025-10-06 11:06:37
SES05231,USR05231,Mobile,East,Email,Beauty,2,Add to Cart,2025-10-02 07:32:39
SES05232,USR05232,Desktop,North,Google Ads,Beauty,3,Checkout,2025-10-07 14:08:14
SES05233,USR05233,Mobile,East,Email,Fashion,2,Add to Cart,2025-10-11 20:08:38
SES05234,USR05234,Desktop,South,Social Media,Fashion,2,Add to Cart,2025-10-19 23:18:24
SES05235,USR05235,Tablet,South,Organic,Sports,2,Add to Cart,2025-10-09 09:25:43
SES05236,USR05236,Mobile,South,Organic,Home,2,Add to Cart,2025-10-15 22:54:28
SES05237,USR05237,Mobile,East,Email,Beauty,2,Add to Cart,2025-10-28 02:33:11
SES05238,USR05238,Tablet,South,Social Media,Beauty,1,Browse,2025-10-17 09:36:48
SES05239,USR05239,Tablet,East,Social Media,Beauty,4,Purchase,2025-10-05 12:39:16
SES05240,USR05240,Mobile,East,Email,Home,3,Checkout,2025-10-04 23:10:57
SES05241,USR05241,Mobile,South,Email,Home,1,Browse,2025-10-30 03:54:25
SES05242,USR05242,Desktop,West,Email,Home,1,Browse,2025-10-14 14:37:47
SES05243,USR05243,Mobile,South,Social Media,Beauty,1,Browse,2025-10-07 08:02:44
SES05244,USR05244,Tablet,West,Google Ads,Sports,2,Add to Cart,2025-10-28 13:47:23
SES05245,USR05245,Tablet,South,Email,Electronics,3,Checkout,2025-10-23 01:02:21
SES05246,USR05246,Tablet,South,Google Ads,Fashion,3,Checkout,2025-10-18 00:15:42
SES05247,USR05247,Tablet,East,Organic,Sports,2,Add to Cart,2025-10-15 16:56:33
SES05248,USR05248,Mobile,West,Social Media,Sports,1,Browse,2025-10-10 00:18:18
SES05249,USR05249,Desktop,East,Social Media,Fashion,3,Checkout,2025-10-31 10:54:30
SES05250,USR05250,Tablet,East,Google Ads,Electronics,3,Checkout,2025-10-19 16:57:44
SES05251,USR05251,Desktop,South,Organic,Home,1,Browse,2025-10-03 23:16:30
SES05252,USR05252,Desktop,South,Google Ads,Sports,1,Browse,2025-10-11 01:44:04
SES05253,USR05253,Tablet,North,Organic,Fashion,1,Browse,2025-10-29 23:34:07
SES05254,USR05254,Desktop,West,Google Ads,Fashion,2,Add to Cart,2025-10-16 02:41:09
SES05255,USR05255,Desktop,North,Email,Sports,4,Purchase,2025-10-08 03:33:41
SES05256,USR05256,Tablet,West,Google Ads,Sports,3,Checkout,2025-10-13 10:58:58
SES05257,USR05257,Tablet,North,Email,Home,2,Add to Cart,2025-10-07 20:00:49
SES05258,USR05258,Desktop,South,Social Media,Home,1,Browse,2025-10-06 17:22:03
SES05259,USR05259,Mobile,East,Social Media,Home,3,Checkout,2025-10-28 11:56:45
SES05260,USR05260,Desktop,North,Social Media,Fashion,4,Purchase,2025-10-12 05:07:39
SES05261,USR05261,Mobile,West,Email,Beauty,3,Checkout,2025-10-05 16:44:29
SES05262,USR05262,Mobile,West,Social Media,Home,2,Add to Cart,2025-10-03 08:00:50
SES05263,USR05263,Tablet,West,Email,Home,1,Browse,2025-10-15 21:34:09
SES05264,USR05264,Tablet,East,Organic,Sports,2,Add to Cart,2025-10-05 13:07:24
SES05265,USR05265,Desktop,South,Social Media,Home,1,Browse,2025-10-16 19:00:52
SES05266,USR05266,Desktop,East,Email,Fashion,2,Add to Cart,2025-10-27 16:32:53
SES05267,USR05267,Mobile,East,Email,Beauty,2,Add to Cart,2025-10-30 19:40:01
SES05268,USR05268,Mobile,South,Social Media,Electronics,3,Checkout,2025-10-13 10:34:40
SES05269,USR05269,Mobile,East,Organic,Beauty,1,Browse,2025-10-12 00:07:49
SES05270,USR05270,Mobile,West,Email,Fashion,2,Add to Cart,2025-10-05 02:32:10
SES05271,USR05271,Desktop,North,Social Media,Sports,2,Add to Cart,2025-10-08 08:32:03
SES05272,USR05272,Desktop,West,Google Ads,Home,1,Browse,2025-10-16 10:16:09
SES05273,USR05273,Desktop,South,Social Media,Home,4,Purchase,2025-10-05 13:46:22
SES05274,USR05274,Desktop,North,Organic,Home,1,Browse,2025-10-11 21:28:39
SES05275,USR05275,Desktop,North,Social Media,Beauty,3,Checkout,2025-10-25 08:02:32
SES05276,USR05276,Tablet,North,Social Media,Sports,2,Add to Cart,2025-10-03 10:45:28
SES05277,USR05277,Mobile,South,Social Media,Sports,2,Add to Cart,2025-10-21 14:29:56
SES05278,USR05278,Desktop,South,Social Media,Electronics,3,Checkout,2025-10-05 01:26:16
SES05279,USR05279,Tablet,North,Organic,Home,2,Add to Cart,2025-10-09 10:33:13
SES05280,USR05280,Mobile,West,Organic,Fashion,4,Purchase,2025-10-07 12:18:51
SES05281,USR05281,Desktop,North,Organic,Electronics,2,Add to Cart,2025-10-04 00:43:39
SES05282,USR05282,Mobile,South,Organic,Electronics,3,Checkout,2025-10-26 07:57:42
SES05283,USR05283,Desktop,East,Organic,Sports,3,Checkout,2025-10-26 14:41:30
SES05284,USR05284,Desktop,East,Organic,Fashion,4,Purchase,2025-10-19 10:41:46
SES05285,USR05285,Mobile,South,Google Ads,Fashion,4,Purchase,2025-10-13 20:36:48
SES05286,USR05286,Mobile,South,Email,Beauty,3,Checkout,2025-10-17 00:50:44
SES05287,USR05287,Mobile,West,Google Ads,Sports,3,Checkout,2025-10-15 11:15:21
SES05288,USR05288,Mobile,North,Email,Fashion,4,Purchase,2025-10-07 21:37:10
SES05289,USR05289,Mobile,West,Organic,Electronics,2,Add to Cart,2025-10-23 12:07:40
SES05290,USR05290,Tablet,South,Google Ads,Home,2,Add to Cart,2025-10-27 23:37:10
SES05291,USR05291,Tablet,West,Organic,Fashion,1,Browse,2025-10-21 20:42:13
SES05292,USR05292,Mobile,North,Social Media,Beauty,3,Checkout,2025-10-18 03:48:22
SES05293,USR05293,Tablet,West,Organic,Home,1,Browse,2025-10-14 14:23:56
SES05294,USR05294,Mobile,North,Google Ads,Fashion,2,Add to Cart,2025-10-19 12:59:31
SES05295,USR05295,Desktop,East,Email,Electronics,2,Add to Cart,2025-10-24 03:36:19
SES05296,USR05296,Mobile,West,Social Media,Fashion,1,Browse,2025-10-16 01:59:43
SES05297,USR05297,Mobile,East,Social Media,Home,4,Purchase,2025-10-28 18:24:43
SES05298,USR05298,Desktop,South,Email,Sports,4,Purchase,2025-10-25 10:05:21
SES05299,USR05299,Tablet,South,Email,Beauty,3,Checkout,2025-10-07 08:56:32
SES05300,USR05300,Tablet,North,Social Media,Fashion,2,Add to Cart,2025-10-27 05:15:41
SES05301,USR05301,Desktop,North,Social Media,Sports,3,Checkout,2025-10-07 12:31:37
SES05302,USR05302,Desktop,North,Social Media,Fashion,2,Add to Cart,2025-10-08 10:37:15
SES05303,USR05303,Tablet,East,Google Ads,Home,1,Browse,2025-10-18 08:30:03
SES05304,USR05304,Tablet,West,Organic,Home,2,Add to Cart,2025-10-29 02:24:13
SES05305,USR05305,Mobile,North,Social Media,Sports,2,Add to Cart,2025-10-09 17:21:48
SES05306,USR05306,Tablet,South,Email,Home,3,Checkout,2025-10-23 09:10:55
SES05307,USR05307,Tablet,East,Google Ads,Electronics,1,Browse,2025-10-16 16:01:43
SES05308,USR05308,Mobile,North,Organic,Electronics,2,Add to Cart,2025-10-11 20:36:38
SES05309,USR05309,Desktop,West,Social Media,Beauty,2,Add to Cart,2025-10-07 04:00:02
SES05310,USR05310,Desktop,North,Google Ads,Home,1,Browse,2025-10-07 07:30:55
SES05311,USR05311,Tablet,North,Google Ads,Fashion,1,Browse,2025-10-23 16:36:36
SES05312,USR05312,Mobile,West,Google Ads,Fashion,3,Checkout,2025-10-25 20:48:43
SES05313,USR05313,Desktop,West,Google Ads,Home,4,Purchase,2025-10-28 08:58:56
SES05314,USR05314,Desktop,South,Organic,Electronics,3,Checkout,2025-10-17 23:56:32
SES05315,USR05315,Desktop,South,Social Media,Fashion,2,Add to Cart,2025-10-31 00:55:34
SES05316,USR05316,Mobile,East,Social Media,Electronics,1,Browse,2025-10-21 23:37:16
SES05317,USR05317,Tablet,West,Social Media,Sports,2,Add to Cart,2025-10-02 19:46:05
SES05318,USR05318,Tablet,North,Social Media,Home,3,Checkout,2025-10-13 07:07:45
SES05319,USR05319,Tablet,North,Social Media,Sports,1,Browse,2025-10-28 01:24:37
SES05320,USR05320,Tablet,North,Email,Beauty,4,Purchase,2025-10-30 07:24:36
SES05321,USR05321,Tablet,West,Email,Home,1,Browse,2025-10-28 21:19:53
SES05322,USR05322,Mobile,East,Email,Home,1,Browse,2025-10-18 18:39:28
SES05323,USR05323,Tablet,West,Email,Electronics,2,Add to Cart,2025-10-19 20:55:23
SES05324,USR05324,Desktop,North,Email,Beauty,2,Add to Cart,2025-10-17 02:15:38
SES05325,USR05325,Tablet,East,Organic,Electronics,4,Purchase,2025-10-04 00:49:14
SES05326,USR05326,Desktop,South,Google Ads,Fashion,4,Purchase,2025-10-18 00:23:12
SES05327,USR05327,Mobile,East,Google Ads,Beauty,4,Purchase,2025-10-05 19:50:03
SES05328,USR05328,Mobile,North,Email,Beauty,3,Checkout,2025-10-28 01:19:39
SES05329,USR05329,Tablet,South,Social Media,Beauty,2,Add to Cart,2025-10-23 13:30:18
SES05330,USR05330,Mobile,West,Google Ads,Home,2,Add to Cart,2025-10-18 21:48:15
SES05331,USR05331,Desktop,East,Organic,Sports,2,Add to Cart,2025-10-28 12:09:40
SES05332,USR05332,Tablet,North,Organic,Electronics,2,Add to Cart,2025-10-23 21:42:57
SES05333,USR05333,Mobile,South,Organic,Beauty,2,Add to Cart,2025-10-08 22:29:11
SES05334,USR05334,Mobile,South,Social Media,Electronics,1,Browse,2025-10-04 11:17:18
SES05335,USR05335,Tablet,East,Organic,Beauty,4,Purchase,2025-10-30 20:49:50
SES05336,USR05336,Tablet,North,Social Media,Electronics,4,Purchase,2025-10-18 04:34:15
SES05337,USR05337,Mobile,East,Social Media,Sports,2,Add to Cart,2025-10-21 19:46:48
SES05338,USR05338,Tablet,North,Organic,Fashion,1,Browse,2025-10-12 17:55:55
SES05339,USR05339,Desktop,East,Email,Home,4,Purchase,2025-10-13 06:20:17
SES05340,USR05340,Mobile,South,Organic,Electronics,2,Add to Cart,2025-10-10 23:46:19
SES05341,USR05341,Mobile,South,Social Media,Sports,1,Browse,2025-10-09 03:21:16
SES05342,USR05342,Desktop,South,Email,Fashion,2,Add to Cart,2025-10-19 22:25:54
SES05343,USR05343,Mobile,South,Social Media,Fashion,2,Add to Cart,2025-10-11 18:40:22
SES05344,USR05344,Desktop,East,Google Ads,Fashion,1,Browse,2025-10-28 13:57:10
SES05345,USR05345,Mobile,South,Google Ads,Electronics,2,Add to Cart,2025-10-11 19:17:49
SES05346,USR05346,Desktop,East,Google Ads,Fashion,1,Browse,2025-10-19 15:45:25
SES05347,USR05347,Mobile,East,Email,Sports,4,Purchase,2025-10-18 10:35:52
SES05348,USR05348,Tablet,East,Email,Beauty,4,Purchase,2025-10-07 20:01:27
SES05349,USR05349,Mobile,South,Email,Fashion,3,Checkout,2025-10-05 22:39:31
SES05350,USR05350,Mobile,South,Email,Electronics,1,Browse,2025-10-08 13:10:45
SES05351,USR05351,Desktop,South,Google Ads,Electronics,4,Purchase,2025-10-08 13:49:23
SES05352,USR05352,Tablet,West,Social Media,Home,2,Add to Cart,2025-10-04 09:38:15
SES05353,USR05353,Desktop,East,Google Ads,Home,2,Add to Cart,2025-10-22 04:38:34
SES05354,USR05354,Mobile,West,Email,Electronics,4,Purchase,2025-10-30 16:46:35
SES05355,USR05355,Desktop,East,Organic,Electronics,3,Checkout,2025-10-31 11:10:45
SES05356,USR05356,Desktop,North,Social Media,Beauty,4,Purchase,2025-10-03 02:37:44
SES05357,USR05357,Mobile,West,Social Media,Sports,2,Add to Cart,2025-10-19 08:31:29
SES05358,USR05358,Desktop,West,Google Ads,Fashion,3,Checkout,2025-10-28 02:59:28
SES05359,USR05359,Mobile,East,Email,Beauty,2,Add to Cart,2025-10-25 07:01:41
SES05360,USR05360,Tablet,East,Social Media,Fashion,3,Checkout,2025-10-28 19:56:00
SES05361,USR05361,Desktop,West,Google Ads,Beauty,4,Purchase,2025-10-09 00:47:03
SES05362,USR05362,Mobile,South,Email,Sports,3,Checkout,2025-10-26 14:15:06
SES05363,USR05363,Tablet,East,Email,Fashion,1,Browse,2025-10-13 16:50:59
SES05364,USR05364,Desktop,East,Organic,Beauty,2,Add to Cart,2025-10-30 01:55:05
SES05365,USR05365,Tablet,West,Email,Electronics,2,Add to Cart,2025-10-30 05:41:12
SES05366,USR05366,Tablet,East,Google Ads,Home,3,Checkout,2025-10-18 19:55:40
SES05367,USR05367,Desktop,East,Email,Electronics,3,Checkout,2025-10-13 00:03:11
SES05368,USR05368,Mobile,East,Social Media,Fashion,1,Browse,2025-10-02 12:27:43
SES05369,USR05369,Mobile,East,Google Ads,Home,2,Add to Cart,2025-10-30 13:51:40
SES05370,USR05370,Tablet,South,Email,Sports,1,Browse,2025-10-10 17:21:58
SES05371,USR05371,Tablet,North,Organic,Sports,3,Checkout,2025-10-07 13:09:06
SES05372,USR05372,Desktop,East,Social Media,Fashion,4,Purchase,2025-10-06 17:52:36
SES05373,USR05373,Mobile,East,Google Ads,Beauty,2,Add to Cart,2025-10-09 06:41:13
SES05374,USR05374,Desktop,East,Email,Sports,2,Add to Cart,2025-10-04 21:23:04
SES05375,USR05375,Tablet,West,Social Media,Electronics,3,Checkout,2025-10-03 07:55:23
SES05376,USR05376,Desktop,East,Social Media,Fashion,3,Checkout,2025-10-24 13:00:19
SES05377,USR05377,Desktop,South,Email,Sports,3,Checkout,2025-10-24 11:05:47
SES05378,USR05378,Mobile,South,Email,Electronics,3,Checkout,2025-10-19 08:15:22
SES05379,USR05379,Desktop,East,Social Media,Sports,1,Browse,2025-10-15 11:11:05
SES05380,USR05380,Mobile,East,Email,Electronics,1,Browse,2025-10-19 23:03:08
SES05381,USR05381,Tablet,South,Organic,Fashion,1,Browse,2025-10-14 20:01:10
SES05382,USR05382,Mobile,North,Google Ads,Fashion,2,Add to Cart,2025-10-26 07:40:26
SES05383,USR05383,Mobile,West,Organic,Beauty,2,Add to Cart,2025-10-15 12:17:21
SES05384,USR05384,Mobile,North,Organic,Beauty,2,Add to Cart,2025-10-04 14:28:39
SES05385,USR05385,Desktop,East,Email,Sports,2,Add to Cart,2025-10-02 03:19:33
SES05386,USR05386,Desktop,North,Google Ads,Electronics,1,Browse,2025-10-29 06:09:06
SES05387,USR05387,Desktop,East,Organic,Beauty,1,Browse,2025-10-24 09:43:05
SES05388,USR05388,Mobile,West,Social Media,Electronics,3,Checkout,2025-10-13 17:14:49
SES05389,USR05389,Tablet,West,Social Media,Sports,2,Add to Cart,2025-10-04 05:41:46
SES05390,USR05390,Mobile,North,Email,Sports,1,Browse,2025-10-28 07:33:17
SES05391,USR05391,Mobile,West,Social Media,Beauty,3,Checkout,2025-10-18 13:27:24
SES05392,USR05392,Desktop,West,Social Media,Beauty,2,Add to Cart,2025-10-07 22:25:04
SES05393,USR05393,Desktop,South,Google Ads,Electronics,1,Browse,2025-10-21 15:48:03
SES05394,USR05394,Tablet,East,Social Media,Electronics,1,Browse,2025-10-27 20:39:55
SES05395,USR05395,Mobile,West,Google Ads,Sports,1,Browse,2025-10-05 11:56:17
SES05396,USR05396,Desktop,West,Google Ads,Electronics,2,Add to Cart,2025-10-05 12:27:48
SES05397,USR05397,Mobile,West,Organic,Sports,2,Add to Cart,2025-10-25 11:54:34
SES05398,USR05398,Desktop,North,Social Media,Fashion,2,Add to Cart,2025-10-18 10:12:33
SES05399,USR05399,Tablet,East,Email,Sports,3,Checkout,2025-10-24 14:02:50
SES05400,USR05400,Desktop,South,Google Ads,Beauty,2,Add to Cart,2025-10-07 15:23:29
SES05401,USR05401,Mobile,West,Google Ads,Home,1,Browse,2025-10-05 05:00:53
SES05402,USR05402,Mobile,North,Email,Fashion,3,Checkout,2025-10-30 01:36:05
SES05403,USR05403,Mobile,North,Organic,Home,2,Add to Cart,2025-10-05 06:02:16
SES05404,USR05404,Desktop,East,Google Ads,Beauty,2,Add to Cart,2025-10-28 07:50:23
SES05405,USR05405,Tablet,East,Organic,Sports,1,Browse,2025-10-05 08:03:57
SES05406,USR05406,Desktop,North,Google Ads,Fashion,4,Purchase,2025-10-10 15:59:22
SES05407,USR05407,Desktop,West,Email,Sports,3,Checkout,2025-10-12 02:53:16
SES05408,USR05408,Desktop,West,Email,Beauty,1,Browse,2025-10-27 00:08:42
SES05409,USR05409,Mobile,South,Email,Fashion,1,Browse,2025-10-07 18:38:37
SES05410,USR05410,Desktop,South,Email,Electronics,3,Checkout,2025-10-03 12:41:53
SES05411,USR05411,Mobile,North,Organic,Fashion,1,Browse,2025-10-07 10:10:38
SES05412,USR05412,Desktop,North,Google Ads,Sports,2,Add to Cart,2025-10-23 10:42:51
SES05413,USR05413,Tablet,South,Google Ads,Electronics,3,Checkout,2025-10-03 05:51:24
SES05414,USR05414,Tablet,North,Organic,Electronics,2,Add to Cart,2025-10-04 12:26:14
SES05415,USR05415,Desktop,South,Google Ads,Beauty,2,Add to Cart,2025-10-23 23:22:47
SES05416,USR05416,Tablet,North,Google Ads,Beauty,3,Checkout,2025-10-17 06:18:28
SES05417,USR05417,Tablet,South,Organic,Beauty,3,Checkout,2025-10-04 08:05:34
SES05418,USR05418,Mobile,North,Google Ads,Fashion,1,Browse,2025-10-07 10:38:20
SES05419,USR05419,Mobile,West,Email,Sports,1,Browse,2025-10-30 01:21:56
SES05420,USR05420,Tablet,East,Email,Electronics,1,Browse,2025-10-26 17:11:29
SES05421,USR05421,Tablet,East,Social Media,Home,2,Add to Cart,2025-10-18 21:38:35
SES05422,USR05422,Mobile,West,Organic,Fashion,2,Add to Cart,2025-10-26 19:42:47
SES05423,USR05423,Mobile,North,Google Ads,Sports,1,Browse,2025-10-30 09:07:52
SES05424,USR05424,Mobile,South,Google Ads,Fashion,3,Checkout,2025-10-09 06:54:50
SES05425,USR05425,Desktop,East,Organic,Electronics,4,Purchase,2025-10-19 19:28:49
SES05426,USR05426,Desktop,West,Email,Beauty,1,Browse,2025-10-06 12:14:57
SES05427,USR05427,Mobile,West,Email,Fashion,1,Browse,2025-10-08 21:52:38
SES05428,USR05428,Mobile,South,Google Ads,Home,2,Add to Cart,2025-10-01 21:39:35
SES05429,USR05429,Mobile,South,Social Media,Sports,2,Add to Cart,2025-10-19 21:13:54
SES05430,USR05430,Mobile,South,Google Ads,Beauty,2,Add to Cart,2025-10-08 04:25:11
SES05431,USR05431,Desktop,West,Google Ads,Beauty,2,Add to Cart,2025-10-19 23:41:58
SES05432,USR05432,Mobile,East,Social Media,Fashion,2,Add to Cart,2025-10-18 06:52:45
SES05433,USR05433,Mobile,North,Google Ads,Electronics,2,Add to Cart,2025-10-24 11:47:08
SES05434,USR05434,Tablet,South,Organic,Sports,2,Add to Cart,2025-10-05 03:36:27
SES05435,USR05435,Mobile,South,Social Media,Electronics,2,Add to Cart,2025-10-03 21:31:05
SES05436,USR05436,Tablet,South,Google Ads,Electronics,2,Add to Cart,2025-10-15 08:42:30
SES05437,USR05437,Desktop,South,Organic,Fashion,2,Add to Cart,2025-10-03 15:22:36
SES05438,USR05438,Mobile,North,Social Media,Electronics,4,Purchase,2025-10-10 11:46:51
SES05439,USR05439,Mobile,East,Google Ads,Home,2,Add to Cart,2025-10-31 13:49:24
SES05440,USR05440,Tablet,North,Email,Sports,3,Checkout,2025-10-16 10:43:14
SES05441,USR05441,Tablet,East,Organic,Beauty,2,Add to Cart,2025-10-18 18:10:04
SES05442,USR05442,Desktop,North,Google Ads,Sports,1,Browse,2025-10-11 10:37:20
SES05443,USR05443,Desktop,South,Social Media,Sports,1,Browse,2025-10-02 09:12:51
SES05444,USR05444,Desktop,South,Organic,Electronics,2,Add to Cart,2025-10-22 13:59:07
SES05445,USR05445,Desktop,South,Google Ads,Electronics,3,Checkout,2025-10-16 06:29:27
SES05446,USR05446,Desktop,West,Social Media,Electronics,2,Add to Cart,2025-10-05 15:50:42
SES05447,USR05447,Desktop,North,Email,Sports,2,Add to Cart,2025-10-05 08:44:37
SES05448,USR05448,Desktop,East,Social Media,Electronics,1,Browse,2025-10-29 09:42:02
SES05449,USR05449,Tablet,South,Organic,Sports,3,Checkout,2025-10-30 04:12:07
SES05450,USR05450,Desktop,South,Email,Home,2,Add to Cart,2025-10-19 19:25:37
SES05451,USR05451,Tablet,North,Email,Fashion,2,Add to Cart,2025-10-06 00:22:53
SES05452,USR05452,Mobile,West,Email,Beauty,2,Add to Cart,2025-10-09 08:11:05
SES05453,USR05453,Desktop,West,Google Ads,Beauty,1,Browse,2025-10-29 15:16:37
SES05454,USR05454,Desktop,West,Social Media,Beauty,4,Purchase,2025-10-29 12:18:45
SES05455,USR05455,Desktop,East,Social Media,Home,2,Add to Cart,2025-10-31 02:49:39
SES05456,USR05456,Tablet,South,Google Ads,Electronics,4,Purchase,2025-10-14 05:20:18
SES05457,USR05457,Desktop,West,Email,Home,2,Add to Cart,2025-10-20 16:21:25
SES05458,USR05458,Tablet,West,Google Ads,Electronics,2,Add to Cart,2025-10-16 02:14:45
SES05459,USR05459,Tablet,South,Social Media,Home,1,Browse,2025-10-02 01:54:11
SES05460,USR05460,Tablet,South,Google Ads,Sports,1,Browse,2025-10-03 07:01:54
SES05461,USR05461,Desktop,South,Google Ads,Beauty,1,Browse,2025-10-07 08:20:09
SES05462,USR05462,Mobile,East,Google Ads,Fashion,3,Checkout,2025-10-20 10:38:01
SES05463,USR05463,Desktop,South,Social Media,Beauty,1,Browse,2025-10-03 08:35:33
SES05464,USR05464,Mobile,East,Email,Home,3,Checkout,2025-10-06 04:18:46
SES05465,USR05465,Mobile,East,Google Ads,Home,2,Add to Cart,2025-10-07 16:07:16
SES05466,USR05466,Mobile,West,Email,Beauty,2,Add to Cart,2025-10-26 02:15:16
SES05467,USR05467,Mobile,East,Social Media,Fashion,3,Checkout,2025-10-27 09:48:03
SES05468,USR05468,Mobile,South,Organic,Electronics,1,Browse,2025-10-08 18:52:50
SES05469,USR05469,Desktop,West,Email,Sports,4,Purchase,2025-10-10 12:02:29
SES05470,USR05470,Tablet,East,Email,Beauty,3,Checkout,2025-10-28 21:13:57
SES05471,USR05471,Tablet,South,Organic,Fashion,1,Browse,2025-10-14 11:52:56
SES05472,USR05472,Desktop,West,Social Media,Beauty,2,Add to Cart,2025-10-13 04:13:32
SES05473,USR05473,Tablet,South,Social Media,Electronics,2,Add to Cart,2025-10-18 04:22:34
SES05474,USR05474,Mobile,East,Social Media,Sports,2,Add to Cart,2025-10-11 15:00:26
SES05475,USR05475,Tablet,South,Google Ads,Sports,3,Checkout,2025-10-26 13:04:06
SES05476,USR05476,Mobile,West,Organic,Beauty,1,Browse,2025-10-03 07:04:42
SES05477,USR05477,Mobile,East,Social Media,Sports,3,Checkout,2025-10-05 20:34:11
SES05478,USR05478,Desktop,West,Social Media,Sports,2,Add to Cart,2025-10-17 14:21:17
SES05479,USR05479,Mobile,South,Google Ads,Sports,3,Checkout,2025-10-23 06:59:38
SES05480,USR05480,Mobile,West,Google Ads,Home,4,Purchase,2025-10-25 23:28:58
SES05481,USR05481,Mobile,West,Google Ads,Home,4,Purchase,2025-10-11 05:31:24
SES05482,USR05482,Tablet,South,Email,Fashion,3,Checkout,2025-10-13 18:18:09
SES05483,USR05483,Mobile,West,Email,Home,2,Add to Cart,2025-10-31 00:12:05
SES05484,USR05484,Mobile,West,Google Ads,Electronics,4,Purchase,2025-10-26 05:25:18
SES05485,USR05485,Tablet,South,Google Ads,Sports,3,Checkout,2025-10-02 06:29:16
SES05486,USR05486,Tablet,North,Social Media,Electronics,4,Purchase,2025-10-12 17:53:57
SES05487,USR05487,Desktop,West,Email,Beauty,3,Checkout,2025-10-23 05:00:46
SES05488,USR05488,Tablet,North,Google Ads,Beauty,1,Browse,2025-10-30 09:41:38
SES05489,USR05489,Tablet,West,Google Ads,Fashion,1,Browse,2025-10-01 19:35:07
SES05490,USR05490,Tablet,North,Organic,Sports,4,Purchase,2025-10-23 15:17:16
SES05491,USR05491,Desktop,West,Social Media,Home,1,Browse,2025-10-08 02:24:11
SES05492,USR05492,Desktop,North,Google Ads,Fashion,2,Add to Cart,2025-10-09 10:39:24
SES05493,USR05493,Tablet,South,Organic,Electronics,4,Purchase,2025-10-09 21:34:23
SES05494,USR05494,Mobile,South,Social Media,Sports,2,Add to Cart,2025-10-17 06:32:24
SES05495,USR05495,Desktop,East,Google Ads,Sports,4,Purchase,2025-10-09 12:55:47
SES05496,USR05496,Tablet,East,Google Ads,Electronics,1,Browse,2025-10-16 08:39:10
SES05497,USR05497,Mobile,East,Organic,Beauty,4,Purchase,2025-10-27 06:20:31
SES05498,USR05498,Desktop,North,Organic,Home,3,Checkout,2025-10-06 10:55:21
SES05499,USR05499,Mobile,South,Organic,Fashion,4,Purchase,2025-10-23 08:57:30
SES05500,USR05500,Mobile,North,Email,Home,2,Add to Cart,2025-10-13 00:22:51
SES05501,USR05501,Desktop,South,Organic,Electronics,1,Browse,2025-10-19 22:34:27
SES05502,USR05502,Mobile,South,Google Ads,Sports,3,Checkout,2025-10-25 02:00:52
SES05503,USR05503,Tablet,North,Email,Electronics,2,Add to Cart,2025-10-16 13:43:20
SES05504,USR05504,Desktop,North,Organic,Electronics,2,Add to Cart,2025-10-26 20:56:48
SES05505,USR05505,Tablet,West,Social Media,Home,3,Checkout,2025-10-12 07:18:15
SES05506,USR05506,Mobile,North,Social Media,Electronics,4,Purchase,2025-10-06 09:12:20
SES05507,USR05507,Mobile,North,Social Media,Home,3,Checkout,2025-10-10 05:50:19
SES05508,USR05508,Mobile,North,Google Ads,Home,2,Add to Cart,2025-10-11 19:26:26
SES05509,USR05509,Tablet,North,Google Ads,Electronics,3,Checkout,2025-10-03 19:20:11
SES05510,USR05510,Tablet,West,Email,Beauty,2,Add to Cart,2025-10-16 11:21:11
SES05511,USR05511,Tablet,South,Organic,Home,3,Checkout,2025-10-08 19:23:55
SES05512,USR05512,Desktop,North,Google Ads,Fashion,2,Add to Cart,2025-10-12 23:45:56
SES05513,USR05513,Tablet,South,Email,Sports,4,Purchase,2025-10-08 09:16:34
SES05514,USR05514,Mobile,West,Google Ads,Sports,3,Checkout,2025-10-09 15:51:42
SES05515,USR05515,Mobile,South,Google Ads,Sports,2,Add to Cart,2025-10-31 09:07:29
SES05516,USR05516,Tablet,West,Social Media,Sports,1,Browse,2025-10-05 09:49:58
SES05517,USR05517,Mobile,North,Google Ads,Fashion,2,Add to Cart,2025-10-23 04:59:57
SES05518,USR05518,Tablet,West,Organic,Fashion,4,Purchase,2025-10-25 05:32:40
SES05519,USR05519,Desktop,South,Social Media,Sports,2,Add to Cart,2025-10-02 05:45:32
SES05520,USR05520,Desktop,South,Google Ads,Home,1,Browse,2025-10-02 17:01:52
SES05521,USR05521,Desktop,North,Email,Sports,1,Browse,2025-10-24 15:59:37
SES05522,USR05522,Tablet,West,Email,Electronics,2,Add to Cart,2025-10-30 10:42:41
SES05523,USR05523,Tablet,East,Email,Fashion,1,Browse,2025-10-20 08:14:17
SES05524,USR05524,Tablet,East,Email,Beauty,1,Browse,2025-10-19 01:15:01
SES05525,USR05525,Mobile,North,Social Media,Fashion,2,Add to Cart,2025-10-30 10:06:45
SES05526,USR05526,Mobile,South,Organic,Electronics,1,Browse,2025-10-24 10:02:42
SES05527,USR05527,Desktop,North,Google Ads,Beauty,3,Checkout,2025-10-31 08:54:46
SES05528,USR05528,Mobile,South,Email,Home,2,Add to Cart,2025-10-28 00:10:52
SES05529,USR05529,Desktop,East,Organic,Sports,3,Checkout,2025-10-26 17:46:17
SES05530,USR05530,Desktop,West,Organic,Sports,4,Purchase,2025-10-02 10:46:50
SES05531,USR05531,Desktop,South,Google Ads,Beauty,2,Add to Cart,2025-10-23 02:17:06
SES05532,USR05532,Tablet,East,Organic,Home,3,Checkout,2025-10-04 17:39:30
SES05533,USR05533,Desktop,East,Organic,Beauty,4,Purchase,2025-10-12 00:25:45
SES05534,USR05534,Desktop,East,Social Media,Fashion,3,Checkout,2025-10-12 15:38:17
SES05535,USR05535,Mobile,North,Google Ads,Electronics,3,Checkout,2025-10-09 02:24:52
SES05536,USR05536,Mobile,West,Organic,Beauty,4,Purchase,2025-10-03 03:21:21
SES05537,USR05537,Mobile,South,Email,Beauty,1,Browse,2025-10-03 11:49:40
SES05538,USR05538,Mobile,North,Organic,Beauty,1,Browse,2025-10-10 20:01:32
SES05539,USR05539,Tablet,West,Organic,Fashion,1,Browse,2025-10-11 23:22:03
SES05540,USR05540,Tablet,West,Google Ads,Beauty,1,Browse,2025-10-09 23:26:10
SES05541,USR05541,Mobile,East,Google Ads,Sports,4,Purchase,2025-10-10 08:16:54
SES05542,USR05542,Mobile,West,Organic,Electronics,3,Checkout,2025-10-29 11:04:48
SES05543,USR05543,Tablet,South,Email,Fashion,1,Browse,2025-10-29 05:40:28
SES05544,USR05544,Desktop,South,Social Media,Electronics,2,Add to Cart,2025-10-14 12:33:44
SES05545,USR05545,Mobile,North,Google Ads,Beauty,2,Add to Cart,2025-10-10 21:49:09
SES05546,USR05546,Mobile,North,Social Media,Fashion,3,Checkout,2025-10-13 04:39:21
SES05547,USR05547,Desktop,South,Google Ads,Fashion,1,Browse,2025-10-04 11:22:53
SES05548,USR05548,Tablet,North,Social Media,Home,1,Browse,2025-10-22 21:47:15
SES05549,USR05549,Tablet,East,Google Ads,Sports,2,Add to Cart,2025-10-22 01:04:44
SES05550,USR05550,Desktop,North,Social Media,Electronics,1,Browse,2025-10-31 04:45:02
SES05551,USR05551,Tablet,North,Google Ads,Sports,4,Purchase,2025-10-26 21:01:48
SES05552,USR05552,Tablet,East,Email,Electronics,3,Checkout,2025-10-14 17:04:48
SES05553,USR05553,Desktop,South,Organic,Home,3,Checkout,2025-10-12 08:36:39
SES05554,USR05554,Tablet,West,Google Ads,Sports,2,Add to Cart,2025-10-15 13:48:43
SES05555,USR05555,Desktop,West,Social Media,Fashion,1,Browse,2025-10-07 04:45:27
SES05556,USR05556,Desktop,West,Social Media,Sports,4,Purchase,2025-10-09 09:36:14
SES05557,USR05557,Desktop,East,Organic,Home,4,Purchase,2025-10-08 18:37:24
SES05558,USR05558,Mobile,West,Social Media,Beauty,3,Checkout,2025-10-20 13:16:24
SES05559,USR05559,Tablet,East,Organic,Home,1,Browse,2025-10-13 15:22:58
SES05560,USR05560,Tablet,North,Google Ads,Home,1,Browse,2025-10-25 01:10:56
SES05561,USR05561,Desktop,East,Email,Beauty,2,Add to Cart,2025-10-07 07:09:38
SES05562,USR05562,Desktop,North,Organic,Sports,1,Browse,2025-10-29 12:31:50
SES05563,USR05563,Tablet,West,Email,Beauty,1,Browse,2025-10-01 22:54:14
SES05564,USR05564,Mobile,West,Email,Sports,2,Add to Cart,2025-10-08 20:52:23
SES05565,USR05565,Mobile,South,Organic,Beauty,2,Add to Cart,2025-10-27 04:42:50
SES05566,USR05566,Desktop,South,Organic,Fashion,1,Browse,2025-10-12 04:53:08
SES05567,USR05567,Mobile,South,Google Ads,Electronics,3,Checkout,2025-10-25 00:11:20
SES05568,USR05568,Mobile,East,Social Media,Home,3,Checkout,2025-10-30 12:07:41
SES05569,USR05569,Desktop,South,Google Ads,Beauty,3,Checkout,2025-10-13 16:56:03
SES05570,USR05570,Tablet,North,Email,Beauty,1,Browse,2025-10-07 05:24:02
SES05571,USR05571,Mobile,East,Organic,Fashion,3,Checkout,2025-10-15 02:30:33
SES05572,USR05572,Desktop,East,Email,Beauty,3,Checkout,2025-10-14 07:09:29
SES05573,USR05573,Mobile,North,Organic,Electronics,1,Browse,2025-10-03 12:30:08
SES05574,USR05574,Mobile,North,Email,Fashion,3,Checkout,2025-10-17 05:29:30
SES05575,USR05575,Tablet,West,Google Ads,Beauty,3,Checkout,2025-10-08 11:02:48
SES05576,USR05576,Tablet,South,Social Media,Home,3,Checkout,2025-10-08 22:57:47
SES05577,USR05577,Tablet,North,Social Media,Fashion,2,Add to Cart,2025-10-06 23:16:34
SES05578,USR05578,Desktop,East,Google Ads,Sports,3,Checkout,2025-10-25 08:32:56
SES05579,USR05579,Mobile,East,Google Ads,Electronics,2,Add to Cart,2025-10-15 14:31:20
SES05580,USR05580,Tablet,South,Email,Electronics,1,Browse,2025-10-26 18:13:04
SES05581,USR05581,Tablet,East,Email,Beauty,2,Add to Cart,2025-10-07 01:53:55
SES05582,USR05582,Desktop,West,Organic,Beauty,1,Browse,2025-10-13 15:13:37
SES05583,USR05583,Mobile,North,Google Ads,Home,2,Add to Cart,2025-10-15 22:00:30
SES05584,USR05584,Tablet,East,Organic,Electronics,3,Checkout,2025-10-10 21:15:14
SES05585,USR05585,Mobile,East,Organic,Fashion,1,Browse,2025-10-09 23:23:51
SES05586,USR05586,Tablet,North,Email,Sports,2,Add to Cart,2025-10-28 22:08:11
SES05587,USR05587,Desktop,West,Organic,Home,2,Add to Cart,2025-10-17 10:36:41
SES05588,USR05588,Desktop,North,Organic,Fashion,3,Checkout,2025-10-13 21:54:47
SES05589,USR05589,Mobile,East,Organic,Electronics,2,Add to Cart,2025-10-16 02:16:24
SES05590,USR05590,Desktop,West,Organic,Sports,2,Add to Cart,2025-10-19 14:42:23
SES05591,USR05591,Mobile,North,Email,Beauty,1,Browse,2025-10-10 00:32:21
SES05592,USR05592,Mobile,East,Organic,Fashion,4,Purchase,2025-10-30 07:20:34
SES05593,USR05593,Tablet,South,Organic,Home,1,Browse,2025-10-05 15:49:27
SES05594,USR05594,Mobile,East,Social Media,Beauty,1,Browse,2025-10-25 18:26:08
SES05595,USR05595,Tablet,North,Email,Sports,3,Checkout,2025-10-13 14:53:45
SES05596,USR05596,Tablet,South,Social Media,Electronics,1,Browse,2025-10-10 11:12:41
SES05597,USR05597,Desktop,West,Email,Home,2,Add to Cart,2025-10-01 22:12:27
SES05598,USR05598,Desktop,North,Google Ads,Home,1,Browse,2025-10-22 02:38:53
SES05599,USR05599,Tablet,North,Organic,Beauty,2,Add to Cart,2025-10-22 10:44:07
SES05600,USR05600,Desktop,West,Google Ads,Home,3,Checkout,2025-10-19 08:47:36
SES05601,USR05601,Mobile,South,Organic,Sports,1,Browse,2025-10-22 19:05:48
SES05602,USR05602,Tablet,East,Social Media,Fashion,1,Browse,2025-10-21 15:15:19
SES05603,USR05603,Desktop,South,Social Media,Electronics,2,Add to Cart,2025-10-05 10:56:33
SES05604,USR05604,Mobile,East,Social Media,Home,3,Checkout,2025-10-10 17:25:14
SES05605,USR05605,Desktop,South,Email,Electronics,3,Checkout,2025-10-21 19:02:32
SES05606,USR05606,Tablet,South,Google Ads,Home,2,Add to Cart,2025-10-17 21:59:53
SES05607,USR05607,Mobile,North,Organic,Home,1,Browse,2025-10-19 11:32:20
SES05608,USR05608,Desktop,South,Google Ads,Sports,4,Purchase,2025-10-24 11:23:49
SES05609,USR05609,Desktop,East,Google Ads,Home,3,Checkout,2025-10-11 22:45:20
SES05610,USR05610,Desktop,East,Email,Sports,2,Add to Cart,2025-10-05 05:43:59
SES05611,USR05611,Tablet,North,Organic,Electronics,1,Browse,2025-10-09 19:43:16
SES05612,USR05612,Tablet,South,Social Media,Sports,1,Browse,2025-10-18 16:48:25
SES05613,USR05613,Tablet,West,Social Media,Beauty,1,Browse,2025-10-05 09:45:59
SES05614,USR05614,Tablet,North,Social Media,Home,4,Purchase,2025-10-21 01:56:28
SES05615,USR05615,Tablet,West,Email,Electronics,1,Browse,2025-10-12 04:18:25
SES05616,USR05616,Tablet,North,Organic,Sports,1,Browse,2025-10-28 21:24:06
SES05617,USR05617,Mobile,North,Social Media,Fashion,3,Checkout,2025-10-02 14:54:25
SES05618,USR05618,Mobile,North,Social Media,Fashion,2,Add to Cart,2025-10-08 20:13:16
SES05619,USR05619,Mobile,East,Google Ads,Fashion,2,Add to Cart,2025-10-30 20:52:33
SES05620,USR05620,Tablet,South,Social Media,Sports,4,Purchase,2025-10-23 23:38:25
SES05621,USR05621,Mobile,West,Social Media,Electronics,1,Browse,2025-10-18 01:04:11
SES05622,USR05622,Desktop,North,Social Media,Fashion,2,Add to Cart,2025-10-15 19:06:03
SES05623,USR05623,Tablet,West,Google Ads,Fashion,1,Browse,2025-10-18 05:18:17
SES05624,USR05624,Mobile,North,Social Media,Electronics,3,Checkout,2025-10-08 07:51:35
SES05625,USR05625,Mobile,South,Google Ads,Home,1,Browse,2025-10-24 23:53:14
SES05626,USR05626,Tablet,North,Organic,Electronics,1,Browse,2025-10-19 10:57:06
SES05627,USR05627,Desktop,West,Social Media,Electronics,2,Add to Cart,2025-10-23 19:14:45
SES05628,USR05628,Mobile,East,Email,Sports,4,Purchase,2025-10-30 17:04:09
SES05629,USR05629,Desktop,West,Google Ads,Sports,3,Checkout,2025-10-24 22:52:18
SES05630,USR05630,Mobile,West,Google Ads,Fashion,2,Add to Cart,2025-10-15 07:09:51
SES05631,USR05631,Desktop,West,Email,Fashion,3,Checkout,2025-10-11 22:48:56
SES05632,USR05632,Desktop,East,Social Media,Sports,4,Purchase,2025-10-15 18:46:27
SES05633,USR05633,Tablet,South,Google Ads,Home,2,Add to Cart,2025-10-06 15:49:59
SES05634,USR05634,Mobile,North,Social Media,Beauty,1,Browse,2025-10-14 18:29:11
SES05635,USR05635,Mobile,South,Organic,Sports,3,Checkout,2025-10-07 16:02:42
SES05636,USR05636,Tablet,East,Social Media,Beauty,2,Add to Cart,2025-10-22 13:31:21
SES05637,USR05637,Mobile,East,Organic,Sports,1,Browse,2025-10-27 18:50:38
SES05638,USR05638,Mobile,East,Google Ads,Fashion,4,Purchase,2025-10-26 04:47:13
SES05639,USR05639,Mobile,South,Email,Sports,1,Browse,2025-10-24 15:30:55
SES05640,USR05640,Mobile,South,Social Media,Electronics,1,Browse,2025-10-21 06:24:44
SES05641,USR05641,Tablet,East,Social Media,Electronics,2,Add to Cart,2025-10-15 01:07:26
SES05642,USR05642,Mobile,North,Social Media,Electronics,1,Browse,2025-10-08 10:04:01
SES05643,USR05643,Desktop,West,Google Ads,Sports,2,Add to Cart,2025-10-26 04:01:16
SES05644,USR05644,Desktop,South,Organic,Fashion,2,Add to Cart,2025-10-17 08:33:47
SES05645,USR05645,Desktop,South,Organic,Fashion,2,Add to Cart,2025-10-09 18:22:37
SES05646,USR05646,Desktop,North,Google Ads,Electronics,1,Browse,2025-10-26 17:44:05
SES05647,USR05647,Mobile,West,Social Media,Fashion,2,Add to Cart,2025-10-20 09:51:13
SES05648,USR05648,Desktop,South,Organic,Fashion,3,Checkout,2025-10-17 01:16:28
SES05649,USR05649,Desktop,North,Social Media,Sports,3,Checkout,2025-10-06 01:13:07
SES05650,USR05650,Mobile,North,Google Ads,Fashion,2,Add to Cart,2025-10-29 11:17:13
SES05651,USR05651,Mobile,West,Social Media,Electronics,3,Checkout,2025-10-19 20:18:43
SES05652,USR05652,Desktop,East,Email,Home,2,Add to Cart,2025-10-04 00:43:14
SES05653,USR05653,Desktop,South,Google Ads,Beauty,2,Add to Cart,2025-10-28 04:53:12
SES05654,USR05654,Desktop,South,Organic,Electronics,3,Checkout,2025-10-26 09:37:57
SES05655,USR05655,Mobile,West,Organic,Home,3,Checkout,2025-10-22 10:05:16
SES05656,USR05656,Desktop,North,Email,Fashion,1,Browse,2025-10-24 21:21:47
SES05657,USR05657,Tablet,West,Email,Home,4,Purchase,2025-10-28 11:03:44
SES05658,USR05658,Tablet,South,Google Ads,Beauty,1,Browse,2025-10-31 02:31:33
SES05659,USR05659,Desktop,West,Email,Sports,3,Checkout,2025-10-14 07:56:57
SES05660,USR05660,Mobile,North,Google Ads,Home,1,Browse,2025-10-05 07:58:18
SES05661,USR05661,Mobile,South,Organic,Sports,3,Checkout,2025-10-28 13:14:44
SES05662,USR05662,Mobile,South,Organic,Fashion,4,Purchase,2025-10-28 20:02:01
SES05663,USR05663,Mobile,West,Email,Electronics,4,Purchase,2025-10-22 06:48:53
SES05664,USR05664,Desktop,West,Email,Electronics,3,Checkout,2025-10-07 23:51:15
SES05665,USR05665,Desktop,South,Social Media,Electronics,2,Add to Cart,2025-10-03 21:33:17
SES05666,USR05666,Tablet,East,Google Ads,Fashion,3,Checkout,2025-10-09 17:02:10
SES05667,USR05667,Desktop,East,Social Media,Sports,1,Browse,2025-10-18 09:47:44
SES05668,USR05668,Desktop,South,Google Ads,Sports,2,Add to Cart,2025-10-18 21:37:15
SES05669,USR05669,Mobile,West,Google Ads,Fashion,2,Add to Cart,2025-10-13 07:44:59
SES05670,USR05670,Desktop,South,Social Media,Electronics,3,Checkout,2025-10-12 20:26:51
SES05671,USR05671,Tablet,North,Organic,Beauty,3,Checkout,2025-10-28 23:28:17
SES05672,USR05672,Desktop,West,Organic,Sports,3,Checkout,2025-10-04 01:19:14
SES05673,USR05673,Mobile,North,Organic,Fashion,2,Add to Cart,2025-10-17 15:45:18
SES05674,USR05674,Mobile,West,Email,Sports,2,Add to Cart,2025-10-20 16:55:59
SES05675,USR05675,Mobile,North,Email,Electronics,1,Browse,2025-10-30 09:24:01
SES05676,USR05676,Mobile,East,Social Media,Sports,2,Add to Cart,2025-10-23 16:41:47
SES05677,USR05677,Mobile,North,Email,Beauty,4,Purchase,2025-10-29 20:42:23
SES05678,USR05678,Desktop,East,Organic,Home,2,Add to Cart,2025-10-24 22:10:10
SES05679,USR05679,Mobile,South,Social Media,Sports,1,Browse,2025-10-12 16:04:49
SES05680,USR05680,Mobile,East,Email,Fashion,3,Checkout,2025-10-23 00:15:03
SES05681,USR05681,Tablet,South,Email,Beauty,3,Checkout,2025-10-23 09:09:47
SES05682,USR05682,Mobile,East,Email,Fashion,2,Add to Cart,2025-10-04 20:07:43
SES05683,USR05683,Desktop,West,Organic,Fashion,2,Add to Cart,2025-10-08 02:43:26
SES05684,USR05684,Mobile,South,Social Media,Home,3,Checkout,2025-10-08 22:07:33
SES05685,USR05685,Tablet,East,Google Ads,Electronics,4,Purchase,2025-10-23 19:50:19
SES05686,USR05686,Mobile,North,Google Ads,Beauty,3,Checkout,2025-10-23 18:18:02
SES05687,USR05687,Desktop,North,Google Ads,Sports,4,Purchase,2025-10-04 17:34:58
SES05688,USR05688,Mobile,West,Email,Sports,1,Browse,2025-10-16 23:42:54
SES05689,USR05689,Desktop,North,Organic,Sports,1,Browse,2025-10-12 21:16:28
SES05690,USR05690,Tablet,North,Email,Fashion,1,Browse,2025-10-28 03:18:11
SES05691,USR05691,Tablet,West,Google Ads,Fashion,1,Browse,2025-10-29 07:38:51
SES05692,USR05692,Mobile,East,Social Media,Electronics,1,Browse,2025-10-21 02:44:16
SES05693,USR05693,Desktop,West,Email,Fashion,1,Browse,2025-10-04 21:05:21
SES05694,USR05694,Mobile,South,Google Ads,Fashion,2,Add to Cart,2025-10-29 01:11:19
SES05695,USR05695,Tablet,North,Email,Fashion,3,Checkout,2025-10-15 02:46:02
SES05696,USR05696,Desktop,West,Email,Home,2,Add to Cart,2025-10-02 04:16:22
SES05697,USR05697,Mobile,West,Email,Home,2,Add to Cart,2025-10-28 05:33:48
SES05698,USR05698,Desktop,North,Google Ads,Home,1,Browse,2025-10-09 23:59:25
SES05699,USR05699,Tablet,North,Organic,Home,2,Add to Cart,2025-10-08 02:54:01
SES05700,USR05700,Mobile,West,Email,Sports,2,Add to Cart,2025-10-25 21:09:55
SES05701,USR05701,Tablet,East,Social Media,Home,4,Purchase,2025-10-21 05:54:35
SES05702,USR05702,Tablet,North,Organic,Electronics,2,Add to Cart,2025-10-03 17:43:53
SES05703,USR05703,Desktop,North,Social Media,Sports,4,Purchase,2025-10-27 02:36:11
SES05704,USR05704,Tablet,West,Organic,Sports,2,Add to Cart,2025-10-08 04:43:32
SES05705,USR05705,Desktop,West,Organic,Sports,2,Add to Cart,2025-10-24 12:39:48
SES05706,USR05706,Mobile,West,Organic,Beauty,3,Checkout,2025-10-13 13:12:35
SES05707,USR05707,Tablet,West,Social Media,Electronics,2,Add to Cart,2025-10-16 08:12:10
SES05708,USR05708,Mobile,North,Google Ads,Home,1,Browse,2025-10-23 20:19:10
SES05709,USR05709,Mobile,North,Social Media,Sports,3,Checkout,2025-10-18 17:18:25
SES05710,USR05710,Tablet,South,Google Ads,Sports,2,Add to Cart,2025-10-16 16:10:03
SES05711,USR05711,Desktop,South,Email,Beauty,2,Add to Cart,2025-10-05 09:05:52
SES05712,USR05712,Mobile,South,Email,Electronics,2,Add to Cart,2025-10-25 17:28:59
SES05713,USR05713,Mobile,East,Email,Home,3,Checkout,2025-10-19 08:31:45
SES05714,USR05714,Desktop,East,Google Ads,Beauty,3,Checkout,2025-10-02 21:49:40
SES05715,USR05715,Desktop,North,Email,Home,4,Purchase,2025-10-29 11:44:36
SES05716,USR05716,Tablet,South,Google Ads,Fashion,3,Checkout,2025-10-25 07:53:47
SES05717,USR05717,Desktop,East,Google Ads,Beauty,4,Purchase,2025-10-10 17:42:32
SES05718,USR05718,Tablet,East,Google Ads,Home,2,Add to Cart,2025-10-14 16:10:06
SES05719,USR05719,Tablet,East,Email,Electronics,2,Add to Cart,2025-10-20 23:43:09
SES05720,USR05720,Tablet,East,Social Media,Beauty,1,Browse,2025-10-31 17:28:49
SES05721,USR05721,Tablet,East,Social Media,Beauty,2,Add to Cart,2025-10-16 15:06:27
SES05722,USR05722,Desktop,North,Google Ads,Beauty,4,Purchase,2025-10-08 03:05:25
SES05723,USR05723,Tablet,West,Email,Sports,2,Add to Cart,2025-10-14 20:12:49
SES05724,USR05724,Mobile,South,Email,Sports,2,Add to Cart,2025-10-23 08:58:39
SES05725,USR05725,Tablet,South,Organic,Fashion,2,Add to Cart,2025-10-11 16:45:04
SES05726,USR05726,Tablet,North,Organic,Electronics,2,Add to Cart,2025-10-19 10:32:34
SES05727,USR05727,Mobile,East,Google Ads,Home,3,Checkout,2025-10-26 10:44:03
SES05728,USR05728,Tablet,North,Social Media,Fashion,3,Checkout,2025-10-13 16:07:49
SES05729,USR05729,Mobile,North,Email,Fashion,1,Browse,2025-10-30 02:37:18
SES05730,USR05730,Tablet,South,Google Ads,Sports,2,Add to Cart,2025-10-02 02:42:38
SES05731,USR05731,Tablet,South,Organic,Electronics,4,Purchase,2025-10-26 15:41:49
SES05732,USR05732,Desktop,North,Google Ads,Electronics,2,Add to Cart,2025-10-19 16:10:13
SES05733,USR05733,Desktop,East,Google Ads,Home,4,Purchase,2025-10-05 06:09:12
SES05734,USR05734,Mobile,East,Organic,Sports,1,Browse,2025-10-13 05:32:49
SES05735,USR05735,Mobile,North,Organic,Electronics,1,Browse,2025-10-13 12:13:10
SES05736,USR05736,Tablet,East,Organic,Home,2,Add to Cart,2025-10-15 05:26:34
SES05737,USR05737,Desktop,West,Google Ads,Electronics,2,Add to Cart,2025-10-09 12:59:18
SES05738,USR05738,Desktop,West,Google Ads,Electronics,4,Purchase,2025-10-13 12:07:04
SES05739,USR05739,Mobile,West,Google Ads,Home,1,Browse,2025-10-05 22:20:38
SES05740,USR05740,Mobile,South,Email,Home,1,Browse,2025-10-08 20:47:01
SES05741,USR05741,Tablet,West,Social Media,Sports,2,Add to Cart,2025-10-03 10:29:28
SES05742,USR05742,Desktop,West,Social Media,Sports,3,Checkout,2025-10-04 08:43:37
SES05743,USR05743,Tablet,West,Google Ads,Electronics,3,Checkout,2025-10-29 14:49:34
SES05744,USR05744,Tablet,West,Social Media,Fashion,3,Checkout,2025-10-28 13:48:30
SES05745,USR05745,Mobile,North,Organic,Electronics,3,Checkout,2025-10-18 16:56:00
SES05746,USR05746,Desktop,South,Social Media,Beauty,2,Add to Cart,2025-10-26 15:33:03
SES05747,USR05747,Desktop,West,Google Ads,Electronics,4,Purchase,2025-10-03 16:12:51
SES05748,USR05748,Desktop,East,Email,Home,2,Add to Cart,2025-10-10 03:47:40
SES05749,USR05749,Mobile,North,Google Ads,Electronics,1,Browse,2025-10-25 06:01:16
SES05750,USR05750,Desktop,South,Email,Fashion,2,Add to Cart,2025-10-31 08:12:13
SES05751,USR05751,Tablet,West,Email,Sports,2,Add to Cart,2025-10-26 03:49:39
SES05752,USR05752,Desktop,South,Google Ads,Sports,1,Browse,2025-10-12 16:26:29
SES05753,USR05753,Desktop,South,Organic,Fashion,4,Purchase,2025-10-19 08:45:40
SES05754,USR05754,Desktop,North,Email,Sports,4,Purchase,2025-10-18 12:02:02
SES05755,USR05755,Tablet,West,Organic,Home,1,Browse,2025-10-04 01:39:47
SES05756,USR05756,Tablet,North,Organic,Beauty,3,Checkout,2025-10-21 02:03:25
SES05757,USR05757,Mobile,East,Google Ads,Sports,2,Add to Cart,2025-10-03 18:45:14
SES05758,USR05758,Tablet,South,Social Media,Electronics,2,Add to Cart,2025-10-16 09:26:58
SES05759,USR05759,Tablet,South,Organic,Beauty,1,Browse,2025-10-17 09:41:39
SES05760,USR05760,Tablet,North,Email,Beauty,3,Checkout,2025-10-12 11:57:12
SES05761,USR05761,Tablet,West,Email,Beauty,3,Checkout,2025-10-27 14:15:13
SES05762,USR05762,Desktop,South,Social Media,Fashion,2,Add to Cart,2025-10-25 11:12:14
SES05763,USR05763,Desktop,East,Social Media,Fashion,1,Browse,2025-10-10 00:51:33
SES05764,USR05764,Desktop,West,Social Media,Electronics,3,Checkout,2025-10-23 08:19:43
SES05765,USR05765,Tablet,East,Google Ads,Fashion,3,Checkout,2025-10-29 01:53:07
SES05766,USR05766,Desktop,North,Social Media,Electronics,2,Add to Cart,2025-10-04 05:26:35
SES05767,USR05767,Tablet,West,Google Ads,Beauty,3,Checkout,2025-10-30 16:14:55
SES05768,USR05768,Tablet,South,Social Media,Sports,2,Add to Cart,2025-10-06 04:18:05
SES05769,USR05769,Mobile,East,Email,Sports,4,Purchase,2025-10-28 08:39:31
SES05770,USR05770,Mobile,South,Social Media,Beauty,2,Add to Cart,2025-10-08 18:44:49
SES05771,USR05771,Mobile,East,Google Ads,Fashion,1,Browse,2025-10-28 10:46:38
SES05772,USR05772,Tablet,East,Organic,Fashion,4,Purchase,2025-10-31 05:46:26
SES05773,USR05773,Mobile,West,Google Ads,Home,2,Add to Cart,2025-10-16 10:33:06
SES05774,USR05774,Desktop,West,Google Ads,Fashion,2,Add to Cart,2025-10-22 06:20:55
SES05775,USR05775,Desktop,West,Email,Beauty,2,Add to Cart,2025-10-09 20:08:13
SES05776,USR05776,Mobile,North,Email,Electronics,3,Checkout,2025-10-31 11:01:35
SES05777,USR05777,Mobile,East,Organic,Beauty,4,Purchase,2025-10-27 19:10:40
SES05778,USR05778,Mobile,North,Social Media,Fashion,1,Browse,2025-10-29 12:58:07
SES05779,USR05779,Desktop,East,Social Media,Beauty,2,Add to Cart,2025-10-15 14:29:13
SES05780,USR05780,Tablet,North,Organic,Electronics,1,Browse,2025-10-17 10:33:18
SES05781,USR05781,Mobile,West,Social Media,Electronics,2,Add to Cart,2025-10-05 01:24:10
SES05782,USR05782,Mobile,North,Organic,Electronics,1,Browse,2025-10-23 14:27:18
SES05783,USR05783,Tablet,West,Email,Home,2,Add to Cart,2025-10-28 17:29:46
SES05784,USR05784,Desktop,West,Social Media,Electronics,2,Add to Cart,2025-10-13 21:25:19
SES05785,USR05785,Tablet,South,Google Ads,Fashion,2,Add to Cart,2025-10-17 18:47:39
SES05786,USR05786,Tablet,South,Email,Beauty,1,Browse,2025-10-06 22:04:06
SES05787,USR05787,Desktop,West,Social Media,Fashion,3,Checkout,2025-10-28 00:57:47
SES05788,USR05788,Tablet,South,Social Media,Sports,3,Checkout,2025-10-06 10:41:58
SES05789,USR05789,Mobile,North,Organic,Electronics,3,Checkout,2025-10-18 05:24:32
SES05790,USR05790,Desktop,West,Email,Electronics,1,Browse,2025-10-27 10:37:52
SES05791,USR05791,Desktop,North,Social Media,Home,2,Add to Cart,2025-10-26 07:27:23
SES05792,USR05792,Desktop,North,Google Ads,Home,1,Browse,2025-10-31 10:53:29
SES05793,USR05793,Tablet,South,Social Media,Fashion,3,Checkout,2025-10-11 07:15:45
SES05794,USR05794,Tablet,North,Email,Fashion,2,Add to Cart,2025-10-25 16:37:00
SES05795,USR05795,Desktop,West,Social Media,Sports,1,Browse,2025-10-22 02:41:18
SES05796,USR05796,Mobile,West,Google Ads,Fashion,2,Add to Cart,2025-10-29 07:42:57
SES05797,USR05797,Mobile,South,Social Media,Fashion,4,Purchase,2025-10-09 16:59:05
SES05798,USR05798,Tablet,South,Email,Beauty,3,Checkout,2025-10-11 23:35:51
SES05799,USR05799,Tablet,West,Google Ads,Sports,2,Add to Cart,2025-10-10 18:20:53
SES05800,USR05800,Mobile,East,Organic,Sports,1,Browse,2025-10-23 17:27:14
SES05801,USR05801,Tablet,South,Social Media,Electronics,4,Purchase,2025-10-06 10:52:42
SES05802,USR05802,Tablet,East,Organic,Electronics,2,Add to Cart,2025-10-27 19:34:45
SES05803,USR05803,Mobile,West,Google Ads,Electronics,2,Add to Cart,2025-10-15 13:27:24
SES05804,USR05804,Tablet,East,Email,Sports,2,Add to Cart,2025-10-26 04:12:48
SES05805,USR05805,Desktop,North,Email,Home,1,Browse,2025-10-26 09:45:21
SES05806,USR05806,Mobile,North,Email,Sports,2,Add to Cart,2025-10-30 10:34:48
SES05807,USR05807,Desktop,East,Social Media,Beauty,1,Browse,2025-10-31 18:30:13
SES05808,USR05808,Desktop,South,Social Media,Sports,3,Checkout,2025-10-18 14:25:32
SES05809,USR05809,Desktop,West,Email,Sports,2,Add to Cart,2025-10-28 23:20:43
SES05810,USR05810,Desktop,West,Organic,Electronics,1,Browse,2025-10-04 02:35:58
SES05811,USR05811,Tablet,South,Email,Home,1,Browse,2025-10-11 23:03:41
SES05812,USR05812,Desktop,West,Social Media,Sports,2,Add to Cart,2025-10-13 11:11:25
SES05813,USR05813,Tablet,North,Email,Fashion,2,Add to Cart,2025-10-15 08:17:35
SES05814,USR05814,Tablet,South,Email,Sports,2,Add to Cart,2025-10-18 10:44:35
SES05815,USR05815,Mobile,West,Email,Electronics,2,Add to Cart,2025-10-22 23:10:03
SES05816,USR05816,Mobile,West,Organic,Beauty,1,Browse,2025-10-15 01:15:50
SES05817,USR05817,Tablet,East,Google Ads,Sports,4,Purchase,2025-10-16 02:27:32
SES05818,USR05818,Tablet,North,Google Ads,Sports,1,Browse,2025-10-28 09:52:44
SES05819,USR05819,Tablet,South,Google Ads,Sports,2,Add to Cart,2025-10-02 05:53:32
SES05820,USR05820,Mobile,North,Social Media,Home,1,Browse,2025-10-18 00:58:09
SES05821,USR05821,Mobile,North,Social Media,Home,1,Browse,2025-10-04 13:23:46
SES05822,USR05822,Mobile,West,Organic,Fashion,2,Add to Cart,2025-10-15 13:55:56
SES05823,USR05823,Tablet,South,Email,Sports,2,Add to Cart,2025-10-08 22:07:31
SES05824,USR05824,Mobile,South,Email,Home,2,Add to Cart,2025-10-19 23:07:45
SES05825,USR05825,Tablet,South,Google Ads,Home,2,Add to Cart,2025-10-29 12:18:10
SES05826,USR05826,Desktop,South,Email,Fashion,2,Add to Cart,2025-10-09 11:35:56
SES05827,USR05827,Tablet,North,Social Media,Sports,1,Browse,2025-10-23 11:18:27
SES05828,USR05828,Desktop,North,Social Media,Home,3,Checkout,2025-10-20 07:27:56
SES05829,USR05829,Mobile,North,Organic,Beauty,2,Add to Cart,2025-10-11 06:56:37
SES05830,USR05830,Desktop,East,Google Ads,Fashion,2,Add to Cart,2025-10-26 09:00:17
SES05831,USR05831,Desktop,North,Google Ads,Fashion,3,Checkout,2025-10-17 21:11:19
SES05832,USR05832,Mobile,South,Social Media,Electronics,2,Add to Cart,2025-10-19 07:29:09
SES05833,USR05833,Mobile,East,Google Ads,Fashion,1,Browse,2025-10-16 06:27:35
SES05834,USR05834,Tablet,West,Email,Beauty,2,Add to Cart,2025-10-29 19:46:11
SES05835,USR05835,Desktop,West,Email,Beauty,2,Add to Cart,2025-10-10 01:08:39
SES05836,USR05836,Tablet,West,Email,Home,1,Browse,2025-10-11 08:11:34
SES05837,USR05837,Desktop,North,Social Media,Electronics,1,Browse,2025-10-17 13:52:55
SES05838,USR05838,Desktop,West,Email,Beauty,2,Add to Cart,2025-10-26 08:23:37
SES05839,USR05839,Tablet,North,Google Ads,Beauty,1,Browse,2025-10-26 10:25:22
SES05840,USR05840,Mobile,East,Email,Beauty,3,Checkout,2025-10-20 04:59:49
SES05841,USR05841,Desktop,North,Google Ads,Fashion,2,Add to Cart,2025-10-25 10:33:41
SES05842,USR05842,Desktop,West,Google Ads,Electronics,2,Add to Cart,2025-10-25 11:13:28
SES05843,USR05843,Tablet,North,Google Ads,Home,2,Add to Cart,2025-10-14 14:41:01
SES05844,USR05844,Tablet,South,Organic,Fashion,2,Add to Cart,2025-10-19 12:35:49
SES05845,USR05845,Mobile,West,Google Ads,Beauty,1,Browse,2025-10-21 01:57:00
SES05846,USR05846,Mobile,West,Email,Home,1,Browse,2025-10-22 21:23:44
SES05847,USR05847,Mobile,East,Organic,Fashion,3,Checkout,2025-10-14 21:02:16
SES05848,USR05848,Desktop,South,Organic,Sports,2,Add to Cart,2025-10-04 15:04:06
SES05849,USR05849,Desktop,South,Google Ads,Sports,1,Browse,2025-10-17 06:11:50
SES05850,USR05850,Mobile,South,Social Media,Beauty,1,Browse,2025-10-06 01:32:42
SES05851,USR05851,Mobile,North,Social Media,Electronics,3,Checkout,2025-10-26 15:24:06
SES05852,USR05852,Desktop,West,Social Media,Sports,4,Purchase,2025-10-05 18:37:57
SES05853,USR05853,Desktop,South,Email,Fashion,1,Browse,2025-10-21 12:32:29
SES05854,USR05854,Mobile,East,Email,Fashion,3,Checkout,2025-10-30 23:00:10
SES05855,USR05855,Mobile,West,Email,Fashion,4,Purchase,2025-10-24 17:55:29
SES05856,USR05856,Desktop,West,Social Media,Beauty,3,Checkout,2025-10-23 17:01:08
SES05857,USR05857,Desktop,East,Social Media,Sports,2,Add to Cart,2025-10-15 12:00:28
SES05858,USR05858,Tablet,West,Email,Fashion,3,Checkout,2025-10-21 01:04:40
SES05859,USR05859,Mobile,South,Organic,Home,2,Add to Cart,2025-10-18 23:11:48
SES05860,USR05860,Tablet,West,Social Media,Home,4,Purchase,2025-10-01 23:34:30
SES05861,USR05861,Mobile,North,Google Ads,Sports,2,Add to Cart,2025-10-21 23:01:33
SES05862,USR05862,Tablet,North,Google Ads,Electronics,1,Browse,2025-10-01 23:27:43
SES05863,USR05863,Mobile,South,Google Ads,Home,2,Add to Cart,2025-10-23 14:41:15
SES05864,USR05864,Tablet,South,Google Ads,Sports,2,Add to Cart,2025-10-16 12:16:23
SES05865,USR05865,Mobile,West,Organic,Fashion,1,Browse,2025-10-06 05:15:29
SES05866,USR05866,Tablet,South,Google Ads,Home,1,Browse,2025-10-20 20:28:36
SES05867,USR05867,Tablet,North,Organic,Beauty,2,Add to Cart,2025-10-26 19:24:05
SES05868,USR05868,Tablet,South,Google Ads,Home,1,Browse,2025-10-07 13:53:19
SES05869,USR05869,Mobile,South,Email,Sports,1,Browse,2025-10-23 04:39:04
SES05870,USR05870,Desktop,West,Social Media,Beauty,3,Checkout,2025-10-20 03:26:41
SES05871,USR05871,Desktop,West,Social Media,Home,1,Browse,2025-10-08 13:16:47
SES05872,USR05872,Tablet,West,Organic,Electronics,3,Checkout,2025-10-28 01:28:06
SES05873,USR05873,Mobile,West,Organic,Electronics,3,Checkout,2025-10-10 14:39:04
SES05874,USR05874,Mobile,West,Google Ads,Sports,3,Checkout,2025-10-10 20:42:15
SES05875,USR05875,Tablet,East,Organic,Fashion,4,Purchase,2025-10-17 20:29:50
SES05876,USR05876,Desktop,East,Organic,Fashion,4,Purchase,2025-10-19 03:58:13
SES05877,USR05877,Desktop,South,Organic,Fashion,2,Add to Cart,2025-10-13 16:31:04
SES05878,USR05878,Mobile,East,Organic,Beauty,2,Add to Cart,2025-10-10 12:28:51
SES05879,USR05879,Desktop,North,Google Ads,Beauty,2,Add to Cart,2025-10-22 05:03:32
SES05880,USR05880,Tablet,East,Social Media,Beauty,2,Add to Cart,2025-10-19 15:45:13
SES05881,USR05881,Desktop,East,Google Ads,Beauty,3,Checkout,2025-10-01 20:48:12
SES05882,USR05882,Desktop,South,Email,Home,2,Add to Cart,2025-10-16 19:49:45
SES05883,USR05883,Desktop,East,Organic,Home,2,Add to Cart,2025-10-09 21:52:44
SES05884,USR05884,Tablet,East,Google Ads,Beauty,3,Checkout,2025-10-14 07:08:32
SES05885,USR05885,Mobile,West,Google Ads,Home,4,Purchase,2025-10-12 07:41:15
SES05886,USR05886,Mobile,West,Google Ads,Fashion,2,Add to Cart,2025-10-14 00:59:16
SES05887,USR05887,Tablet,North,Email,Electronics,2,Add to Cart,2025-10-22 08:27:17
SES05888,USR05888,Mobile,West,Social Media,Home,3,Checkout,2025-10-14 14:36:46
SES05889,USR05889,Mobile,East,Social Media,Home,1,Browse,2025-10-28 12:57:09
SES05890,USR05890,Mobile,South,Google Ads,Beauty,3,Checkout,2025-10-15 02:52:50
SES05891,USR05891,Mobile,East,Email,Home,2,Add to Cart,2025-10-08 09:31:32
SES05892,USR05892,Desktop,East,Email,Electronics,1,Browse,2025-10-26 17:59:53
SES05893,USR05893,Tablet,South,Social Media,Home,1,Browse,2025-10-14 22:25:31
SES05894,USR05894,Mobile,East,Organic,Home,1,Browse,2025-10-19 16:30:06
SES05895,USR05895,Desktop,West,Organic,Sports,2,Add to Cart,2025-10-15 20:24:18
SES05896,USR05896,Desktop,East,Organic,Home,4,Purchase,2025-10-26 01:24:58
SES05897,USR05897,Tablet,South,Social Media,Home,2,Add to Cart,2025-10-24 08:36:36
SES05898,USR05898,Desktop,West,Email,Fashion,3,Checkout,2025-10-25 08:35:38
SES05899,USR05899,Desktop,South,Social Media,Fashion,1,Browse,2025-10-12 23:15:47
SES05900,USR05900,Mobile,South,Organic,Home,3,Checkout,2025-10-23 00:19:28
SES05901,USR05901,Desktop,North,Organic,Beauty,2,Add to Cart,2025-10-23 11:25:37
SES05902,USR05902,Mobile,East,Google Ads,Sports,3,Checkout,2025-10-07 11:24:22
SES05903,USR05903,Tablet,North,Social Media,Fashion,1,Browse,2025-10-02 10:14:47
SES05904,USR05904,Mobile,South,Email,Home,2,Add to Cart,2025-10-18 10:46:45
SES05905,USR05905,Desktop,West,Organic,Beauty,1,Browse,2025-10-17 11:43:06
SES05906,USR05906,Tablet,East,Organic,Beauty,2,Add to Cart,2025-10-29 21:43:16
SES05907,USR05907,Desktop,North,Organic,Beauty,2,Add to Cart,2025-10-28 21:30:01
SES05908,USR05908,Mobile,North,Email,Sports,1,Browse,2025-10-10 10:44:20
SES05909,USR05909,Desktop,East,Social Media,Sports,3,Checkout,2025-10-30 19:42:47
SES05910,USR05910,Desktop,South,Google Ads,Sports,3,Checkout,2025-10-28 17:58:19
SES05911,USR05911,Mobile,West,Email,Home,2,Add to Cart,2025-10-14 19:19:43
SES05912,USR05912,Desktop,South,Organic,Fashion,2,Add to Cart,2025-10-10 08:21:30
SES05913,USR05913,Desktop,West,Social Media,Electronics,2,Add to Cart,2025-10-20 23:37:20
SES05914,USR05914,Desktop,South,Google Ads,Sports,4,Purchase,2025-10-24 08:15:36
SES05915,USR05915,Desktop,North,Google Ads,Home,1,Browse,2025-10-26 18:03:53
SES05916,USR05916,Desktop,East,Social Media,Electronics,1,Browse,2025-10-07 22:53:37
SES05917,USR05917,Mobile,East,Social Media,Sports,3,Checkout,2025-10-18 16:31:51
SES05918,USR05918,Desktop,South,Organic,Electronics,2,Add to Cart,2025-10-13 01:47:33
SES05919,USR05919,Tablet,East,Social Media,Home,1,Browse,2025-10-25 21:26:23
SES05920,USR05920,Desktop,West,Organic,Beauty,4,Purchase,2025-10-02 08:28:36
SES05921,USR05921,Mobile,North,Organic,Sports,3,Checkout,2025-10-08 17:09:03
SES05922,USR05922,Desktop,East,Organic,Home,3,Checkout,2025-10-23 03:56:41
SES05923,USR05923,Desktop,South,Email,Beauty,3,Checkout,2025-10-18 12:55:28
SES05924,USR05924,Tablet,East,Email,Beauty,2,Add to Cart,2025-10-28 01:51:54
SES05925,USR05925,Tablet,North,Organic,Beauty,3,Checkout,2025-10-28 12:43:44
SES05926,USR05926,Desktop,North,Email,Home,2,Add to Cart,2025-10-26 19:08:49
SES05927,USR05927,Desktop,North,Google Ads,Beauty,1,Browse,2025-10-13 11:53:33
SES05928,USR05928,Tablet,South,Email,Sports,3,Checkout,2025-10-10 09:34:02
SES05929,USR05929,Mobile,East,Email,Electronics,3,Checkout,2025-10-13 12:13:24
SES05930,USR05930,Tablet,North,Email,Beauty,2,Add to Cart,2025-10-10 06:42:10
SES05931,USR05931,Desktop,North,Organic,Electronics,3,Checkout,2025-10-02 15:06:11
SES05932,USR05932,Tablet,South,Organic,Fashion,3,Checkout,2025-10-20 13:35:33
SES05933,USR05933,Desktop,West,Email,Electronics,1,Browse,2025-10-06 13:28:02
SES05934,USR05934,Desktop,South,Google Ads,Sports,1,Browse,2025-10-03 19:09:56
SES05935,USR05935,Desktop,West,Organic,Beauty,1,Browse,2025-10-27 02:29:15
SES05936,USR05936,Mobile,West,Google Ads,Sports,1,Browse,2025-10-13 13:35:50
SES05937,USR05937,Mobile,West,Organic,Electronics,2,Add to Cart,2025-10-08 01:22:23
SES05938,USR05938,Tablet,South,Organic,Home,1,Browse,2025-10-11 05:22:53
SES05939,USR05939,Tablet,West,Social Media,Beauty,3,Checkout,2025-10-14 14:30:06
SES05940,USR05940,Tablet,North,Google Ads,Fashion,2,Add to Cart,2025-10-22 17:18:22
SES05941,USR05941,Mobile,South,Google Ads,Home,2,Add to Cart,2025-10-11 09:01:12
SES05942,USR05942,Tablet,East,Organic,Fashion,4,Purchase,2025-10-16 08:22:48
SES05943,USR05943,Desktop,North,Social Media,Beauty,2,Add to Cart,2025-10-15 12:54:21
SES05944,USR05944,Tablet,North,Google Ads,Fashion,1,Browse,2025-10-24 10:02:39
SES05945,USR05945,Mobile,East,Email,Electronics,2,Add to Cart,2025-10-21 06:20:08
SES05946,USR05946,Mobile,North,Google Ads,Sports,3,Checkout,2025-10-02 03:50:36
SES05947,USR05947,Tablet,East,Google Ads,Sports,1,Browse,2025-10-21 15:19:12
SES05948,USR05948,Mobile,North,Organic,Fashion,3,Checkout,2025-10-02 22:30:46
SES05949,USR05949,Tablet,East,Organic,Sports,1,Browse,2025-10-20 21:50:55
SES05950,USR05950,Mobile,East,Email,Fashion,2,Add to Cart,2025-10-26 23:37:23
SES05951,USR05951,Desktop,South,Email,Fashion,2,Add to Cart,2025-10-17 19:46:12
SES05952,USR05952,Mobile,North,Social Media,Sports,3,Checkout,2025-10-10 18:47:13
SES05953,USR05953,Desktop,South,Organic,Beauty,1,Browse,2025-10-31 19:21:57
SES05954,USR05954,Tablet,East,Social Media,Electronics,2,Add to Cart,2025-10-17 18:31:10
SES05955,USR05955,Tablet,East,Social Media,Home,4,Purchase,2025-10-22 10:39:46
SES05956,USR05956,Tablet,North,Social Media,Electronics,2,Add to Cart,2025-10-03 07:12:20
SES05957,USR05957,Tablet,South,Organic,Home,1,Browse,2025-10-14 22:18:54
SES05958,USR05958,Mobile,West,Social Media,Electronics,3,Checkout,2025-10-16 16:46:01
SES05959,USR05959,Mobile,West,Organic,Fashion,2,Add to Cart,2025-10-05 04:24:32
SES05960,USR05960,Desktop,East,Social Media,Beauty,1,Browse,2025-10-07 01:59:09
SES05961,USR05961,Tablet,North,Email,Electronics,3,Checkout,2025-10-28 07:51:31
SES05962,USR05962,Mobile,South,Social Media,Fashion,2,Add to Cart,2025-10-02 09:13:50
SES05963,USR05963,Mobile,South,Social Media,Sports,1,Browse,2025-10-15 21:59:43
SES05964,USR05964,Tablet,South,Email,Electronics,2,Add to Cart,2025-10-04 10:54:24
SES05965,USR05965,Tablet,North,Google Ads,Electronics,1,Browse,2025-10-11 05:15:08
SES05966,USR05966,Tablet,West,Social Media,Home,1,Browse,2025-10-13 13:26:59
SES05967,USR05967,Tablet,West,Google Ads,Fashion,2,Add to Cart,2025-10-06 05:45:40
SES05968,USR05968,Tablet,South,Email,Home,1,Browse,2025-10-19 15:07:16
SES05969,USR05969,Tablet,West,Google Ads,Electronics,1,Browse,2025-10-27 22:54:29
SES05970,USR05970,Desktop,East,Organic,Sports,3,Checkout,2025-10-31 18:11:46
SES05971,USR05971,Desktop,North,Social Media,Beauty,1,Browse,2025-10-06 08:57:44
SES05972,USR05972,Desktop,North,Social Media,Beauty,1,Browse,2025-10-13 21:18:55
SES05973,USR05973,Tablet,West,Social Media,Electronics,1,Browse,2025-10-03 02:38:45
SES05974,USR05974,Mobile,South,Organic,Fashion,1,Browse,2025-10-29 16:36:34
SES05975,USR05975,Mobile,South,Organic,Sports,4,Purchase,2025-10-22 23:13:49
SES05976,USR05976,Tablet,South,Google Ads,Home,3,Checkout,2025-10-27 12:37:42
SES05977,USR05977,Mobile,South,Social Media,Sports,2,Add to Cart,2025-10-20 22:06:53
SES05978,USR05978,Tablet,West,Email,Home,2,Add to Cart,2025-10-12 23:48:56
SES05979,USR05979,Desktop,East,Social Media,Beauty,1,Browse,2025-10-22 10:53:13
SES05980,USR05980,Mobile,North,Social Media,Electronics,1,Browse,2025-10-07 19:44:16
SES05981,USR05981,Desktop,South,Organic,Beauty,2,Add to Cart,2025-10-28 03:05:28
SES05982,USR05982,Desktop,North,Social Media,Home,4,Purchase,2025-10-04 04:01:25
SES05983,USR05983,Mobile,West,Google Ads,Sports,2,Add to Cart,2025-10-26 02:38:10
SES05984,USR05984,Tablet,North,Email,Electronics,1,Browse,2025-10-29 22:37:17
SES05985,USR05985,Desktop,West,Email,Fashion,2,Add to Cart,2025-10-29 00:57:14
SES05986,USR05986,Mobile,North,Organic,Electronics,1,Browse,2025-10-13 06:48:06
SES05987,USR05987,Desktop,North,Email,Beauty,3,Checkout,2025-10-06 11:11:10
SES05988,USR05988,Mobile,South,Google Ads,Electronics,4,Purchase,2025-10-24 18:02:48
SES05989,USR05989,Desktop,South,Organic,Sports,3,Checkout,2025-10-14 06:54:40
SES05990,USR05990,Tablet,South,Organic,Home,2,Add to Cart,2025-10-31 13:11:24
SES05991,USR05991,Mobile,West,Social Media,Electronics,1,Browse,2025-10-13 22:49:16
SES05992,USR05992,Mobile,East,Social Media,Home,3,Checkout,2025-10-19 07:22:31
SES05993,USR05993,Desktop,North,Organic,Sports,2,Add to Cart,2025-10-07 01:51:38
SES05994,USR05994,Mobile,East,Email,Beauty,2,Add to Cart,2025-10-12 22:04:28
SES05995,USR05995,Desktop,West,Email,Fashion,1,Browse,2025-10-05 15:17:47
SES05996,USR05996,Tablet,East,Organic,Electronics,3,Checkout,2025-10-10 17:04:54
SES05997,USR05997,Mobile,West,Social Media,Sports,1,Browse,2025-10-11 01:19:38
SES05998,USR05998,Tablet,West,Email,Sports,3,Checkout,2025-10-08 07:37:29
SES05999,USR05999,Tablet,South,Social Media,Beauty,2,Add to Cart,2025-10-20 14:02:01
SES06000,USR06000,Tablet,North,Email,Home,1,Browse,2025-10-08 04:11:46
SES06001,USR06001,Desktop,East,Social Media,Home,2,Add to Cart,2025-10-28 02:16:48
SES06002,USR06002,Tablet,North,Email,Electronics,3,Checkout,2025-10-15 04:25:25
SES06003,USR06003,Desktop,South,Organic,Beauty,3,Checkout,2025-10-06 08:15:48
SES06004,USR06004,Tablet,East,Google Ads,Beauty,2,Add to Cart,2025-10-27 06:08:08
SES06005,USR06005,Mobile,South,Social Media,Fashion,2,Add to Cart,2025-10-28 04:56:09
SES06006,USR06006,Desktop,South,Email,Electronics,3,Checkout,2025-10-21 04:10:09
SES06007,USR06007,Tablet,East,Social Media,Home,1,Browse,2025-10-21 08:15:24
SES06008,USR06008,Mobile,South,Social Media,Sports,1,Browse,2025-10-05 02:00:30
SES06009,USR06009,Desktop,East,Social Media,Home,4,Purchase,2025-10-12 02:20:04
SES06010,USR06010,Desktop,North,Email,Home,2,Add to Cart,2025-10-15 03:17:09
SES06011,USR06011,Desktop,East,Organic,Sports,2,Add to Cart,2025-10-20 05:39:50
SES06012,USR06012,Tablet,West,Google Ads,Electronics,1,Browse,2025-10-31 01:41:50
SES06013,USR06013,Mobile,West,Social Media,Sports,2,Add to Cart,2025-10-04 05:40:08
SES06014,USR06014,Mobile,North,Email,Fashion,2,Add to Cart,2025-10-08 21:28:23
SES06015,USR06015,Desktop,East,Social Media,Fashion,1,Browse,2025-10-29 21:58:23
SES06016,USR06016,Mobile,East,Social Media,Beauty,2,Add to Cart,2025-10-31 10:01:56
SES06017,USR06017,Tablet,East,Organic,Electronics,3,Checkout,2025-10-07 00:26:02
SES06018,USR06018,Desktop,South,Google Ads,Fashion,2,Add to Cart,2025-10-18 13:00:49
SES06019,USR06019,Tablet,North,Social Media,Beauty,3,Checkout,2025-10-23 22:51:07
SES06020,USR06020,Tablet,West,Google Ads,Fashion,1,Browse,2025-10-25 18:37:51
SES06021,USR06021,Desktop,East,Organic,Beauty,2,Add to Cart,2025-10-17 09:46:27
SES06022,USR06022,Tablet,South,Social Media,Electronics,1,Browse,2025-10-05 18:48:49
SES06023,USR06023,Desktop,West,Organic,Home,2,Add to Cart,2025-10-02 02:08:54
SES06024,USR06024,Tablet,South,Email,Home,1,Browse,2025-10-09 17:55:25
SES06025,USR06025,Tablet,North,Organic,Sports,4,Purchase,2025-10-14 14:33:01
SES06026,USR06026,Mobile,South,Email,Fashion,3,Checkout,2025-10-10 21:55:06
SES06027,USR06027,Desktop,North,Organic,Fashion,1,Browse,2025-10-19 23:13:06
SES06028,USR06028,Mobile,North,Google Ads,Beauty,2,Add to Cart,2025-10-11 13:34:23
SES06029,USR06029,Tablet,North,Email,Electronics,1,Browse,2025-10-18 11:01:55
SES06030,USR06030,Desktop,South,Social Media,Sports,1,Browse,2025-10-19 06:24:01
SES06031,USR06031,Tablet,South,Organic,Beauty,3,Checkout,2025-10-04 23:23:01
SES06032,USR06032,Desktop,South,Google Ads,Fashion,3,Checkout,2025-10-27 00:58:10
SES06033,USR06033,Mobile,East,Social Media,Fashion,2,Add to Cart,2025-10-30 23:16:24
SES06034,USR06034,Desktop,South,Google Ads,Electronics,2,Add to Cart,2025-10-19 15:26:22
SES06035,USR06035,Mobile,West,Email,Home,3,Checkout,2025-10-26 12:45:15
SES06036,USR06036,Tablet,East,Email,Beauty,2,Add to Cart,2025-10-23 02:28:45
SES06037,USR06037,Mobile,North,Email,Home,2,Add to Cart,2025-10-28 06:54:05
SES06038,USR06038,Mobile,North,Social Media,Electronics,3,Checkout,2025-10-11 02:13:41
SES06039,USR06039,Desktop,South,Organic,Electronics,2,Add to Cart,2025-10-18 11:14:25
SES06040,USR06040,Tablet,South,Organic,Home,3,Checkout,2025-10-21 08:31:01
SES06041,USR06041,Mobile,South,Social Media,Fashion,1,Browse,2025-10-22 11:12:48
SES06042,USR06042,Mobile,South,Google Ads,Electronics,2,Add to Cart,2025-10-31 11:14:54
SES06043,USR06043,Desktop,West,Google Ads,Beauty,2,Add to Cart,2025-10-02 13:56:15
SES06044,USR06044,Mobile,East,Organic,Fashion,2,Add to Cart,2025-10-14 00:23:22
SES06045,USR06045,Desktop,North,Organic,Home,4,Purchase,2025-10-08 20:05:42
SES06046,USR06046,Mobile,South,Google Ads,Home,3,Checkout,2025-10-21 19:27:48
SES06047,USR06047,Desktop,East,Google Ads,Fashion,2,Add to Cart,2025-10-19 00:43:10
SES06048,USR06048,Desktop,South,Social Media,Sports,2,Add to Cart,2025-10-02 18:54:16
SES06049,USR06049,Desktop,West,Email,Electronics,2,Add to Cart,2025-10-07 21:32:12
SES06050,USR06050,Mobile,West,Organic,Home,3,Checkout,2025-10-25 23:03:00
SES06051,USR06051,Mobile,East,Social Media,Beauty,2,Add to Cart,2025-10-10 11:08:22
SES06052,USR06052,Mobile,North,Google Ads,Electronics,3,Checkout,2025-10-24 07:10:36
SES06053,USR06053,Desktop,East,Email,Fashion,2,Add to Cart,2025-10-10 07:16:24
SES06054,USR06054,Mobile,East,Google Ads,Fashion,4,Purchase,2025-10-16 10:36:42
SES06055,USR06055,Tablet,West,Email,Electronics,1,Browse,2025-10-04 22:05:42
SES06056,USR06056,Tablet,South,Organic,Fashion,1,Browse,2025-10-27 08:57:37
SES06057,USR06057,Mobile,South,Email,Home,2,Add to Cart,2025-10-17 14:37:06
SES06058,USR06058,Mobile,South,Google Ads,Home,2,Add to Cart,2025-10-01 23:00:27
SES06059,USR06059,Desktop,North,Social Media,Home,3,Checkout,2025-10-25 14:00:10
SES06060,USR06060,Desktop,West,Email,Fashion,2,Add to Cart,2025-10-11 04:26:06
SES06061,USR06061,Tablet,West,Email,Home,1,Browse,2025-10-21 13:49:28
SES06062,USR06062,Mobile,West,Google Ads,Electronics,3,Checkout,2025-10-07 03:22:15
SES06063,USR06063,Mobile,North,Email,Beauty,1,Browse,2025-10-02 12:42:43
SES06064,USR06064,Tablet,South,Google Ads,Fashion,2,Add to Cart,2025-10-15 10:02:26
SES06065,USR06065,Desktop,South,Google Ads,Home,1,Browse,2025-10-04 12:39:23
SES06066,USR06066,Tablet,North,Organic,Sports,1,Browse,2025-10-29 05:56:58
SES06067,USR06067,Desktop,North,Google Ads,Home,1,Browse,2025-10-23 06:55:07
SES06068,USR06068,Tablet,South,Google Ads,Home,1,Browse,2025-10-06 20:53:22
SES06069,USR06069,Mobile,South,Organic,Fashion,1,Browse,2025-10-06 19:08:51
SES06070,USR06070,Tablet,East,Organic,Fashion,1,Browse,2025-10-27 23:09:37
SES06071,USR06071,Mobile,South,Email,Fashion,3,Checkout,2025-10-21 16:16:59
SES06072,USR06072,Mobile,North,Organic,Beauty,3,Checkout,2025-10-29 18:28:36
SES06073,USR06073,Desktop,West,Social Media,Fashion,1,Browse,2025-10-06 16:05:29
SES06074,USR06074,Mobile,West,Email,Sports,3,Checkout,2025-10-08 16:51:34
SES06075,USR06075,Desktop,West,Google Ads,Home,1,Browse,2025-10-22 06:11:47
SES06076,USR06076,Desktop,East,Organic,Fashion,1,Browse,2025-10-25 22:12:58
SES06077,USR06077,Desktop,South,Google Ads,Home,3,Checkout,2025-10-31 15:13:53
SES06078,USR06078,Mobile,South,Email,Home,3,Checkout,2025-10-13 05:20:47
SES06079,USR06079,Mobile,North,Organic,Home,1,Browse,2025-10-26 20:53:48
SES06080,USR06080,Desktop,West,Social Media,Fashion,2,Add to Cart,2025-10-08 07:13:48
SES06081,USR06081,Desktop,South,Social Media,Home,1,Browse,2025-10-28 02:39:39
SES06082,USR06082,Desktop,East,Email,Home,3,Checkout,2025-10-14 13:03:29
SES06083,USR06083,Tablet,South,Organic,Beauty,3,Checkout,2025-10-05 07:58:51
SES06084,USR06084,Tablet,North,Social Media,Electronics,2,Add to Cart,2025-10-08 05:18:02
SES06085,USR06085,Mobile,West,Google Ads,Electronics,2,Add to Cart,2025-10-19 12:46:51
SES06086,USR06086,Desktop,East,Social Media,Home,1,Browse,2025-10-15 01:04:26
SES06087,USR06087,Desktop,West,Email,Sports,1,Browse,2025-10-18 10:32:37
SES06088,USR06088,Desktop,South,Google Ads,Sports,3,Checkout,2025-10-08 09:57:00
SES06089,USR06089,Desktop,South,Google Ads,Electronics,2,Add to Cart,2025-10-08 22:39:00
SES06090,USR06090,Tablet,North,Social Media,Electronics,4,Purchase,2025-10-23 07:12:12
SES06091,USR06091,Tablet,East,Social Media,Sports,2,Add to Cart,2025-10-13 12:14:03
SES06092,USR06092,Mobile,West,Email,Fashion,4,Purchase,2025-10-20 13:29:35
SES06093,USR06093,Tablet,West,Organic,Fashion,3,Checkout,2025-10-14 20:56:43
SES06094,USR06094,Tablet,South,Social Media,Electronics,2,Add to Cart,2025-10-25 00:27:57
SES06095,USR06095,Desktop,West,Google Ads,Electronics,1,Browse,2025-10-17 09:58:39
SES06096,USR06096,Tablet,West,Email,Fashion,2,Add to Cart,2025-10-07 14:24:29
SES06097,USR06097,Mobile,West,Social Media,Fashion,4,Purchase,2025-10-09 19:19:17
SES06098,USR06098,Tablet,East,Google Ads,Electronics,2,Add to Cart,2025-10-04 02:09:32
SES06099,USR06099,Desktop,East,Organic,Beauty,1,Browse,2025-10-15 10:43:11
SES06100,USR06100,Tablet,South,Google Ads,Electronics,3,Checkout,2025-10-30 18:09:18
SES06101,USR06101,Mobile,East,Google Ads,Home,2,Add to Cart,2025-10-31 04:41:17
SES06102,USR06102,Tablet,North,Organic,Sports,2,Add to Cart,2025-10-03 18:10:56
SES06103,USR06103,Mobile,West,Email,Fashion,4,Purchase,2025-10-19 23:07:51
SES06104,USR06104,Tablet,South,Google Ads,Sports,3,Checkout,2025-10-30 01:42:51
SES06105,USR06105,Tablet,East,Organic,Beauty,1,Browse,2025-10-15 08:44:15
SES06106,USR06106,Mobile,East,Google Ads,Sports,4,Purchase,2025-10-11 21:41:33
SES06107,USR06107,Mobile,East,Email,Fashion,3,Checkout,2025-10-05 12:32:53
SES06108,USR06108,Mobile,North,Social Media,Sports,3,Checkout,2025-10-18 10:22:35
SES06109,USR06109,Tablet,East,Organic,Fashion,1,Browse,2025-10-18 05:19:57
SES06110,USR06110,Mobile,West,Google Ads,Electronics,3,Checkout,2025-10-13 07:47:49
SES06111,USR06111,Tablet,South,Email,Beauty,2,Add to Cart,2025-10-30 09:21:37
SES06112,USR06112,Desktop,North,Organic,Home,3,Checkout,2025-10-22 14:46:23
SES06113,USR06113,Tablet,West,Organic,Sports,4,Purchase,2025-10-18 08:49:33
SES06114,USR06114,Tablet,South,Organic,Home,2,Add to Cart,2025-10-21 18:00:08
SES06115,USR06115,Desktop,West,Organic,Electronics,2,Add to Cart,2025-10-13 10:57:03
SES06116,USR06116,Tablet,North,Google Ads,Electronics,1,Browse,2025-10-20 16:49:22
SES06117,USR06117,Mobile,South,Organic,Home,1,Browse,2025-10-29 04:02:21
SES06118,USR06118,Mobile,South,Email,Beauty,4,Purchase,2025-10-31 12:31:22
SES06119,USR06119,Desktop,East,Google Ads,Beauty,3,Checkout,2025-10-28 22:06:13
SES06120,USR06120,Mobile,South,Social Media,Sports,2,Add to Cart,2025-10-11 20:45:11
SES06121,USR06121,Mobile,South,Social Media,Fashion,2,Add to Cart,2025-10-17 09:44:19
SES06122,USR06122,Mobile,North,Google Ads,Electronics,2,Add to Cart,2025-10-12 07:27:55
SES06123,USR06123,Mobile,South,Google Ads,Beauty,2,Add to Cart,2025-10-29 23:31:33
SES06124,USR06124,Mobile,West,Social Media,Fashion,2,Add to Cart,2025-10-15 09:58:02
SES06125,USR06125,Mobile,South,Social Media,Home,4,Purchase,2025-10-26 00:53:37
SES06126,USR06126,Mobile,South,Organic,Sports,2,Add to Cart,2025-10-31 03:39:23
SES06127,USR06127,Tablet,North,Organic,Home,3,Checkout,2025-10-25 05:10:14
SES06128,USR06128,Mobile,West,Email,Sports,1,Browse,2025-10-22 04:13:40
SES06129,USR06129,Tablet,South,Social Media,Fashion,2,Add to Cart,2025-10-29 21:52:10
SES06130,USR06130,Tablet,South,Google Ads,Home,3,Checkout,2025-10-15 14:19:42
SES06131,USR06131,Tablet,West,Google Ads,Electronics,2,Add to Cart,2025-10-13 15:48:22
SES06132,USR06132,Tablet,South,Email,Electronics,1,Browse,2025-10-30 01:38:12
SES06133,USR06133,Tablet,North,Organic,Sports,1,Browse,2025-10-14 13:34:46
SES06134,USR06134,Tablet,West,Organic,Electronics,1,Browse,2025-10-01 20:16:29
SES06135,USR06135,Mobile,North,Social Media,Home,1,Browse,2025-10-20 08:36:49
SES06136,USR06136,Desktop,North,Email,Fashion,1,Browse,2025-10-20 19:59:58
SES06137,USR06137,Mobile,West,Social Media,Sports,2,Add to Cart,2025-10-14 22:52:18
SES06138,USR06138,Tablet,South,Google Ads,Fashion,4,Purchase,2025-10-14 08:24:55
SES06139,USR06139,Tablet,North,Organic,Electronics,2,Add to Cart,2025-10-18 19:20:57
SES06140,USR06140,Mobile,North,Social Media,Electronics,3,Checkout,2025-10-04 18:31:35
SES06141,USR06141,Desktop,South,Organic,Sports,2,Add to Cart,2025-10-29 21:28:00
SES06142,USR06142,Tablet,South,Social Media,Sports,1,Browse,2025-10-26 16:29:35
SES06143,USR06143,Tablet,West,Google Ads,Fashion,2,Add to Cart,2025-10-30 09:40:21
SES06144,USR06144,Tablet,West,Social Media,Sports,3,Checkout,2025-10-10 11:10:50
SES06145,USR06145,Desktop,South,Social Media,Home,1,Browse,2025-10-30 18:29:41
SES06146,USR06146,Desktop,North,Email,Home,3,Checkout,2025-10-09 04:29:53
SES06147,USR06147,Desktop,North,Email,Electronics,1,Browse,2025-10-02 21:51:02
SES06148,USR06148,Mobile,East,Google Ads,Home,1,Browse,2025-10-04 12:02:24
SES06149,USR06149,Mobile,North,Google Ads,Home,3,Checkout,2025-10-27 14:27:21
SES06150,USR06150,Desktop,South,Social Media,Sports,3,Checkout,2025-10-16 10:01:32
SES06151,USR06151,Desktop,East,Organic,Home,1,Browse,2025-10-07 12:22:56
SES06152,USR06152,Tablet,East,Email,Home,4,Purchase,2025-10-19 07:10:11
SES06153,USR06153,Mobile,East,Social Media,Sports,1,Browse,2025-10-13 14:09:01
SES06154,USR06154,Desktop,South,Email,Home,3,Checkout,2025-10-10 03:12:34
SES06155,USR06155,Tablet,East,Social Media,Electronics,2,Add to Cart,2025-10-10 03:41:31
SES06156,USR06156,Mobile,East,Organic,Sports,4,Purchase,2025-10-14 18:00:55
SES06157,USR06157,Desktop,West,Email,Sports,1,Browse,2025-10-13 01:51:55
SES06158,USR06158,Mobile,West,Social Media,Beauty,2,Add to Cart,2025-10-31 11:02:31
SES06159,USR06159,Tablet,East,Social Media,Fashion,3,Checkout,2025-10-12 20:37:40
SES06160,USR06160,Tablet,North,Google Ads,Electronics,3,Checkout,2025-10-18 04:37:01
SES06161,USR06161,Mobile,North,Email,Sports,3,Checkout,2025-10-26 04:22:03
SES06162,USR06162,Mobile,North,Google Ads,Sports,2,Add to Cart,2025-10-17 08:11:28
SES06163,USR06163,Mobile,East,Google Ads,Sports,3,Checkout,2025-10-26 05:38:14
SES06164,USR06164,Mobile,West,Social Media,Sports,1,Browse,2025-10-25 22:38:18
SES06165,USR06165,Mobile,West,Social Media,Electronics,3,Checkout,2025-10-28 02:00:15
SES06166,USR06166,Tablet,North,Social Media,Home,2,Add to Cart,2025-10-17 08:29:55
SES06167,USR06167,Desktop,South,Organic,Home,4,Purchase,2025-10-27 05:04:30
SES06168,USR06168,Desktop,South,Organic,Sports,3,Checkout,2025-10-12 12:09:58
SES06169,USR06169,Desktop,North,Email,Home,1,Browse,2025-10-11 02:03:49
SES06170,USR06170,Desktop,North,Email,Home,2,Add to Cart,2025-10-21 22:22:57
SES06171,USR06171,Tablet,South,Social Media,Beauty,3,Checkout,2025-10-08 13:32:25
SES06172,USR06172,Tablet,West,Google Ads,Fashion,3,Checkout,2025-10-31 09:17:26
SES06173,USR06173,Tablet,North,Social Media,Fashion,3,Checkout,2025-10-18 23:11:57
SES06174,USR06174,Desktop,West,Google Ads,Home,1,Browse,2025-10-20 07:14:46
SES06175,USR06175,Tablet,North,Email,Sports,3,Checkout,2025-10-19 15:04:50
SES06176,USR06176,Tablet,East,Email,Beauty,1,Browse,2025-10-02 09:56:14
SES06177,USR06177,Tablet,South,Social Media,Home,2,Add to Cart,2025-10-28 14:49:11
SES06178,USR06178,Desktop,North,Google Ads,Electronics,2,Add to Cart,2025-10-14 11:03:55
SES06179,USR06179,Desktop,East,Email,Fashion,3,Checkout,2025-10-19 14:40:59
SES06180,USR06180,Desktop,East,Google Ads,Home,1,Browse,2025-10-25 00:38:23
SES06181,USR06181,Mobile,North,Google Ads,Home,2,Add to Cart,2025-10-25 16:37:37
SES06182,USR06182,Desktop,North,Email,Electronics,3,Checkout,2025-10-22 22:15:59
SES06183,USR06183,Mobile,West,Google Ads,Sports,3,Checkout,2025-10-26 18:17:45
SES06184,USR06184,Desktop,West,Organic,Home,3,Checkout,2025-10-19 21:29:11
SES06185,USR06185,Desktop,East,Organic,Fashion,2,Add to Cart,2025-10-02 19:16:03
SES06186,USR06186,Mobile,South,Organic,Home,2,Add to Cart,2025-10-31 07:41:54
SES06187,USR06187,Mobile,West,Google Ads,Fashion,3,Checkout,2025-10-20 14:25:35
SES06188,USR06188,Tablet,South,Google Ads,Electronics,2,Add to Cart,2025-10-11 11:19:22
SES06189,USR06189,Tablet,South,Organic,Home,3,Checkout,2025-10-17 10:34:37
SES06190,USR06190,Mobile,North,Google Ads,Beauty,2,Add to Cart,2025-10-15 06:45:13
SES06191,USR06191,Tablet,South,Organic,Fashion,2,Add to Cart,2025-10-18 17:53:41
SES06192,USR06192,Tablet,South,Organic,Beauty,2,Add to Cart,2025-10-03 06:39:15
SES06193,USR06193,Desktop,North,Google Ads,Sports,1,Browse,2025-10-01 23:37:41
SES06194,USR06194,Mobile,West,Email,Beauty,1,Browse,2025-10-18 13:54:38
SES06195,USR06195,Mobile,West,Social Media,Sports,1,Browse,2025-10-07 04:37:24
SES06196,USR06196,Tablet,West,Google Ads,Home,2,Add to Cart,2025-10-14 12:28:22
SES06197,USR06197,Desktop,North,Social Media,Electronics,3,Checkout,2025-10-13 14:20:36
SES06198,USR06198,Desktop,South,Social Media,Electronics,2,Add to Cart,2025-10-05 03:43:16
SES06199,USR06199,Mobile,West,Social Media,Sports,3,Checkout,2025-10-11 12:18:42
SES06200,USR06200,Desktop,East,Social Media,Sports,4,Purchase,2025-10-12 18:20:30
SES06201,USR06201,Mobile,West,Email,Fashion,2,Add to Cart,2025-10-12 15:36:13
SES06202,USR06202,Desktop,East,Social Media,Beauty,2,Add to Cart,2025-10-10 16:31:51
SES06203,USR06203,Mobile,East,Social Media,Fashion,2,Add to Cart,2025-10-16 14:56:46
SES06204,USR06204,Mobile,North,Organic,Beauty,1,Browse,2025-10-04 13:02:41
SES06205,USR06205,Desktop,West,Organic,Electronics,2,Add to Cart,2025-10-30 05:27:54
SES06206,USR06206,Tablet,East,Email,Beauty,2,Add to Cart,2025-10-25 10:51:38
SES06207,USR06207,Desktop,West,Social Media,Sports,1,Browse,2025-10-22 20:35:40
SES06208,USR06208,Mobile,South,Email,Electronics,3,Checkout,2025-10-18 07:46:08
SES06209,USR06209,Mobile,West,Social Media,Sports,3,Checkout,2025-10-28 15:28:28
SES06210,USR06210,Desktop,South,Organic,Electronics,2,Add to Cart,2025-10-16 02:38:12
SES06211,USR06211,Desktop,North,Email,Fashion,2,Add to Cart,2025-10-12 06:02:58
SES06212,USR06212,Mobile,West,Google Ads,Beauty,1,Browse,2025-10-23 17:14:11
SES06213,USR06213,Tablet,South,Organic,Sports,1,Browse,2025-10-12 11:19:35
SES06214,USR06214,Mobile,West,Social Media,Sports,2,Add to Cart,2025-10-12 01:35:37
SES06215,USR06215,Mobile,North,Organic,Beauty,3,Checkout,2025-10-25 18:53:28
SES06216,USR06216,Tablet,West,Social Media,Sports,3,Checkout,2025-10-30 04:20:46
SES06217,USR06217,Tablet,South,Google Ads,Home,4,Purchase,2025-10-25 12:01:19
SES06218,USR06218,Mobile,West,Google Ads,Beauty,3,Checkout,2025-10-31 16:33:10
SES06219,USR06219,Desktop,West,Email,Electronics,3,Checkout,2025-10-03 14:55:50
SES06220,USR06220,Tablet,West,Google Ads,Electronics,3,Checkout,2025-10-07 03:06:23
SES06221,USR06221,Mobile,West,Email,Home,3,Checkout,2025-10-11 01:30:17
SES06222,USR06222,Mobile,East,Social Media,Electronics,3,Checkout,2025-10-25 14:56:59
SES06223,USR06223,Mobile,South,Organic,Fashion,3,Checkout,2025-10-11 11:55:26
SES06224,USR06224,Mobile,West,Organic,Electronics,1,Browse,2025-10-15 00:25:49
SES06225,USR06225,Mobile,West,Email,Beauty,4,Purchase,2025-10-06 19:13:22
SES06226,USR06226,Tablet,North,Organic,Sports,1,Browse,2025-10-18 23:11:38
SES06227,USR06227,Tablet,East,Social Media,Fashion,1,Browse,2025-10-06 17:48:14
SES06228,USR06228,Mobile,East,Email,Sports,1,Browse,2025-10-14 03:13:57
SES06229,USR06229,Tablet,West,Organic,Electronics,2,Add to Cart,2025-10-12 08:40:40
SES06230,USR06230,Mobile,South,Social Media,Electronics,3,Checkout,2025-10-14 11:28:00
SES06231,USR06231,Mobile,West,Email,Home,1,Browse,2025-10-06 01:46:48
SES06232,USR06232,Desktop,East,Google Ads,Electronics,4,Purchase,2025-10-02 16:47:29
SES06233,USR06233,Mobile,West,Google Ads,Beauty,2,Add to Cart,2025-10-07 00:48:58
SES06234,USR06234,Desktop,East,Email,Electronics,1,Browse,2025-10-09 14:08:44
SES06235,USR06235,Tablet,West,Google Ads,Electronics,2,Add to Cart,2025-10-24 14:35:31
SES06236,USR06236,Tablet,North,Social Media,Fashion,3,Checkout,2025-10-25 04:57:51
SES06237,USR06237,Desktop,East,Google Ads,Beauty,1,Browse,2025-10-14 21:56:06
SES06238,USR06238,Desktop,West,Email,Home,2,Add to Cart,2025-10-21 01:26:50
SES06239,USR06239,Tablet,South,Email,Beauty,2,Add to Cart,2025-10-05 02:35:48
SES06240,USR06240,Mobile,South,Organic,Sports,2,Add to Cart,2025-10-21 02:45:15
SES06241,USR06241,Desktop,South,Email,Electronics,1,Browse,2025-10-15 00:17:37
SES06242,USR06242,Tablet,West,Social Media,Home,2,Add to Cart,2025-10-13 20:12:04
SES06243,USR06243,Tablet,North,Social Media,Beauty,2,Add to Cart,2025-10-23 14:15:14
SES06244,USR06244,Mobile,East,Organic,Electronics,2,Add to Cart,2025-10-31 10:19:23
SES06245,USR06245,Tablet,East,Google Ads,Electronics,3,Checkout,2025-10-18 01:29:35
SES06246,USR06246,Desktop,North,Organic,Home,4,Purchase,2025-10-28 20:15:53
SES06247,USR06247,Mobile,East,Organic,Fashion,3,Checkout,2025-10-02 21:56:08
SES06248,USR06248,Desktop,East,Email,Sports,1,Browse,2025-10-18 07:44:34
SES06249,USR06249,Desktop,East,Google Ads,Sports,1,Browse,2025-10-08 19:23:32
SES06250,USR06250,Desktop,East,Google Ads,Fashion,1,Browse,2025-10-04 01:31:30
SES06251,USR06251,Mobile,West,Social Media,Home,2,Add to Cart,2025-10-09 10:07:45
SES06252,USR06252,Desktop,West,Organic,Home,1,Browse,2025-10-08 18:16:04
SES06253,USR06253,Desktop,South,Organic,Sports,2,Add to Cart,2025-10-29 21:19:33
SES06254,USR06254,Tablet,South,Organic,Fashion,3,Checkout,2025-10-26 23:07:18
SES06255,USR06255,Desktop,South,Social Media,Home,3,Checkout,2025-10-21 08:15:31
SES06256,USR06256,Mobile,West,Google Ads,Beauty,3,Checkout,2025-10-18 10:37:11
SES06257,USR06257,Mobile,North,Organic,Electronics,4,Purchase,2025-10-29 01:44:27
SES06258,USR06258,Tablet,East,Google Ads,Fashion,1,Browse,2025-10-10 10:48:05
SES06259,USR06259,Mobile,West,Social Media,Sports,3,Checkout,2025-10-22 00:10:44
SES06260,USR06260,Desktop,West,Social Media,Electronics,4,Purchase,2025-10-23 20:00:01
SES06261,USR06261,Mobile,North,Email,Electronics,1,Browse,2025-10-04 17:33:20
SES06262,USR06262,Mobile,West,Organic,Home,3,Checkout,2025-10-21 07:42:37
SES06263,USR06263,Tablet,North,Google Ads,Home,2,Add to Cart,2025-10-17 10:02:31
SES06264,USR06264,Mobile,South,Organic,Electronics,1,Browse,2025-10-10 15:33:25
SES06265,USR06265,Tablet,South,Email,Beauty,2,Add to Cart,2025-10-22 06:11:59
SES06266,USR06266,Desktop,North,Organic,Home,3,Checkout,2025-10-08 12:44:27
SES06267,USR06267,Mobile,South,Email,Fashion,2,Add to Cart,2025-10-14 19:40:43
SES06268,USR06268,Desktop,North,Email,Sports,1,Browse,2025-10-30 20:15:11
SES06269,USR06269,Tablet,North,Organic,Beauty,4,Purchase,2025-10-13 17:54:01
SES06270,USR06270,Mobile,East,Email,Electronics,2,Add to Cart,2025-10-20 18:05:27
SES06271,USR06271,Tablet,East,Organic,Electronics,2,Add to Cart,2025-10-17 15:43:14
SES06272,USR06272,Desktop,South,Email,Home,3,Checkout,2025-10-18 06:48:03
SES06273,USR06273,Desktop,East,Social Media,Home,4,Purchase,2025-10-11 01:50:02
SES06274,USR06274,Desktop,South,Organic,Electronics,4,Purchase,2025-10-26 19:34:03
SES06275,USR06275,Mobile,East,Email,Beauty,2,Add to Cart,2025-10-06 22:57:48
SES06276,USR06276,Tablet,North,Google Ads,Fashion,2,Add to Cart,2025-10-09 10:02:46
SES06277,USR06277,Tablet,North,Google Ads,Electronics,3,Checkout,2025-10-30 06:40:44
SES06278,USR06278,Mobile,West,Organic,Sports,3,Checkout,2025-10-11 07:23:37
SES06279,USR06279,Desktop,South,Email,Beauty,2,Add to Cart,2025-10-11 09:21:19
SES06280,USR06280,Tablet,North,Social Media,Sports,1,Browse,2025-10-26 06:45:32
SES06281,USR06281,Tablet,South,Email,Sports,2,Add to Cart,2025-10-20 18:43:10
SES06282,USR06282,Tablet,South,Social Media,Sports,2,Add to Cart,2025-10-03 13:08:40
SES06283,USR06283,Tablet,West,Organic,Sports,1,Browse,2025-10-21 19:46:40
SES06284,USR06284,Tablet,North,Social Media,Fashion,2,Add to Cart,2025-10-19 08:10:11
SES06285,USR06285,Mobile,West,Google Ads,Sports,2,Add to Cart,2025-10-27 07:26:57
SES06286,USR06286,Tablet,North,Email,Beauty,1,Browse,2025-10-05 16:29:17
SES06287,USR06287,Mobile,South,Social Media,Beauty,3,Checkout,2025-10-08 17:06:33
SES06288,USR06288,Desktop,East,Email,Home,1,Browse,2025-10-08 05:32:04
SES06289,USR06289,Desktop,North,Google Ads,Beauty,1,Browse,2025-10-10 02:58:16
SES06290,USR06290,Desktop,West,Social Media,Electronics,4,Purchase,2025-10-06 20:30:30
SES06291,USR06291,Desktop,North,Google Ads,Fashion,2,Add to Cart,2025-10-25 09:11:03
SES06292,USR06292,Desktop,West,Email,Home,3,Checkout,2025-10-22 14:47:48
SES06293,USR06293,Mobile,North,Email,Electronics,2,Add to Cart,2025-10-29 15:55:16
SES06294,USR06294,Desktop,South,Social Media,Fashion,1,Browse,2025-10-24 19:10:03
SES06295,USR06295,Desktop,West,Google Ads,Electronics,1,Browse,2025-10-23 17:26:49
SES06296,USR06296,Mobile,East,Organic,Beauty,4,Purchase,2025-10-28 00:26:43
SES06297,USR06297,Desktop,North,Organic,Fashion,2,Add to Cart,2025-10-12 21:09:43
SES06298,USR06298,Tablet,South,Email,Sports,2,Add to Cart,2025-10-29 15:10:45
SES06299,USR06299,Mobile,North,Google Ads,Sports,2,Add to Cart,2025-10-18 03:50:35
SES06300,USR06300,Desktop,West,Social Media,Fashion,3,Checkout,2025-10-17 00:14:31
SES06301,USR06301,Mobile,West,Organic,Beauty,2,Add to Cart,2025-10-23 01:02:28
SES06302,USR06302,Desktop,West,Email,Electronics,2,Add to Cart,2025-10-09 23:32:30
SES06303,USR06303,Desktop,West,Organic,Electronics,1,Browse,2025-10-07 12:06:21
SES06304,USR06304,Tablet,North,Organic,Electronics,1,Browse,2025-10-09 19:53:57
SES06305,USR06305,Tablet,East,Google Ads,Home,1,Browse,2025-10-16 00:53:40
SES06306,USR06306,Tablet,East,Email,Home,1,Browse,2025-10-07 02:32:46
SES06307,USR06307,Tablet,East,Organic,Electronics,1,Browse,2025-10-24 15:22:42
SES06308,USR06308,Desktop,North,Google Ads,Home,2,Add to Cart,2025-10-17 05:09:03
SES06309,USR06309,Desktop,South,Email,Beauty,2,Add to Cart,2025-10-08 07:34:19
SES06310,USR06310,Mobile,North,Social Media,Beauty,2,Add to Cart,2025-10-06 17:16:28
SES06311,USR06311,Mobile,East,Social Media,Home,1,Browse,2025-10-26 12:30:45
SES06312,USR06312,Tablet,East,Google Ads,Fashion,3,Checkout,2025-10-29 06:05:34
SES06313,USR06313,Mobile,West,Email,Sports,4,Purchase,2025-10-17 02:54:19
SES06314,USR06314,Desktop,North,Organic,Sports,2,Add to Cart,2025-10-25 03:03:27
SES06315,USR06315,Desktop,East,Organic,Electronics,1,Browse,2025-10-28 12:08:51
SES06316,USR06316,Desktop,East,Google Ads,Fashion,3,Checkout,2025-10-04 23:47:27
SES06317,USR06317,Desktop,East,Social Media,Fashion,3,Checkout,2025-10-13 10:31:16
SES06318,USR06318,Mobile,South,Social Media,Sports,4,Purchase,2025-10-04 14:59:32
SES06319,USR06319,Tablet,North,Google Ads,Electronics,4,Purchase,2025-10-02 10:17:12
SES06320,USR06320,Tablet,North,Social Media,Sports,3,Checkout,2025-10-02 10:18:44
SES06321,USR06321,Mobile,West,Social Media,Sports,4,Purchase,2025-10-06 07:59:38
SES06322,USR06322,Tablet,North,Organic,Electronics,1,Browse,2025-10-10 00:37:40
SES06323,USR06323,Tablet,East,Organic,Sports,2,Add to Cart,2025-10-13 21:52:00
SES06324,USR06324,Tablet,East,Organic,Electronics,2,Add to Cart,2025-10-31 08:32:28
SES06325,USR06325,Desktop,West,Social Media,Sports,1,Browse,2025-10-20 16:55:40
SES06326,USR06326,Mobile,East,Google Ads,Fashion,4,Purchase,2025-10-19 16:51:14
SES06327,USR06327,Desktop,West,Social Media,Sports,1,Browse,2025-10-20 10:45:24
SES06328,USR06328,Desktop,West,Google Ads,Sports,2,Add to Cart,2025-10-08 08:17:33
SES06329,USR06329,Tablet,West,Organic,Fashion,2,Add to Cart,2025-10-31 04:11:08
SES06330,USR06330,Mobile,South,Google Ads,Beauty,2,Add to Cart,2025-10-24 20:03:12
SES06331,USR06331,Mobile,South,Email,Home,2,Add to Cart,2025-10-16 10:44:18
SES06332,USR06332,Desktop,East,Google Ads,Sports,2,Add to Cart,2025-10-19 04:32:44
SES06333,USR06333,Desktop,North,Email,Electronics,2,Add to Cart,2025-10-17 23:33:11
SES06334,USR06334,Desktop,East,Email,Electronics,4,Purchase,2025-10-02 13:33:43
SES06335,USR06335,Tablet,North,Social Media,Fashion,2,Add to Cart,2025-10-28 03:49:24
SES06336,USR06336,Desktop,North,Social Media,Electronics,1,Browse,2025-10-05 06:56:33
SES06337,USR06337,Desktop,North,Social Media,Electronics,1,Browse,2025-10-08 18:26:02
SES06338,USR06338,Mobile,West,Organic,Sports,2,Add to Cart,2025-10-29 14:07:04
SES06339,USR06339,Tablet,South,Email,Home,3,Checkout,2025-10-04 17:38:47
SES06340,USR06340,Mobile,West,Email,Electronics,2,Add to Cart,2025-10-25 10:59:58
SES06341,USR06341,Mobile,South,Email,Beauty,1,Browse,2025-10-03 04:08:56
SES06342,USR06342,Desktop,East,Google Ads,Home,1,Browse,2025-10-06 18:26:15
SES06343,USR06343,Tablet,East,Organic,Sports,1,Browse,2025-10-16 10:24:22
SES06344,USR06344,Mobile,South,Organic,Home,2,Add to Cart,2025-10-12 00:43:19
SES06345,USR06345,Desktop,South,Google Ads,Beauty,2,Add to Cart,2025-10-25 05:21:10
SES06346,USR06346,Mobile,South,Email,Sports,1,Browse,2025-10-25 19:50:06
SES06347,USR06347,Desktop,West,Email,Electronics,1,Browse,2025-10-07 02:30:40
SES06348,USR06348,Mobile,East,Email,Beauty,1,Browse,2025-10-19 07:47:12
SES06349,USR06349,Mobile,South,Email,Sports,2,Add to Cart,2025-10-03 03:22:50
SES06350,USR06350,Desktop,East,Google Ads,Sports,3,Checkout,2025-10-02 03:56:39
SES06351,USR06351,Tablet,South,Organic,Sports,1,Browse,2025-10-03 13:53:57
SES06352,USR06352,Mobile,North,Google Ads,Electronics,1,Browse,2025-10-27 00:44:13
SES06353,USR06353,Mobile,North,Social Media,Sports,4,Purchase,2025-10-29 00:32:43
SES06354,USR06354,Tablet,South,Organic,Fashion,3,Checkout,2025-10-04 22:31:11
SES06355,USR06355,Desktop,West,Organic,Fashion,3,Checkout,2025-10-28 10:50:07
SES06356,USR06356,Tablet,South,Google Ads,Electronics,2,Add to Cart,2025-10-14 09:00:00
SES06357,USR06357,Desktop,East,Organic,Sports,4,Purchase,2025-10-26 20:17:37
SES06358,USR06358,Tablet,East,Email,Sports,4,Purchase,2025-10-07 12:11:49
SES06359,USR06359,Desktop,East,Organic,Beauty,2,Add to Cart,2025-10-20 07:07:38
SES06360,USR06360,Desktop,South,Google Ads,Home,1,Browse,2025-10-21 20:12:42
SES06361,USR06361,Desktop,East,Social Media,Electronics,3,Checkout,2025-10-01 22:33:55
SES06362,USR06362,Mobile,East,Social Media,Fashion,3,Checkout,2025-10-04 19:16:13
SES06363,USR06363,Mobile,South,Email,Beauty,1,Browse,2025-10-05 09:59:58
SES06364,USR06364,Tablet,North,Social Media,Fashion,3,Checkout,2025-10-04 23:06:07
SES06365,USR06365,Mobile,West,Social Media,Sports,3,Checkout,2025-10-08 15:06:59
SES06366,USR06366,Mobile,East,Google Ads,Sports,4,Purchase,2025-10-24 11:58:14
SES06367,USR06367,Mobile,North,Organic,Electronics,2,Add to Cart,2025-10-29 17:16:38
SES06368,USR06368,Desktop,North,Google Ads,Fashion,4,Purchase,2025-10-19 20:23:53
SES06369,USR06369,Mobile,North,Organic,Fashion,3,Checkout,2025-10-17 22:45:52
SES06370,USR06370,Mobile,West,Email,Home,2,Add to Cart,2025-10-27 03:09:43
SES06371,USR06371,Mobile,North,Organic,Beauty,1,Browse,2025-10-05 10:35:58
SES06372,USR06372,Tablet,North,Email,Beauty,3,Checkout,2025-10-11 09:51:25
SES06373,USR06373,Desktop,West,Organic,Fashion,1,Browse,2025-10-04 19:26:05
SES06374,USR06374,Desktop,East,Organic,Home,2,Add to Cart,2025-10-13 04:54:48
SES06375,USR06375,Tablet,West,Google Ads,Home,2,Add to Cart,2025-10-08 23:26:07
SES06376,USR06376,Desktop,South,Email,Home,1,Browse,2025-10-11 05:01:08
SES06377,USR06377,Desktop,North,Email,Fashion,1,Browse,2025-10-06 19:15:39
SES06378,USR06378,Mobile,North,Google Ads,Sports,1,Browse,2025-10-27 02:09:01
SES06379,USR06379,Mobile,North,Google Ads,Home,1,Browse,2025-10-21 06:11:33
SES06380,USR06380,Mobile,East,Email,Fashion,2,Add to Cart,2025-10-28 05:56:20
SES06381,USR06381,Mobile,North,Google Ads,Electronics,4,Purchase,2025-10-18 07:25:05
SES06382,USR06382,Mobile,North,Email,Home,2,Add to Cart,2025-10-06 14:05:33
SES06383,USR06383,Desktop,South,Social Media,Fashion,1,Browse,2025-10-28 00:26:15
SES06384,USR06384,Tablet,East,Social Media,Beauty,3,Checkout,2025-10-24 09:44:54
SES06385,USR06385,Desktop,West,Organic,Fashion,2,Add to Cart,2025-10-26 04:06:00
SES06386,USR06386,Mobile,South,Social Media,Sports,3,Checkout,2025-10-11 03:48:23
SES06387,USR06387,Desktop,South,Social Media,Fashion,2,Add to Cart,2025-10-12 19:08:37
SES06388,USR06388,Desktop,North,Email,Electronics,4,Purchase,2025-10-16 14:30:03
SES06389,USR06389,Tablet,South,Google Ads,Electronics,1,Browse,2025-10-13 15:29:38
SES06390,USR06390,Desktop,East,Organic,Sports,3,Checkout,2025-10-28 11:32:02
SES06391,USR06391,Mobile,West,Organic,Electronics,4,Purchase,2025-10-18 17:37:27
SES06392,USR06392,Mobile,North,Email,Beauty,3,Checkout,2025-10-31 05:42:27
SES06393,USR06393,Tablet,West,Google Ads,Home,2,Add to Cart,2025-10-12 18:27:28
SES06394,USR06394,Tablet,West,Email,Sports,3,Checkout,2025-10-30 20:17:25
SES06395,USR06395,Mobile,North,Organic,Electronics,4,Purchase,2025-10-04 05:22:33
SES06396,USR06396,Desktop,South,Social Media,Electronics,1,Browse,2025-10-26 04:07:00
SES06397,USR06397,Tablet,South,Social Media,Beauty,1,Browse,2025-10-08 06:31:57
SES06398,USR06398,Tablet,West,Social Media,Home,1,Browse,2025-10-19 16:22:49
SES06399,USR06399,Mobile,East,Google Ads,Sports,1,Browse,2025-10-23 23:30:23
SES06400,USR06400,Tablet,East,Social Media,Sports,2,Add to Cart,2025-10-10 13:04:17
SES06401,USR06401,Tablet,North,Google Ads,Beauty,1,Browse,2025-10-21 09:10:52
SES06402,USR06402,Tablet,South,Google Ads,Fashion,4,Purchase,2025-10-09 05:04:24
SES06403,USR06403,Tablet,East,Email,Sports,2,Add to Cart,2025-10-07 19:40:47
SES06404,USR06404,Mobile,North,Email,Home,3,Checkout,2025-10-13 22:07:44
SES06405,USR06405,Mobile,East,Organic,Sports,3,Checkout,2025-10-18 19:51:00
SES06406,USR06406,Mobile,West,Google Ads,Sports,4,Purchase,2025-10-04 15:38:01
SES06407,USR06407,Desktop,West,Organic,Beauty,1,Browse,2025-10-12 10:35:07
SES06408,USR06408,Tablet,West,Social Media,Home,3,Checkout,2025-10-23 08:11:11
SES06409,USR06409,Desktop,East,Email,Fashion,1,Browse,2025-10-03 22:43:38
SES06410,USR06410,Mobile,West,Google Ads,Fashion,2,Add to Cart,2025-10-15 10:34:21
SES06411,USR06411,Mobile,North,Social Media,Home,1,Browse,2025-10-22 16:09:03
SES06412,USR06412,Desktop,North,Social Media,Fashion,1,Browse,2025-10-23 01:08:12
SES06413,USR06413,Desktop,North,Organic,Electronics,2,Add to Cart,2025-10-02 02:17:19
SES06414,USR06414,Desktop,North,Social Media,Electronics,2,Add to Cart,2025-10-10 17:49:40
SES06415,USR06415,Mobile,South,Social Media,Home,2,Add to Cart,2025-10-30 10:42:46
SES06416,USR06416,Mobile,North,Email,Beauty,4,Purchase,2025-10-05 07:13:07
SES06417,USR06417,Tablet,North,Google Ads,Fashion,3,Checkout,2025-10-18 14:53:06
SES06418,USR06418,Mobile,West,Google Ads,Fashion,3,Checkout,2025-10-31 13:14:11
SES06419,USR06419,Desktop,South,Organic,Beauty,1,Browse,2025-10-19 18:02:14
SES06420,USR06420,Desktop,West,Google Ads,Fashion,2,Add to Cart,2025-10-07 08:22:37
SES06421,USR06421,Mobile,East,Email,Beauty,3,Checkout,2025-10-29 11:29:08
SES06422,USR06422,Mobile,South,Organic,Beauty,1,Browse,2025-10-27 18:41:45
SES06423,USR06423,Tablet,West,Social Media,Fashion,1,Browse,2025-10-30 11:56:04
SES06424,USR06424,Tablet,South,Organic,Fashion,4,Purchase,2025-10-01 20:48:08
SES06425,USR06425,Mobile,West,Social Media,Sports,3,Checkout,2025-10-11 21:32:32
SES06426,USR06426,Desktop,West,Email,Beauty,2,Add to Cart,2025-10-07 12:09:31
SES06427,USR06427,Desktop,North,Email,Beauty,2,Add to Cart,2025-10-14 09:49:39
SES06428,USR06428,Desktop,South,Email,Home,2,Add to Cart,2025-10-20 22:54:59
SES06429,USR06429,Mobile,East,Email,Sports,3,Checkout,2025-10-27 11:09:53
SES06430,USR06430,Tablet,South,Email,Sports,1,Browse,2025-10-15 17:07:42
SES06431,USR06431,Mobile,East,Email,Beauty,2,Add to Cart,2025-10-10 22:31:34
SES06432,USR06432,Mobile,North,Social Media,Beauty,3,Checkout,2025-10-18 02:44:07
SES06433,USR06433,Tablet,West,Organic,Electronics,1,Browse,2025-10-20 00:57:31
SES06434,USR06434,Tablet,West,Social Media,Fashion,1,Browse,2025-10-04 22:01:47
SES06435,USR06435,Desktop,South,Email,Fashion,2,Add to Cart,2025-10-16 12:45:31
SES06436,USR06436,Tablet,North,Email,Sports,2,Add to Cart,2025-10-03 04:39:51
SES06437,USR06437,Tablet,West,Email,Sports,1,Browse,2025-10-20 02:09:48
SES06438,USR06438,Mobile,North,Google Ads,Fashion,2,Add to Cart,2025-10-14 01:53:11
SES06439,USR06439,Tablet,West,Google Ads,Electronics,3,Checkout,2025-10-17 07:11:31
SES06440,USR06440,Tablet,South,Google Ads,Fashion,2,Add to Cart,2025-10-17 13:40:11
SES06441,USR06441,Tablet,West,Organic,Fashion,3,Checkout,2025-10-02 10:08:33
SES06442,USR06442,Mobile,East,Email,Fashion,2,Add to Cart,2025-10-02 07:40:36
SES06443,USR06443,Mobile,East,Organic,Sports,2,Add to Cart,2025-10-28 09:16:12
SES06444,USR06444,Desktop,North,Email,Home,1,Browse,2025-10-26 02:55:07
SES06445,USR06445,Tablet,South,Google Ads,Electronics,1,Browse,2025-10-30 08:50:30
SES06446,USR06446,Desktop,South,Email,Home,2,Add to Cart,2025-10-27 14:25:02
SES06447,USR06447,Tablet,South,Social Media,Electronics,3,Checkout,2025-10-31 03:42:48
SES06448,USR06448,Desktop,North,Organic,Fashion,1,Browse,2025-10-22 10:06:12
SES06449,USR06449,Desktop,South,Google Ads,Beauty,3,Checkout,2025-10-20 17:59:02
SES06450,USR06450,Mobile,North,Email,Sports,1,Browse,2025-10-16 10:49:01
SES06451,USR06451,Mobile,East,Google Ads,Electronics,2,Add to Cart,2025-10-10 14:51:40
SES06452,USR06452,Mobile,South,Organic,Electronics,1,Browse,2025-10-11 17:50:42
SES06453,USR06453,Desktop,East,Google Ads,Electronics,2,Add to Cart,2025-10-31 11:19:23
SES06454,USR06454,Desktop,West,Organic,Beauty,1,Browse,2025-10-18 02:15:31
SES06455,USR06455,Desktop,North,Social Media,Fashion,4,Purchase,2025-10-17 13:45:28
SES06456,USR06456,Tablet,West,Organic,Sports,1,Browse,2025-10-06 16:32:32
SES06457,USR06457,Mobile,East,Social Media,Sports,2,Add to Cart,2025-10-06 13:01:08
SES06458,USR06458,Tablet,South,Google Ads,Electronics,2,Add to Cart,2025-10-03 20:28:33
SES06459,USR06459,Desktop,East,Organic,Home,4,Purchase,2025-10-18 20:12:54
SES06460,USR06460,Mobile,North,Email,Electronics,2,Add to Cart,2025-10-29 07:32:05
SES06461,USR06461,Mobile,South,Organic,Sports,1,Browse,2025-10-16 05:48:59
SES06462,USR06462,Mobile,East,Organic,Home,2,Add to Cart,2025-10-21 01:24:17
SES06463,USR06463,Tablet,West,Organic,Home,1,Browse,2025-10-31 09:29:21
SES06464,USR06464,Mobile,West,Social Media,Sports,1,Browse,2025-10-18 03:46:06
SES06465,USR06465,Mobile,East,Email,Home,1,Browse,2025-10-11 04:20:06
SES06466,USR06466,Mobile,North,Google Ads,Home,1,Browse,2025-10-20 19:51:20
SES06467,USR06467,Desktop,West,Social Media,Beauty,3,Checkout,2025-10-09 06:43:17
SES06468,USR06468,Desktop,North,Email,Home,3,Checkout,2025-10-02 02:13:17
SES06469,USR06469,Mobile,North,Social Media,Electronics,4,Purchase,2025-10-02 08:42:43
SES06470,USR06470,Mobile,West,Organic,Sports,2,Add to Cart,2025-10-25 06:18:42
SES06471,USR06471,Tablet,North,Google Ads,Beauty,2,Add to Cart,2025-10-27 03:09:49
SES06472,USR06472,Mobile,West,Email,Fashion,3,Checkout,2025-10-04 10:16:15
SES06473,USR06473,Desktop,North,Organic,Sports,1,Browse,2025-10-16 02:35:16
SES06474,USR06474,Tablet,West,Email,Home,3,Checkout,2025-10-14 13:36:13
SES06475,USR06475,Desktop,South,Social Media,Sports,1,Browse,2025-10-05 20:25:53
SES06476,USR06476,Tablet,East,Social Media,Home,2,Add to Cart,2025-10-14 06:27:52
SES06477,USR06477,Tablet,South,Email,Home,2,Add to Cart,2025-10-14 13:32:37
SES06478,USR06478,Tablet,North,Email,Fashion,2,Add to Cart,2025-10-10 16:55:15
SES06479,USR06479,Tablet,North,Social Media,Fashion,2,Add to Cart,2025-10-09 21:50:05
SES06480,USR06480,Mobile,South,Google Ads,Home,1,Browse,2025-10-17 06:53:34
SES06481,USR06481,Tablet,East,Social Media,Sports,2,Add to Cart,2025-10-16 11:40:51
SES06482,USR06482,Mobile,South,Social Media,Home,2,Add to Cart,2025-10-13 16:14:22
SES06483,USR06483,Mobile,South,Google Ads,Electronics,3,Checkout,2025-10-03 08:49:39
SES06484,USR06484,Mobile,East,Organic,Sports,2,Add to Cart,2025-10-06 18:14:09
SES06485,USR06485,Mobile,South,Social Media,Electronics,4,Purchase,2025-10-15 22:57:34
SES06486,USR06486,Mobile,West,Email,Fashion,2,Add to Cart,2025-10-05 15:22:50
SES06487,USR06487,Desktop,East,Email,Electronics,2,Add to Cart,2025-10-28 17:04:55
SES06488,USR06488,Desktop,North,Google Ads,Beauty,1,Browse,2025-10-19 20:54:21
SES06489,USR06489,Mobile,North,Email,Home,1,Browse,2025-10-20 01:58:26
SES06490,USR06490,Tablet,South,Email,Sports,3,Checkout,2025-10-21 04:12:52
SES06491,USR06491,Mobile,East,Google Ads,Home,1,Browse,2025-10-15 23:05:42
SES06492,USR06492,Desktop,East,Organic,Sports,3,Checkout,2025-10-03 07:30:21
SES06493,USR06493,Desktop,North,Social Media,Beauty,1,Browse,2025-10-24 17:19:56
SES06494,USR06494,Desktop,East,Email,Home,1,Browse,2025-10-18 03:32:16
SES06495,USR06495,Tablet,West,Google Ads,Sports,2,Add to Cart,2025-10-26 23:54:32
SES06496,USR06496,Desktop,West,Social Media,Fashion,1,Browse,2025-10-12 17:58:04
SES06497,USR06497,Desktop,South,Social Media,Fashion,4,Purchase,2025-10-10 06:02:30
SES06498,USR06498,Mobile,West,Social Media,Electronics,1,Browse,2025-10-28 21:52:18
SES06499,USR06499,Desktop,East,Organic,Electronics,2,Add to Cart,2025-10-21 13:39:52
SES06500,USR06500,Mobile,South,Email,Sports,1,Browse,2025-10-13 05:55:30
SES06501,USR06501,Desktop,West,Social Media,Beauty,4,Purchase,2025-10-09 17:45:29
SES06502,USR06502,Desktop,West,Google Ads,Home,1,Browse,2025-10-14 19:36:36
SES06503,USR06503,Desktop,South,Social Media,Sports,2,Add to Cart,2025-10-11 00:49:35
SES06504,USR06504,Desktop,North,Social Media,Beauty,2,Add to Cart,2025-10-05 01:12:47
SES06505,USR06505,Mobile,East,Organic,Electronics,3,Checkout,2025-10-04 23:59:36
SES06506,USR06506,Tablet,East,Email,Sports,3,Checkout,2025-10-14 05:59:33
SES06507,USR06507,Tablet,North,Email,Electronics,1,Browse,2025-10-05 01:46:00
SES06508,USR06508,Desktop,North,Google Ads,Beauty,1,Browse,2025-10-21 06:12:59
SES06509,USR06509,Tablet,West,Social Media,Electronics,1,Browse,2025-10-15 08:59:46
SES06510,USR06510,Desktop,West,Organic,Sports,3,Checkout,2025-10-18 08:45:34
SES06511,USR06511,Mobile,North,Organic,Sports,3,Checkout,2025-10-21 11:08:13
SES06512,USR06512,Mobile,South,Social Media,Home,2,Add to Cart,2025-10-06 22:12:05
SES06513,USR06513,Desktop,South,Organic,Sports,1,Browse,2025-10-24 19:19:28
SES06514,USR06514,Mobile,West,Organic,Beauty,2,Add to Cart,2025-10-06 03:40:24
SES06515,USR06515,Mobile,West,Organic,Home,3,Checkout,2025-10-03 00:32:31
SES06516,USR06516,Desktop,South,Email,Home,3,Checkout,2025-10-20 04:29:13
SES06517,USR06517,Desktop,East,Social Media,Electronics,3,Checkout,2025-10-29 07:14:40
SES06518,USR06518,Tablet,West,Email,Home,2,Add to Cart,2025-10-16 10:58:05
SES06519,USR06519,Mobile,East,Email,Sports,1,Browse,2025-10-14 19:00:28
SES06520,USR06520,Desktop,East,Social Media,Fashion,1,Browse,2025-10-24 07:24:00
SES06521,USR06521,Desktop,South,Google Ads,Sports,1,Browse,2025-10-04 23:50:07
SES06522,USR06522,Tablet,West,Email,Electronics,1,Browse,2025-10-20 02:34:53
SES06523,USR06523,Tablet,North,Social Media,Sports,1,Browse,2025-10-03 08:58:50
SES06524,USR06524,Tablet,West,Email,Beauty,3,Checkout,2025-10-17 22:27:35
SES06525,USR06525,Tablet,North,Organic,Beauty,2,Add to Cart,2025-10-20 18:02:31
SES06526,USR06526,Mobile,South,Email,Electronics,2,Add to Cart,2025-10-06 09:22:22
SES06527,USR06527,Tablet,East,Organic,Fashion,1,Browse,2025-10-16 20:43:48
SES06528,USR06528,Mobile,West,Organic,Sports,2,Add to Cart,2025-10-08 22:44:31
SES06529,USR06529,Mobile,North,Organic,Electronics,1,Browse,2025-10-11 11:43:01
SES06530,USR06530,Tablet,North,Google Ads,Sports,2,Add to Cart,2025-10-11 23:41:16
SES06531,USR06531,Mobile,South,Organic,Sports,1,Browse,2025-10-06 19:33:02
SES06532,USR06532,Mobile,South,Google Ads,Fashion,1,Browse,2025-10-30 11:10:55
SES06533,USR06533,Tablet,West,Organic,Fashion,2,Add to Cart,2025-10-05 22:15:27
SES06534,USR06534,Mobile,South,Social Media,Electronics,2,Add to Cart,2025-10-26 05:30:09
SES06535,USR06535,Desktop,South,Organic,Home,3,Checkout,2025-10-08 07:56:32
SES06536,USR06536,Tablet,South,Google Ads,Electronics,2,Add to Cart,2025-10-29 09:20:15
SES06537,USR06537,Tablet,South,Google Ads,Home,2,Add to Cart,2025-10-07 02:46:30
SES06538,USR06538,Tablet,East,Social Media,Sports,3,Checkout,2025-10-31 05:49:59
SES06539,USR06539,Tablet,North,Social Media,Sports,3,Checkout,2025-10-04 23:30:06
SES06540,USR06540,Tablet,North,Organic,Electronics,4,Purchase,2025-10-06 21:30:07
SES06541,USR06541,Mobile,West,Google Ads,Home,3,Checkout,2025-10-04 21:02:45
SES06542,USR06542,Tablet,East,Organic,Electronics,1,Browse,2025-10-05 10:37:14
SES06543,USR06543,Mobile,East,Organic,Beauty,3,Checkout,2025-10-26 03:27:07
SES06544,USR06544,Desktop,South,Organic,Beauty,3,Checkout,2025-10-05 17:22:39
SES06545,USR06545,Mobile,West,Google Ads,Fashion,3,Checkout,2025-10-26 09:16:12
SES06546,USR06546,Mobile,South,Email,Electronics,1,Browse,2025-10-03 12:10:50
SES06547,USR06547,Mobile,East,Email,Home,3,Checkout,2025-10-27 11:56:19
SES06548,USR06548,Desktop,East,Organic,Fashion,1,Browse,2025-10-30 17:27:35
SES06549,USR06549,Mobile,West,Email,Home,2,Add to Cart,2025-10-10 23:04:07
SES06550,USR06550,Tablet,East,Social Media,Home,3,Checkout,2025-10-29 20:07:02
SES06551,USR06551,Tablet,North,Email,Home,3,Checkout,2025-10-17 04:40:10
SES06552,USR06552,Desktop,West,Social Media,Electronics,1,Browse,2025-10-31 12:53:22
SES06553,USR06553,Tablet,West,Social Media,Home,1,Browse,2025-10-20 21:37:00
SES06554,USR06554,Mobile,East,Social Media,Beauty,1,Browse,2025-10-30 19:59:08
SES06555,USR06555,Mobile,South,Google Ads,Electronics,1,Browse,2025-10-16 18:54:24
SES06556,USR06556,Tablet,East,Google Ads,Beauty,1,Browse,2025-10-08 03:32:16
SES06557,USR06557,Desktop,North,Social Media,Beauty,2,Add to Cart,2025-10-03 10:09:58
SES06558,USR06558,Desktop,West,Google Ads,Home,2,Add to Cart,2025-10-29 01:31:45
SES06559,USR06559,Tablet,South,Organic,Beauty,3,Checkout,2025-10-22 06:25:06
SES06560,USR06560,Mobile,South,Organic,Beauty,3,Checkout,2025-10-08 09:14:01
SES06561,USR06561,Desktop,South,Email,Sports,2,Add to Cart,2025-10-06 08:11:27
SES06562,USR06562,Mobile,South,Google Ads,Beauty,1,Browse,2025-10-07 01:09:59
SES06563,USR06563,Desktop,West,Organic,Beauty,2,Add to Cart,2025-10-24 00:06:02
SES06564,USR06564,Mobile,East,Email,Beauty,2,Add to Cart,2025-10-18 10:10:34
SES06565,USR06565,Mobile,North,Social Media,Sports,2,Add to Cart,2025-10-21 06:23:15
SES06566,USR06566,Desktop,East,Google Ads,Beauty,4,Purchase,2025-10-07 15:43:54
SES06567,USR06567,Tablet,West,Google Ads,Sports,3,Checkout,2025-10-25 21:51:41
SES06568,USR06568,Tablet,East,Google Ads,Sports,2,Add to Cart,2025-10-12 11:04:10
SES06569,USR06569,Desktop,North,Google Ads,Sports,1,Browse,2025-10-28 23:31:37
SES06570,USR06570,Desktop,East,Email,Electronics,3,Checkout,2025-10-16 00:20:36
SES06571,USR06571,Desktop,South,Google Ads,Beauty,3,Checkout,2025-10-21 00:24:26
SES06572,USR06572,Mobile,West,Email,Fashion,1,Browse,2025-10-10 21:33:48
SES06573,USR06573,Desktop,North,Email,Home,1,Browse,2025-10-05 04:49:07
SES06574,USR06574,Desktop,East,Organic,Home,1,Browse,2025-10-08 12:42:32
SES06575,USR06575,Mobile,North,Email,Fashion,3,Checkout,2025-10-21 10:41:39
SES06576,USR06576,Tablet,South,Organic,Beauty,1,Browse,2025-10-30 20:46:11
SES06577,USR06577,Desktop,South,Social Media,Fashion,4,Purchase,2025-10-09 19:43:38
SES06578,USR06578,Desktop,East,Organic,Beauty,2,Add to Cart,2025-10-02 23:36:14
SES06579,USR06579,Mobile,South,Social Media,Home,1,Browse,2025-10-09 00:19:41
SES06580,USR06580,Mobile,North,Google Ads,Home,2,Add to Cart,2025-10-21 01:41:53
SES06581,USR06581,Tablet,North,Email,Fashion,3,Checkout,2025-10-10 12:03:18
SES06582,USR06582,Desktop,East,Email,Electronics,2,Add to Cart,2025-10-10 03:57:39
SES06583,USR06583,Tablet,South,Organic,Fashion,2,Add to Cart,2025-10-08 15:34:46
SES06584,USR06584,Desktop,South,Google Ads,Sports,1,Browse,2025-10-28 02:23:09
SES06585,USR06585,Mobile,North,Google Ads,Sports,1,Browse,2025-10-30 20:31:34
SES06586,USR06586,Desktop,South,Email,Home,1,Browse,2025-10-04 05:48:23
SES06587,USR06587,Tablet,South,Email,Sports,1,Browse,2025-10-23 18:52:14
SES06588,USR06588,Mobile,South,Organic,Beauty,1,Browse,2025-10-28 15:54:59
SES06589,USR06589,Tablet,North,Email,Sports,1,Browse,2025-10-02 11:31:06
SES06590,USR06590,Tablet,West,Organic,Sports,2,Add to Cart,2025-10-15 18:22:41
SES06591,USR06591,Tablet,East,Email,Beauty,2,Add to Cart,2025-10-14 23:57:18
SES06592,USR06592,Tablet,East,Google Ads,Sports,4,Purchase,2025-10-06 22:47:10
SES06593,USR06593,Mobile,West,Google Ads,Beauty,1,Browse,2025-10-18 07:25:48
SES06594,USR06594,Tablet,South,Social Media,Fashion,4,Purchase,2025-10-02 04:28:24
SES06595,USR06595,Tablet,East,Social Media,Fashion,3,Checkout,2025-10-16 16:45:41
SES06596,USR06596,Tablet,North,Organic,Electronics,1,Browse,2025-10-25 04:22:02
SES06597,USR06597,Mobile,North,Organic,Fashion,2,Add to Cart,2025-10-06 03:13:56
SES06598,USR06598,Tablet,South,Email,Fashion,2,Add to Cart,2025-10-07 22:30:09
SES06599,USR06599,Mobile,North,Google Ads,Beauty,1,Browse,2025-10-20 08:26:22
SES06600,USR06600,Mobile,West,Google Ads,Sports,1,Browse,2025-10-30 18:22:55
SES06601,USR06601,Mobile,East,Organic,Electronics,3,Checkout,2025-10-13 11:58:00
SES06602,USR06602,Desktop,North,Social Media,Home,1,Browse,2025-10-26 19:57:51
SES06603,USR06603,Mobile,South,Email,Beauty,2,Add to Cart,2025-10-05 04:18:31
SES06604,USR06604,Desktop,East,Organic,Electronics,3,Checkout,2025-10-07 21:51:04
SES06605,USR06605,Desktop,South,Social Media,Sports,2,Add to Cart,2025-10-03 12:44:56
SES06606,USR06606,Mobile,North,Google Ads,Home,1,Browse,2025-10-16 05:58:27
SES06607,USR06607,Tablet,East,Social Media,Beauty,1,Browse,2025-10-18 17:40:50
SES06608,USR06608,Tablet,East,Google Ads,Home,2,Add to Cart,2025-10-24 07:34:17
SES06609,USR06609,Tablet,East,Google Ads,Beauty,2,Add to Cart,2025-10-07 13:10:20
SES06610,USR06610,Tablet,East,Google Ads,Sports,3,Checkout,2025-10-26 12:46:20
SES06611,USR06611,Tablet,South,Google Ads,Home,4,Purchase,2025-10-22 09:09:52
SES06612,USR06612,Tablet,North,Google Ads,Beauty,3,Checkout,2025-10-23 23:40:44
SES06613,USR06613,Desktop,South,Social Media,Beauty,4,Purchase,2025-10-26 12:31:11
SES06614,USR06614,Mobile,East,Organic,Sports,3,Checkout,2025-10-10 22:51:01
SES06615,USR06615,Mobile,East,Email,Home,3,Checkout,2025-10-26 22:41:18
SES06616,USR06616,Mobile,West,Organic,Electronics,3,Checkout,2025-10-13 17:13:25
SES06617,USR06617,Desktop,West,Email,Fashion,4,Purchase,2025-10-28 16:54:41
SES06618,USR06618,Tablet,West,Social Media,Home,2,Add to Cart,2025-10-18 07:45:43
SES06619,USR06619,Tablet,West,Email,Home,3,Checkout,2025-10-17 22:56:20
SES06620,USR06620,Tablet,North,Social Media,Electronics,3,Checkout,2025-10-16 15:46:18
SES06621,USR06621,Mobile,North,Social Media,Home,1,Browse,2025-10-27 10:27:25
SES06622,USR06622,Tablet,South,Google Ads,Electronics,1,Browse,2025-10-24 05:41:41
SES06623,USR06623,Desktop,West,Social Media,Beauty,3,Checkout,2025-10-06 21:19:03
SES06624,USR06624,Mobile,East,Organic,Beauty,3,Checkout,2025-10-17 00:38:38
SES06625,USR06625,Desktop,South,Organic,Home,2,Add to Cart,2025-10-29 21:49:24
SES06626,USR06626,Tablet,South,Google Ads,Sports,1,Browse,2025-10-10 06:02:45
SES06627,USR06627,Tablet,North,Email,Beauty,1,Browse,2025-10-21 16:30:57
SES06628,USR06628,Desktop,North,Organic,Home,3,Checkout,2025-10-26 09:22:04
SES06629,USR06629,Mobile,East,Email,Home,4,Purchase,2025-10-18 17:04:44
SES06630,USR06630,Desktop,South,Google Ads,Fashion,2,Add to Cart,2025-10-30 10:20:41
SES06631,USR06631,Mobile,South,Organic,Beauty,4,Purchase,2025-10-09 05:42:40
SES06632,USR06632,Mobile,East,Google Ads,Home,3,Checkout,2025-10-25 12:12:42
SES06633,USR06633,Desktop,South,Social Media,Beauty,1,Browse,2025-10-25 12:07:03
SES06634,USR06634,Mobile,North,Organic,Sports,2,Add to Cart,2025-10-30 22:20:59
SES06635,USR06635,Desktop,South,Email,Electronics,1,Browse,2025-10-18 21:48:25
SES06636,USR06636,Tablet,West,Google Ads,Electronics,2,Add to Cart,2025-10-20 04:23:24
SES06637,USR06637,Mobile,East,Organic,Beauty,2,Add to Cart,2025-10-23 12:58:38
SES06638,USR06638,Mobile,North,Google Ads,Fashion,2,Add to Cart,2025-10-10 10:13:14
SES06639,USR06639,Tablet,North,Email,Electronics,2,Add to Cart,2025-10-12 07:08:44
SES06640,USR06640,Mobile,North,Social Media,Beauty,1,Browse,2025-10-21 19:38:04
SES06641,USR06641,Mobile,South,Email,Beauty,1,Browse,2025-10-13 21:19:35
SES06642,USR06642,Tablet,West,Google Ads,Electronics,2,Add to Cart,2025-10-02 18:51:15
SES06643,USR06643,Mobile,North,Organic,Sports,3,Checkout,2025-10-15 00:31:53
SES06644,USR06644,Desktop,North,Google Ads,Beauty,1,Browse,2025-10-21 12:17:28
SES06645,USR06645,Mobile,East,Email,Sports,4,Purchase,2025-10-13 00:16:40
SES06646,USR06646,Mobile,South,Google Ads,Beauty,2,Add to Cart,2025-10-15 03:54:54
SES06647,USR06647,Mobile,North,Social Media,Sports,3,Checkout,2025-10-30 21:18:25
SES06648,USR06648,Tablet,South,Social Media,Beauty,2,Add to Cart,2025-10-10 05:10:56
SES06649,USR06649,Tablet,West,Google Ads,Beauty,1,Browse,2025-10-24 15:12:44
SES06650,USR06650,Mobile,North,Social Media,Sports,1,Browse,2025-10-15 13:59:18
SES06651,USR06651,Mobile,South,Email,Beauty,3,Checkout,2025-10-02 20:51:49
SES06652,USR06652,Tablet,East,Google Ads,Beauty,2,Add to Cart,2025-10-03 04:42:21
SES06653,USR06653,Desktop,North,Email,Electronics,1,Browse,2025-10-10 18:52:59
SES06654,USR06654,Mobile,South,Google Ads,Home,1,Browse,2025-10-07 18:57:56
SES06655,USR06655,Tablet,South,Social Media,Electronics,3,Checkout,2025-10-29 15:57:49
SES06656,USR06656,Desktop,South,Social Media,Beauty,2,Add to Cart,2025-10-23 03:12:26
SES06657,USR06657,Desktop,South,Social Media,Beauty,3,Checkout,2025-10-21 10:02:53
SES06658,USR06658,Tablet,North,Social Media,Beauty,2,Add to Cart,2025-10-23 08:56:23
SES06659,USR06659,Desktop,East,Email,Sports,4,Purchase,2025-10-12 00:52:46
SES06660,USR06660,Desktop,North,Google Ads,Beauty,1,Browse,2025-10-14 13:38:52
SES06661,USR06661,Desktop,North,Social Media,Beauty,4,Purchase,2025-10-20 21:33:24
SES06662,USR06662,Mobile,South,Email,Home,1,Browse,2025-10-25 07:48:58
SES06663,USR06663,Mobile,East,Email,Home,2,Add to Cart,2025-10-13 19:03:55
SES06664,USR06664,Desktop,South,Email,Electronics,2,Add to Cart,2025-10-06 06:07:15
SES06665,USR06665,Mobile,North,Google Ads,Electronics,2,Add to Cart,2025-10-30 21:18:11
SES06666,USR06666,Mobile,West,Google Ads,Electronics,2,Add to Cart,2025-10-03 19:14:52
SES06667,USR06667,Mobile,West,Social Media,Beauty,2,Add to Cart,2025-10-29 15:49:21
SES06668,USR06668,Mobile,North,Organic,Electronics,4,Purchase,2025-10-09 07:52:14
SES06669,USR06669,Tablet,West,Email,Sports,2,Add to Cart,2025-10-27 05:33:09
SES06670,USR06670,Desktop,West,Social Media,Electronics,1,Browse,2025-10-18 19:10:46
SES06671,USR06671,Mobile,South,Organic,Home,1,Browse,2025-10-07 14:36:07
SES06672,USR06672,Desktop,North,Google Ads,Home,2,Add to Cart,2025-10-24 07:53:43
SES06673,USR06673,Mobile,West,Google Ads,Electronics,1,Browse,2025-10-17 22:02:15
SES06674,USR06674,Mobile,West,Organic,Fashion,1,Browse,2025-10-03 18:56:02
SES06675,USR06675,Mobile,South,Social Media,Fashion,2,Add to Cart,2025-10-02 10:10:50
SES06676,USR06676,Desktop,South,Social Media,Fashion,2,Add to Cart,2025-10-21 15:53:28
SES06677,USR06677,Desktop,North,Google Ads,Home,3,Checkout,2025-10-30 21:14:54
SES06678,USR06678,Desktop,East,Email,Beauty,2,Add to Cart,2025-10-29 03:12:44
SES06679,USR06679,Tablet,East,Social Media,Beauty,1,Browse,2025-10-03 08:25:09
SES06680,USR06680,Tablet,West,Social Media,Electronics,2,Add to Cart,2025-10-27 16:25:13
SES06681,USR06681,Desktop,South,Social Media,Sports,3,Checkout,2025-10-13 16:35:12
SES06682,USR06682,Desktop,West,Email,Sports,3,Checkout,2025-10-29 13:53:28
SES06683,USR06683,Desktop,South,Organic,Home,1,Browse,2025-10-13 22:06:47
SES06684,USR06684,Tablet,North,Email,Beauty,1,Browse,2025-10-29 16:49:51
SES06685,USR06685,Mobile,West,Social Media,Fashion,1,Browse,2025-10-15 23:36:15
SES06686,USR06686,Desktop,East,Google Ads,Home,3,Checkout,2025-10-30 13:56:48
SES06687,USR06687,Tablet,North,Email,Home,3,Checkout,2025-10-02 11:02:53
SES06688,USR06688,Tablet,West,Email,Beauty,2,Add to Cart,2025-10-25 22:58:31
SES06689,USR06689,Mobile,West,Organic,Electronics,1,Browse,2025-10-07 04:33:32
SES06690,USR06690,Tablet,West,Google Ads,Fashion,2,Add to Cart,2025-10-29 19:33:17
SES06691,USR06691,Mobile,East,Social Media,Beauty,2,Add to Cart,2025-10-16 04:27:45
SES06692,USR06692,Tablet,East,Email,Beauty,2,Add to Cart,2025-10-24 11:13:48
SES06693,USR06693,Tablet,West,Social Media,Fashion,2,Add to Cart,2025-10-03 04:16:06
SES06694,USR06694,Tablet,East,Organic,Electronics,4,Purchase,2025-10-03 16:05:07
SES06695,USR06695,Tablet,East,Organic,Home,1,Browse,2025-10-22 00:14:59
SES06696,USR06696,Desktop,South,Google Ads,Fashion,3,Checkout,2025-10-11 15:13:53
SES06697,USR06697,Mobile,North,Social Media,Electronics,2,Add to Cart,2025-10-05 11:41:40
SES06698,USR06698,Mobile,South,Google Ads,Home,2,Add to Cart,2025-10-05 02:53:51
SES06699,USR06699,Tablet,South,Organic,Sports,1,Browse,2025-10-21 19:09:39
SES06700,USR06700,Tablet,East,Google Ads,Sports,1,Browse,2025-10-21 18:40:25
SES06701,USR06701,Desktop,West,Email,Sports,3,Checkout,2025-10-31 14:22:00
SES06702,USR06702,Desktop,West,Google Ads,Electronics,4,Purchase,2025-10-02 21:04:51
SES06703,USR06703,Desktop,East,Google Ads,Home,4,Purchase,2025-10-04 19:23:22
SES06704,USR06704,Desktop,West,Social Media,Sports,2,Add to Cart,2025-10-20 19:07:54
SES06705,USR06705,Tablet,East,Email,Home,1,Browse,2025-10-03 03:55:39
SES06706,USR06706,Desktop,West,Google Ads,Sports,1,Browse,2025-10-28 01:44:16
SES06707,USR06707,Tablet,West,Google Ads,Fashion,3,Checkout,2025-10-02 07:40:03
SES06708,USR06708,Desktop,East,Email,Sports,1,Browse,2025-10-06 22:24:44
SES06709,USR06709,Mobile,North,Organic,Home,4,Purchase,2025-10-16 08:46:31
SES06710,USR06710,Mobile,North,Social Media,Home,2,Add to Cart,2025-10-27 04:27:28
SES06711,USR06711,Mobile,South,Google Ads,Sports,1,Browse,2025-10-15 01:36:54
SES06712,USR06712,Tablet,South,Social Media,Sports,1,Browse,2025-10-11 15:39:24
SES06713,USR06713,Tablet,West,Google Ads,Electronics,2,Add to Cart,2025-10-18 23:59:39
SES06714,USR06714,Tablet,South,Google Ads,Beauty,1,Browse,2025-10-27 02:23:40
SES06715,USR06715,Tablet,East,Social Media,Electronics,2,Add to Cart,2025-10-19 13:12:13
SES06716,USR06716,Desktop,East,Email,Electronics,2,Add to Cart,2025-10-25 05:27:18
SES06717,USR06717,Desktop,North,Social Media,Beauty,4,Purchase,2025-10-13 00:39:44
SES06718,USR06718,Mobile,South,Organic,Home,2,Add to Cart,2025-10-21 00:32:55
SES06719,USR06719,Tablet,North,Social Media,Sports,3,Checkout,2025-10-14 11:55:49
SES06720,USR06720,Desktop,West,Social Media,Sports,2,Add to Cart,2025-10-26 18:33:59
SES06721,USR06721,Mobile,South,Social Media,Fashion,1,Browse,2025-10-15 01:09:26
SES06722,USR06722,Mobile,South,Email,Home,1,Browse,2025-10-03 18:18:20
SES06723,USR06723,Tablet,South,Email,Fashion,4,Purchase,2025-10-12 11:07:33
SES06724,USR06724,Tablet,North,Email,Sports,1,Browse,2025-10-25 22:08:07
SES06725,USR06725,Desktop,East,Email,Home,1,Browse,2025-10-27 04:18:16
SES06726,USR06726,Desktop,South,Google Ads,Sports,1,Browse,2025-10-12 18:34:55
SES06727,USR06727,Tablet,North,Organic,Beauty,1,Browse,2025-10-02 17:48:37
SES06728,USR06728,Tablet,East,Google Ads,Beauty,1,Browse,2025-10-24 12:48:22
SES06729,USR06729,Mobile,West,Organic,Beauty,4,Purchase,2025-10-09 17:25:36
SES06730,USR06730,Tablet,East,Organic,Fashion,3,Checkout,2025-10-26 12:32:41
SES06731,USR06731,Desktop,South,Email,Home,2,Add to Cart,2025-10-13 01:49:41
SES06732,USR06732,Tablet,East,Google Ads,Home,1,Browse,2025-10-23 22:44:30
SES06733,USR06733,Desktop,East,Organic,Electronics,4,Purchase,2025-10-23 02:52:33
SES06734,USR06734,Mobile,East,Email,Home,2,Add to Cart,2025-10-10 17:22:33
SES06735,USR06735,Tablet,East,Organic,Fashion,1,Browse,2025-10-15 11:16:57
SES06736,USR06736,Tablet,North,Email,Sports,2,Add to Cart,2025-10-14 11:36:37
SES06737,USR06737,Desktop,West,Google Ads,Electronics,1,Browse,2025-10-02 01:12:57
SES06738,USR06738,Tablet,West,Organic,Sports,3,Checkout,2025-10-20 07:14:22
SES06739,USR06739,Mobile,East,Email,Electronics,2,Add to Cart,2025-10-03 02:13:41
SES06740,USR06740,Tablet,South,Google Ads,Fashion,2,Add to Cart,2025-10-05 19:58:43
SES06741,USR06741,Mobile,East,Social Media,Fashion,2,Add to Cart,2025-10-25 11:10:03
SES06742,USR06742,Desktop,East,Google Ads,Beauty,2,Add to Cart,2025-10-01 23:45:17
SES06743,USR06743,Desktop,West,Google Ads,Electronics,2,Add to Cart,2025-10-09 04:07:41
SES06744,USR06744,Mobile,South,Google Ads,Home,2,Add to Cart,2025-10-15 20:37:15
SES06745,USR06745,Mobile,North,Google Ads,Beauty,1,Browse,2025-10-09 15:21:57
SES06746,USR06746,Desktop,North,Google Ads,Home,3,Checkout,2025-10-21 03:09:23
SES06747,USR06747,Mobile,West,Organic,Beauty,2,Add to Cart,2025-10-12 18:03:56
SES06748,USR06748,Mobile,West,Organic,Home,2,Add to Cart,2025-10-13 08:12:22
SES06749,USR06749,Desktop,South,Email,Beauty,1,Browse,2025-10-19 08:51:57
SES06750,USR06750,Desktop,South,Social Media,Beauty,1,Browse,2025-10-11 23:57:33
SES06751,USR06751,Tablet,West,Email,Electronics,4,Purchase,2025-10-23 09:10:38
SES06752,USR06752,Desktop,North,Google Ads,Electronics,2,Add to Cart,2025-10-06 10:08:57
SES06753,USR06753,Tablet,South,Organic,Beauty,2,Add to Cart,2025-10-01 20:39:20
SES06754,USR06754,Tablet,West,Google Ads,Sports,1,Browse,2025-10-28 20:01:02
SES06755,USR06755,Tablet,West,Social Media,Electronics,1,Browse,2025-10-02 15:26:42
SES06756,USR06756,Mobile,South,Organic,Sports,4,Purchase,2025-10-25 02:17:59
SES06757,USR06757,Tablet,West,Organic,Home,3,Checkout,2025-10-08 02:28:44
SES06758,USR06758,Mobile,East,Social Media,Beauty,2,Add to Cart,2025-10-23 19:57:19
SES06759,USR06759,Desktop,West,Social Media,Fashion,1,Browse,2025-10-20 06:35:26
SES06760,USR06760,Desktop,West,Organic,Sports,2,Add to Cart,2025-10-19 06:39:55
SES06761,USR06761,Tablet,North,Google Ads,Home,2,Add to Cart,2025-10-07 06:29:50
SES06762,USR06762,Desktop,North,Email,Electronics,3,Checkout,2025-10-16 06:28:16
SES06763,USR06763,Tablet,North,Social Media,Electronics,1,Browse,2025-10-02 19:23:28
SES06764,USR06764,Mobile,East,Organic,Electronics,2,Add to Cart,2025-10-05 23:45:17
SES06765,USR06765,Tablet,West,Organic,Fashion,4,Purchase,2025-10-17 22:24:01
SES06766,USR06766,Mobile,West,Email,Home,2,Add to Cart,2025-10-11 08:18:25
SES06767,USR06767,Mobile,South,Organic,Electronics,2,Add to Cart,2025-10-26 04:02:12
SES06768,USR06768,Desktop,West,Google Ads,Fashion,1,Browse,2025-10-29 23:13:38
SES06769,USR06769,Mobile,West,Social Media,Beauty,3,Checkout,2025-10-17 01:08:38
SES06770,USR06770,Desktop,East,Organic,Electronics,2,Add to Cart,2025-10-15 23:03:57
SES06771,USR06771,Desktop,North,Google Ads,Beauty,3,Checkout,2025-10-15 04:04:56
SES06772,USR06772,Desktop,North,Social Media,Beauty,2,Add to Cart,2025-10-21 21:48:06
SES06773,USR06773,Mobile,East,Social Media,Sports,2,Add to Cart,2025-10-04 20:59:03
SES06774,USR06774,Desktop,South,Organic,Fashion,2,Add to Cart,2025-10-04 02:29:24
SES06775,USR06775,Tablet,East,Organic,Beauty,1,Browse,2025-10-15 16:15:50
SES06776,USR06776,Desktop,South,Email,Fashion,2,Add to Cart,2025-10-29 07:12:26
SES06777,USR06777,Desktop,South,Organic,Fashion,2,Add to Cart,2025-10-28 21:25:26
SES06778,USR06778,Desktop,West,Email,Home,2,Add to Cart,2025-10-28 15:48:11
SES06779,USR06779,Tablet,South,Email,Beauty,1,Browse,2025-10-31 02:04:07
SES06780,USR06780,Mobile,West,Email,Beauty,1,Browse,2025-10-25 07:35:40
SES06781,USR06781,Desktop,West,Email,Electronics,2,Add to Cart,2025-10-20 03:10:11
SES06782,USR06782,Desktop,West,Google Ads,Sports,3,Checkout,2025-10-02 05:10:18
SES06783,USR06783,Tablet,North,Email,Beauty,1,Browse,2025-10-04 14:53:04
SES06784,USR06784,Mobile,West,Google Ads,Electronics,2,Add to Cart,2025-10-25 12:44:43
SES06785,USR06785,Mobile,East,Organic,Electronics,2,Add to Cart,2025-10-25 10:11:34
SES06786,USR06786,Mobile,East,Email,Beauty,3,Checkout,2025-10-18 19:09:53
SES06787,USR06787,Tablet,South,Organic,Sports,1,Browse,2025-10-18 08:54:52
SES06788,USR06788,Tablet,South,Organic,Beauty,2,Add to Cart,2025-10-26 20:07:11
SES06789,USR06789,Tablet,South,Google Ads,Fashion,4,Purchase,2025-10-23 03:46:50
SES06790,USR06790,Desktop,East,Email,Beauty,4,Purchase,2025-10-16 12:31:40
SES06791,USR06791,Mobile,West,Organic,Beauty,3,Checkout,2025-10-24 11:58:28
SES06792,USR06792,Desktop,West,Google Ads,Beauty,4,Purchase,2025-10-30 23:43:44
SES06793,USR06793,Desktop,East,Social Media,Home,4,Purchase,2025-10-23 04:40:50
SES06794,USR06794,Tablet,East,Organic,Home,4,Purchase,2025-10-23 11:07:33
SES06795,USR06795,Mobile,East,Social Media,Electronics,1,Browse,2025-10-09 05:05:04
SES06796,USR06796,Tablet,West,Social Media,Sports,1,Browse,2025-10-09 08:25:58
SES06797,USR06797,Mobile,North,Google Ads,Electronics,4,Purchase,2025-10-25 15:10:35
SES06798,USR06798,Tablet,North,Email,Fashion,2,Add to Cart,2025-10-30 13:11:32
SES06799,USR06799,Mobile,North,Email,Home,1,Browse,2025-10-21 17:18:08
SES06800,USR06800,Mobile,South,Organic,Electronics,2,Add to Cart,2025-10-09 22:18:19
SES06801,USR06801,Tablet,East,Organic,Beauty,1,Browse,2025-10-09 10:01:51
SES06802,USR06802,Mobile,West,Social Media,Beauty,2,Add to Cart,2025-10-16 02:23:44
SES06803,USR06803,Tablet,East,Email,Home,1,Browse,2025-10-27 09:18:36
SES06804,USR06804,Mobile,South,Email,Beauty,2,Add to Cart,2025-10-10 00:02:37
SES06805,USR06805,Mobile,East,Organic,Sports,2,Add to Cart,2025-10-31 09:52:50
SES06806,USR06806,Desktop,North,Social Media,Fashion,1,Browse,2025-10-16 02:50:56
SES06807,USR06807,Tablet,North,Email,Electronics,2,Add to Cart,2025-10-20 16:14:13
SES06808,USR06808,Mobile,South,Organic,Home,3,Checkout,2025-10-08 18:08:48
SES06809,USR06809,Mobile,West,Organic,Home,3,Checkout,2025-10-04 09:35:01
SES06810,USR06810,Tablet,South,Email,Beauty,1,Browse,2025-10-30 08:15:11
SES06811,USR06811,Desktop,East,Email,Electronics,4,Purchase,2025-10-27 12:39:16
SES06812,USR06812,Desktop,North,Google Ads,Beauty,4,Purchase,2025-10-27 14:33:27
SES06813,USR06813,Tablet,West,Google Ads,Fashion,3,Checkout,2025-10-28 18:35:55
SES06814,USR06814,Desktop,South,Social Media,Electronics,2,Add to Cart,2025-10-06 00:12:35
SES06815,USR06815,Mobile,East,Email,Electronics,3,Checkout,2025-10-17 06:29:47
SES06816,USR06816,Tablet,South,Email,Beauty,1,Browse,2025-10-12 07:44:15
SES06817,USR06817,Tablet,South,Google Ads,Sports,1,Browse,2025-10-06 01:40:51
SES06818,USR06818,Tablet,North,Google Ads,Beauty,4,Purchase,2025-10-01 22:29:59
SES06819,USR06819,Desktop,North,Social Media,Fashion,2,Add to Cart,2025-10-08 21:10:36
SES06820,USR06820,Mobile,East,Social Media,Electronics,1,Browse,2025-10-20 12:27:35
SES06821,USR06821,Mobile,West,Google Ads,Fashion,1,Browse,2025-10-09 20:41:02
SES06822,USR06822,Tablet,West,Organic,Fashion,4,Purchase,2025-10-14 22:18:40
SES06823,USR06823,Desktop,North,Organic,Electronics,4,Purchase,2025-10-16 20:10:10
SES06824,USR06824,Mobile,West,Organic,Sports,2,Add to Cart,2025-10-07 14:48:06
SES06825,USR06825,Desktop,North,Organic,Home,1,Browse,2025-10-16 08:11:19
SES06826,USR06826,Mobile,West,Social Media,Sports,1,Browse,2025-10-09 23:46:27
SES06827,USR06827,Desktop,West,Organic,Electronics,2,Add to Cart,2025-10-27 07:10:42
SES06828,USR06828,Desktop,East,Social Media,Fashion,3,Checkout,2025-10-23 18:10:41
SES06829,USR06829,Mobile,North,Email,Beauty,2,Add to Cart,2025-10-22 20:12:28
SES06830,USR06830,Mobile,West,Email,Sports,3,Checkout,2025-10-16 07:56:44
SES06831,USR06831,Tablet,North,Google Ads,Home,1,Browse,2025-10-21 22:22:02
SES06832,USR06832,Desktop,West,Social Media,Fashion,1,Browse,2025-10-29 18:03:18
SES06833,USR06833,Desktop,West,Organic,Sports,1,Browse,2025-10-28 18:16:25
SES06834,USR06834,Mobile,North,Organic,Beauty,1,Browse,2025-10-19 22:51:10
SES06835,USR06835,Desktop,West,Organic,Home,1,Browse,2025-10-30 02:31:13
SES06836,USR06836,Desktop,South,Social Media,Fashion,3,Checkout,2025-10-08 21:11:32
SES06837,USR06837,Mobile,North,Email,Sports,4,Purchase,2025-10-19 12:21:12
SES06838,USR06838,Mobile,South,Organic,Electronics,1,Browse,2025-10-27 15:08:14
SES06839,USR06839,Mobile,North,Social Media,Beauty,1,Browse,2025-10-07 06:28:15
SES06840,USR06840,Tablet,South,Social Media,Sports,2,Add to Cart,2025-10-16 05:39:43
SES06841,USR06841,Desktop,South,Email,Beauty,2,Add to Cart,2025-10-05 01:57:28
SES06842,USR06842,Tablet,South,Google Ads,Home,3,Checkout,2025-10-16 17:20:31
SES06843,USR06843,Tablet,South,Email,Fashion,1,Browse,2025-10-16 01:31:00
SES06844,USR06844,Desktop,East,Google Ads,Electronics,1,Browse,2025-10-29 00:12:31
SES06845,USR06845,Mobile,South,Social Media,Beauty,2,Add to Cart,2025-10-12 03:35:44
SES06846,USR06846,Tablet,West,Organic,Electronics,3,Checkout,2025-10-31 11:17:56
SES06847,USR06847,Tablet,East,Social Media,Home,1,Browse,2025-10-03 22:23:09
SES06848,USR06848,Desktop,West,Organic,Beauty,2,Add to Cart,2025-10-07 10:45:42
SES06849,USR06849,Desktop,West,Organic,Sports,1,Browse,2025-10-05 02:37:29
SES06850,USR06850,Desktop,North,Social Media,Electronics,2,Add to Cart,2025-10-11 17:55:34
SES06851,USR06851,Desktop,East,Social Media,Beauty,2,Add to Cart,2025-10-16 12:10:55
SES06852,USR06852,Mobile,West,Organic,Beauty,1,Browse,2025-10-21 15:18:54
SES06853,USR06853,Tablet,West,Social Media,Home,1,Browse,2025-10-24 08:42:25
SES06854,USR06854,Desktop,West,Google Ads,Beauty,3,Checkout,2025-10-30 15:21:45
SES06855,USR06855,Tablet,West,Social Media,Beauty,2,Add to Cart,2025-10-04 13:41:44
SES06856,USR06856,Desktop,South,Organic,Sports,2,Add to Cart,2025-10-24 03:40:26
SES06857,USR06857,Desktop,West,Email,Sports,3,Checkout,2025-10-23 04:57:39
SES06858,USR06858,Desktop,West,Social Media,Home,2,Add to Cart,2025-10-05 04:07:57
SES06859,USR06859,Tablet,West,Google Ads,Beauty,2,Add to Cart,2025-10-15 00:39:05
SES06860,USR06860,Desktop,East,Google Ads,Fashion,2,Add to Cart,2025-10-08 21:36:54
SES06861,USR06861,Mobile,North,Email,Beauty,2,Add to Cart,2025-10-25 13:50:48
SES06862,USR06862,Desktop,West,Google Ads,Beauty,1,Browse,2025-10-21 02:37:24
SES06863,USR06863,Tablet,West,Google Ads,Fashion,2,Add to Cart,2025-10-18 10:10:54
SES06864,USR06864,Desktop,North,Google Ads,Electronics,1,Browse,2025-10-04 09:34:45
SES06865,USR06865,Mobile,West,Google Ads,Home,2,Add to Cart,2025-10-12 08:41:12
SES06866,USR06866,Mobile,South,Social Media,Home,1,Browse,2025-10-08 19:30:43
SES06867,USR06867,Tablet,North,Email,Home,4,Purchase,2025-10-15 15:16:06
SES06868,USR06868,Tablet,South,Social Media,Sports,2,Add to Cart,2025-10-08 03:44:55
SES06869,USR06869,Tablet,West,Google Ads,Home,3,Checkout,2025-10-28 23:59:00
SES06870,USR06870,Desktop,South,Email,Fashion,1,Browse,2025-10-13 11:08:13
SES06871,USR06871,Tablet,East,Email,Home,3,Checkout,2025-10-05 23:14:12
SES06872,USR06872,Tablet,North,Google Ads,Fashion,1,Browse,2025-10-24 00:24:26
SES06873,USR06873,Mobile,North,Social Media,Fashion,2,Add to Cart,2025-10-18 22:14:56
SES06874,USR06874,Tablet,East,Google Ads,Fashion,2,Add to Cart,2025-10-18 11:40:41
SES06875,USR06875,Desktop,South,Organic,Electronics,4,Purchase,2025-10-21 17:28:04
SES06876,USR06876,Mobile,West,Email,Electronics,2,Add to Cart,2025-10-28 12:36:30
SES06877,USR06877,Desktop,East,Social Media,Electronics,3,Checkout,2025-10-18 21:13:25
SES06878,USR06878,Tablet,South,Google Ads,Fashion,3,Checkout,2025-10-08 06:18:05
SES06879,USR06879,Mobile,East,Organic,Electronics,2,Add to Cart,2025-10-27 16:16:40
SES06880,USR06880,Tablet,North,Social Media,Electronics,3,Checkout,2025-10-10 04:07:54
SES06881,USR06881,Desktop,North,Social Media,Sports,2,Add to Cart,2025-10-23 04:11:21
SES06882,USR06882,Desktop,North,Email,Home,2,Add to Cart,2025-10-19 16:43:49
SES06883,USR06883,Mobile,West,Social Media,Fashion,2,Add to Cart,2025-10-16 04:22:28
SES06884,USR06884,Mobile,North,Organic,Electronics,4,Purchase,2025-10-20 00:28:50
SES06885,USR06885,Desktop,South,Social Media,Fashion,4,Purchase,2025-10-16 23:48:49
SES06886,USR06886,Tablet,East,Organic,Electronics,2,Add to Cart,2025-10-05 22:35:49
SES06887,USR06887,Desktop,East,Email,Sports,2,Add to Cart,2025-10-02 07:59:28
SES06888,USR06888,Tablet,North,Social Media,Home,2,Add to Cart,2025-10-13 11:11:54
SES06889,USR06889,Tablet,South,Organic,Home,2,Add to Cart,2025-10-19 08:29:22
SES06890,USR06890,Mobile,East,Social Media,Electronics,3,Checkout,2025-10-08 13:40:41
SES06891,USR06891,Tablet,South,Social Media,Fashion,3,Checkout,2025-10-31 16:22:35
SES06892,USR06892,Tablet,North,Organic,Fashion,2,Add to Cart,2025-10-07 09:39:42
SES06893,USR06893,Desktop,East,Organic,Home,3,Checkout,2025-10-16 21:43:50
SES06894,USR06894,Desktop,East,Organic,Fashion,3,Checkout,2025-10-14 06:32:36
SES06895,USR06895,Tablet,North,Organic,Home,2,Add to Cart,2025-10-13 10:57:55
SES06896,USR06896,Desktop,East,Organic,Home,1,Browse,2025-10-03 15:47:26
SES06897,USR06897,Tablet,South,Email,Fashion,2,Add to Cart,2025-10-25 23:05:41
SES06898,USR06898,Mobile,East,Email,Electronics,1,Browse,2025-10-03 01:05:27
SES06899,USR06899,Mobile,East,Email,Home,3,Checkout,2025-10-12 08:15:33
SES06900,USR06900,Tablet,West,Social Media,Electronics,1,Browse,2025-10-14 10:27:06
SES06901,USR06901,Mobile,South,Google Ads,Electronics,1,Browse,2025-10-09 03:17:30
SES06902,USR06902,Tablet,West,Google Ads,Home,3,Checkout,2025-10-04 01:00:44
SES06903,USR06903,Mobile,South,Email,Electronics,3,Checkout,2025-10-21 09:28:15
SES06904,USR06904,Mobile,North,Social Media,Fashion,2,Add to Cart,2025-10-02 05:58:39
SES06905,USR06905,Tablet,East,Google Ads,Fashion,3,Checkout,2025-10-03 02:23:54
SES06906,USR06906,Desktop,East,Social Media,Beauty,1,Browse,2025-10-23 11:02:29
SES06907,USR06907,Mobile,West,Google Ads,Sports,3,Checkout,2025-10-24 10:55:01
SES06908,USR06908,Desktop,North,Email,Beauty,4,Purchase,2025-10-05 16:54:34
SES06909,USR06909,Desktop,East,Email,Beauty,3,Checkout,2025-10-29 04:42:21
SES06910,USR06910,Tablet,East,Organic,Electronics,2,Add to Cart,2025-10-18 20:57:33
SES06911,USR06911,Mobile,South,Google Ads,Sports,2,Add to Cart,2025-10-13 17:20:13
SES06912,USR06912,Tablet,North,Organic,Sports,3,Checkout,2025-10-08 09:51:38
SES06913,USR06913,Desktop,East,Email,Fashion,1,Browse,2025-10-08 23:13:05
SES06914,USR06914,Tablet,West,Email,Home,1,Browse,2025-10-07 08:42:04
SES06915,USR06915,Mobile,West,Organic,Home,4,Purchase,2025-10-02 14:45:48
SES06916,USR06916,Tablet,North,Google Ads,Electronics,3,Checkout,2025-10-11 10:42:14
SES06917,USR06917,Tablet,East,Social Media,Electronics,2,Add to Cart,2025-10-26 12:16:38
SES06918,USR06918,Desktop,North,Social Media,Electronics,2,Add to Cart,2025-10-27 21:37:20
SES06919,USR06919,Tablet,West,Google Ads,Fashion,1,Browse,2025-10-07 20:25:16
SES06920,USR06920,Mobile,South,Email,Electronics,2,Add to Cart,2025-10-05 23:07:18
SES06921,USR06921,Mobile,South,Google Ads,Electronics,2,Add to Cart,2025-10-23 23:29:58
SES06922,USR06922,Tablet,West,Social Media,Beauty,3,Checkout,2025-10-07 23:55:44
SES06923,USR06923,Mobile,South,Google Ads,Home,3,Checkout,2025-10-29 08:59:56
SES06924,USR06924,Desktop,West,Organic,Electronics,2,Add to Cart,2025-10-12 14:28:57
SES06925,USR06925,Desktop,South,Email,Sports,3,Checkout,2025-10-03 09:56:52
SES06926,USR06926,Desktop,North,Social Media,Electronics,2,Add to Cart,2025-10-26 02:07:03
SES06927,USR06927,Mobile,West,Organic,Electronics,2,Add to Cart,2025-10-21 08:45:56
SES06928,USR06928,Tablet,West,Social Media,Beauty,1,Browse,2025-10-05 07:49:23
SES06929,USR06929,Tablet,East,Organic,Sports,2,Add to Cart,2025-10-24 13:58:00
SES06930,USR06930,Mobile,East,Organic,Home,2,Add to Cart,2025-10-03 07:29:24
SES06931,USR06931,Desktop,South,Google Ads,Beauty,2,Add to Cart,2025-10-06 16:17:07
SES06932,USR06932,Mobile,North,Google Ads,Beauty,2,Add to Cart,2025-10-16 15:56:03
SES06933,USR06933,Desktop,East,Social Media,Fashion,3,Checkout,2025-10-25 18:18:06
SES06934,USR06934,Mobile,South,Email,Electronics,3,Checkout,2025-10-22 19:07:39
SES06935,USR06935,Mobile,South,Google Ads,Fashion,2,Add to Cart,2025-10-22 18:33:07
SES06936,USR06936,Desktop,North,Social Media,Beauty,2,Add to Cart,2025-10-01 23:22:19
SES06937,USR06937,Tablet,West,Social Media,Fashion,4,Purchase,2025-10-16 09:01:54
SES06938,USR06938,Tablet,North,Google Ads,Electronics,3,Checkout,2025-10-24 10:57:13
SES06939,USR06939,Mobile,East,Social Media,Home,1,Browse,2025-10-18 16:03:03
SES06940,USR06940,Tablet,South,Organic,Sports,1,Browse,2025-10-05 18:43:48
SES06941,USR06941,Tablet,North,Organic,Fashion,1,Browse,2025-10-25 16:56:33
SES06942,USR06942,Desktop,West,Social Media,Fashion,1,Browse,2025-10-19 05:41:03
SES06943,USR06943,Mobile,West,Email,Fashion,2,Add to Cart,2025-10-26 00:40:13
SES06944,USR06944,Desktop,East,Social Media,Beauty,4,Purchase,2025-10-18 01:13:21
SES06945,USR06945,Tablet,North,Email,Electronics,2,Add to Cart,2025-10-03 20:44:20
SES06946,USR06946,Mobile,North,Social Media,Fashion,2,Add to Cart,2025-10-03 16:26:19
SES06947,USR06947,Desktop,East,Google Ads,Electronics,3,Checkout,2025-10-31 05:10:53
SES06948,USR06948,Desktop,West,Social Media,Beauty,1,Browse,2025-10-09 22:26:40
SES06949,USR06949,Mobile,West,Social Media,Sports,1,Browse,2025-10-30 19:53:23
SES06950,USR06950,Desktop,South,Google Ads,Home,1,Browse,2025-10-04 11:20:37
SES06951,USR06951,Tablet,South,Organic,Home,3,Checkout,2025-10-09 07:51:55
SES06952,USR06952,Desktop,East,Organic,Home,2,Add to Cart,2025-10-21 20:11:49
SES06953,USR06953,Mobile,East,Organic,Beauty,2,Add to Cart,2025-10-11 14:26:44
SES06954,USR06954,Tablet,East,Organic,Sports,3,Checkout,2025-10-18 10:54:11
SES06955,USR06955,Mobile,West,Organic,Electronics,1,Browse,2025-10-27 01:14:23
SES06956,USR06956,Tablet,West,Email,Home,3,Checkout,2025-10-28 01:36:40
SES06957,USR06957,Desktop,North,Organic,Sports,3,Checkout,2025-10-11 16:32:09
SES06958,USR06958,Desktop,West,Organic,Electronics,2,Add to Cart,2025-10-05 14:09:27
SES06959,USR06959,Desktop,South,Google Ads,Home,2,Add to Cart,2025-10-14 05:18:42
SES06960,USR06960,Mobile,West,Organic,Sports,2,Add to Cart,2025-10-12 22:30:20
SES06961,USR06961,Mobile,West,Organic,Sports,2,Add to Cart,2025-10-15 20:53:29
SES06962,USR06962,Mobile,East,Google Ads,Home,1,Browse,2025-10-06 15:48:52
SES06963,USR06963,Tablet,East,Social Media,Fashion,1,Browse,2025-10-14 12:43:52
SES06964,USR06964,Desktop,West,Social Media,Sports,4,Purchase,2025-10-07 22:58:09
SES06965,USR06965,Desktop,South,Email,Fashion,1,Browse,2025-10-28 13:05:13
SES06966,USR06966,Tablet,West,Organic,Sports,2,Add to Cart,2025-10-05 16:04:39
SES06967,USR06967,Tablet,South,Email,Electronics,2,Add to Cart,2025-10-20 03:06:36
SES06968,USR06968,Desktop,South,Google Ads,Home,1,Browse,2025-10-10 23:32:52
SES06969,USR06969,Desktop,East,Social Media,Fashion,2,Add to Cart,2025-10-21 18:04:34
SES06970,USR06970,Tablet,North,Google Ads,Electronics,1,Browse,2025-10-02 20:30:07
SES06971,USR06971,Tablet,South,Email,Fashion,3,Checkout,2025-10-31 08:18:26
SES06972,USR06972,Mobile,North,Social Media,Fashion,1,Browse,2025-10-11 20:39:28
SES06973,USR06973,Mobile,North,Email,Electronics,4,Purchase,2025-10-12 23:00:28
SES06974,USR06974,Desktop,East,Social Media,Sports,2,Add to Cart,2025-10-27 04:26:14
SES06975,USR06975,Mobile,North,Email,Home,3,Checkout,2025-10-02 20:39:35
SES06976,USR06976,Mobile,North,Organic,Fashion,3,Checkout,2025-10-04 01:45:15
SES06977,USR06977,Mobile,East,Organic,Fashion,4,Purchase,2025-10-11 04:22:10
SES06978,USR06978,Tablet,West,Google Ads,Sports,3,Checkout,2025-10-17 17:18:35
SES06979,USR06979,Desktop,West,Social Media,Fashion,1,Browse,2025-10-07 13:21:23
SES06980,USR06980,Desktop,West,Google Ads,Sports,3,Checkout,2025-10-27 22:42:37
SES06981,USR06981,Tablet,East,Email,Electronics,2,Add to Cart,2025-10-08 12:58:36
SES06982,USR06982,Tablet,South,Social Media,Fashion,1,Browse,2025-10-28 07:21:49
SES06983,USR06983,Desktop,East,Google Ads,Home,2,Add to Cart,2025-10-03 19:09:05
SES06984,USR06984,Desktop,West,Organic,Electronics,1,Browse,2025-10-03 05:16:44
SES06985,USR06985,Tablet,West,Organic,Beauty,3,Checkout,2025-10-25 14:20:41
SES06986,USR06986,Mobile,South,Organic,Fashion,4,Purchase,2025-10-13 07:54:31
SES06987,USR06987,Mobile,North,Google Ads,Home,2,Add to Cart,2025-10-06 18:36:42
SES06988,USR06988,Tablet,South,Email,Beauty,3,Checkout,2025-10-25 02:25:59
SES06989,USR06989,Desktop,West,Google Ads,Beauty,4,Purchase,2025-10-09 10:26:34
SES06990,USR06990,Tablet,South,Email,Electronics,3,Checkout,2025-10-05 06:27:01
SES06991,USR06991,Tablet,East,Google Ads,Fashion,1,Browse,2025-10-25 05:00:21
SES06992,USR06992,Mobile,North,Organic,Home,1,Browse,2025-10-18 01:02:11
SES06993,USR06993,Tablet,North,Organic,Fashion,3,Checkout,2025-10-01 19:30:17
SES06994,USR06994,Mobile,North,Google Ads,Electronics,3,Checkout,2025-10-20 11:51:10
SES06995,USR06995,Desktop,East,Social Media,Beauty,3,Checkout,2025-10-17 21:20:48
SES06996,USR06996,Desktop,West,Email,Home,1,Browse,2025-10-25 20:10:10
SES06997,USR06997,Tablet,East,Organic,Beauty,2,Add to Cart,2025-10-11 16:18:35
SES06998,USR06998,Tablet,South,Social Media,Electronics,2,Add to Cart,2025-10-27 03:22:15
SES06999,USR06999,Mobile,East,Email,Electronics,1,Browse,2025-10-23 07:39:17
SES07000,USR07000,Desktop,South,Organic,Beauty,3,Checkout,2025-10-10 00:16:15
SES07001,USR07001,Tablet,North,Social Media,Sports,1,Browse,2025-10-10 05:03:42
SES07002,USR07002,Tablet,North,Google Ads,Sports,2,Add to Cart,2025-10-02 12:51:48
SES07003,USR07003,Tablet,North,Email,Electronics,2,Add to Cart,2025-10-11 06:22:40
SES07004,USR07004,Mobile,East,Organic,Home,2,Add to Cart,2025-10-05 17:55:15
SES07005,USR07005,Desktop,West,Email,Home,2,Add to Cart,2025-10-14 03:03:08
SES07006,USR07006,Mobile,South,Email,Fashion,4,Purchase,2025-10-20 21:21:54
SES07007,USR07007,Mobile,East,Social Media,Fashion,3,Checkout,2025-10-24 23:20:29
SES07008,USR07008,Desktop,South,Email,Sports,1,Browse,2025-10-28 18:51:05
SES07009,USR07009,Tablet,South,Google Ads,Home,2,Add to Cart,2025-10-03 00:22:50
SES07010,USR07010,Desktop,East,Organic,Beauty,3,Checkout,2025-10-08 09:26:00
SES07011,USR07011,Desktop,North,Organic,Fashion,4,Purchase,2025-10-17 14:40:13
SES07012,USR07012,Desktop,North,Organic,Electronics,2,Add to Cart,2025-10-13 11:28:33
SES07013,USR07013,Mobile,North,Social Media,Sports,3,Checkout,2025-10-24 01:27:56
SES07014,USR07014,Tablet,West,Email,Electronics,2,Add to Cart,2025-10-14 06:50:59
SES07015,USR07015,Tablet,East,Organic,Home,3,Checkout,2025-10-10 07:28:31
SES07016,USR07016,Tablet,East,Social Media,Sports,2,Add to Cart,2025-10-29 02:58:10
SES07017,USR07017,Tablet,West,Google Ads,Fashion,2,Add to Cart,2025-10-15 14:17:14
SES07018,USR07018,Tablet,West,Email,Electronics,1,Browse,2025-10-30 21:50:04
SES07019,USR07019,Desktop,South,Organic,Electronics,1,Browse,2025-10-07 02:06:20
SES07020,USR07020,Mobile,South,Email,Home,3,Checkout,2025-10-05 07:30:41
SES07021,USR07021,Tablet,South,Email,Home,2,Add to Cart,2025-10-14 09:23:27
SES07022,USR07022,Tablet,North,Google Ads,Beauty,3,Checkout,2025-10-18 10:56:54
SES07023,USR07023,Mobile,South,Organic,Beauty,3,Checkout,2025-10-25 16:56:51
SES07024,USR07024,Tablet,East,Social Media,Fashion,4,Purchase,2025-10-17 01:32:23
SES07025,USR07025,Mobile,South,Organic,Sports,4,Purchase,2025-10-07 01:14:32
SES07026,USR07026,Desktop,North,Social Media,Home,2,Add to Cart,2025-10-17 12:31:20
SES07027,USR07027,Tablet,North,Organic,Electronics,1,Browse,2025-10-23 12:26:14
SES07028,USR07028,Tablet,South,Organic,Sports,3,Checkout,2025-10-19 09:14:55
SES07029,USR07029,Tablet,East,Social Media,Electronics,2,Add to Cart,2025-10-22 11:09:48
SES07030,USR07030,Desktop,South,Social Media,Electronics,2,Add to Cart,2025-10-23 18:56:28
SES07031,USR07031,Tablet,East,Organic,Beauty,3,Checkout,2025-10-25 23:00:18
SES07032,USR07032,Tablet,West,Social Media,Home,2,Add to Cart,2025-10-13 18:09:21
SES07033,USR07033,Mobile,North,Email,Sports,1,Browse,2025-10-31 04:28:02
SES07034,USR07034,Mobile,East,Organic,Sports,2,Add to Cart,2025-10-13 09:10:40
SES07035,USR07035,Desktop,West,Social Media,Fashion,4,Purchase,2025-10-23 09:58:19
SES07036,USR07036,Desktop,West,Google Ads,Fashion,4,Purchase,2025-10-04 01:36:04
SES07037,USR07037,Tablet,West,Email,Sports,3,Checkout,2025-10-21 18:16:27
SES07038,USR07038,Tablet,North,Social Media,Sports,4,Purchase,2025-10-18 09:27:38
SES07039,USR07039,Desktop,West,Organic,Home,2,Add to Cart,2025-10-09 03:45:21
SES07040,USR07040,Tablet,West,Organic,Home,2,Add to Cart,2025-10-02 19:51:42
SES07041,USR07041,Desktop,North,Organic,Electronics,1,Browse,2025-10-05 15:54:35
SES07042,USR07042,Desktop,South,Social Media,Beauty,2,Add to Cart,2025-10-13 00:51:08
SES07043,USR07043,Desktop,South,Organic,Fashion,1,Browse,2025-10-28 10:54:35
SES07044,USR07044,Mobile,North,Social Media,Home,2,Add to Cart,2025-10-22 05:33:16
SES07045,USR07045,Desktop,East,Social Media,Sports,3,Checkout,2025-10-24 00:27:44
SES07046,USR07046,Mobile,West,Social Media,Sports,3,Checkout,2025-10-09 02:12:13
SES07047,USR07047,Mobile,West,Email,Beauty,2,Add to Cart,2025-10-02 20:45:06
SES07048,USR07048,Tablet,South,Google Ads,Home,3,Checkout,2025-10-07 22:05:18
SES07049,USR07049,Desktop,West,Google Ads,Sports,3,Checkout,2025-10-24 21:37:30
SES07050,USR07050,Tablet,West,Social Media,Home,2,Add to Cart,2025-10-11 10:53:54
SES07051,USR07051,Mobile,West,Email,Fashion,3,Checkout,2025-10-24 12:25:25
SES07052,USR07052,Mobile,South,Google Ads,Sports,2,Add to Cart,2025-10-21 17:24:53
SES07053,USR07053,Desktop,East,Social Media,Home,2,Add to Cart,2025-10-13 01:45:09
SES07054,USR07054,Tablet,West,Social Media,Fashion,3,Checkout,2025-10-29 13:32:31
SES07055,USR07055,Tablet,South,Social Media,Beauty,2,Add to Cart,2025-10-23 07:45:55
SES07056,USR07056,Tablet,West,Google Ads,Beauty,2,Add to Cart,2025-10-13 05:40:36
SES07057,USR07057,Desktop,East,Organic,Beauty,2,Add to Cart,2025-10-10 07:50:10
SES07058,USR07058,Mobile,East,Google Ads,Sports,1,Browse,2025-10-18 12:35:21
SES07059,USR07059,Desktop,West,Organic,Fashion,3,Checkout,2025-10-10 16:47:09
SES07060,USR07060,Desktop,East,Email,Sports,1,Browse,2025-10-07 23:45:54
SES07061,USR07061,Tablet,West,Google Ads,Electronics,4,Purchase,2025-10-07 05:01:53
SES07062,USR07062,Desktop,East,Email,Home,2,Add to Cart,2025-10-07 13:31:40
SES07063,USR07063,Mobile,South,Organic,Sports,3,Checkout,2025-10-15 15:07:43
SES07064,USR07064,Desktop,West,Email,Sports,2,Add to Cart,2025-10-05 05:15:07
SES07065,USR07065,Desktop,South,Email,Beauty,3,Checkout,2025-10-10 03:51:25
SES07066,USR07066,Desktop,West,Email,Home,2,Add to Cart,2025-10-19 03:23:30
SES07067,USR07067,Mobile,East,Email,Sports,2,Add to Cart,2025-10-09 13:17:10
SES07068,USR07068,Tablet,South,Email,Fashion,2,Add to Cart,2025-10-09 18:26:16
SES07069,USR07069,Mobile,North,Organic,Electronics,1,Browse,2025-10-09 02:56:42
SES07070,USR07070,Desktop,North,Organic,Electronics,4,Purchase,2025-10-22 08:44:44
SES07071,USR07071,Tablet,West,Social Media,Sports,3,Checkout,2025-10-06 13:51:41
SES07072,USR07072,Mobile,North,Social Media,Electronics,2,Add to Cart,2025-10-29 00:46:31
SES07073,USR07073,Desktop,South,Google Ads,Beauty,2,Add to Cart,2025-10-04 00:04:59
SES07074,USR07074,Desktop,North,Social Media,Electronics,1,Browse,2025-10-17 11:22:00
SES07075,USR07075,Desktop,West,Email,Beauty,1,Browse,2025-10-28 03:40:02
SES07076,USR07076,Desktop,North,Google Ads,Fashion,3,Checkout,2025-10-24 21:27:41
SES07077,USR07077,Tablet,West,Social Media,Sports,4,Purchase,2025-10-11 11:31:37
SES07078,USR07078,Tablet,East,Email,Electronics,1,Browse,2025-10-19 20:45:52
SES07079,USR07079,Mobile,South,Email,Fashion,2,Add to Cart,2025-10-16 16:47:56
SES07080,USR07080,Tablet,West,Social Media,Sports,3,Checkout,2025-10-20 06:32:59
SES07081,USR07081,Tablet,South,Social Media,Fashion,3,Checkout,2025-10-10 16:46:06
SES07082,USR07082,Tablet,South,Google Ads,Electronics,1,Browse,2025-10-04 01:33:50
SES07083,USR07083,Mobile,West,Email,Fashion,2,Add to Cart,2025-10-31 07:41:45
SES07084,USR07084,Mobile,South,Email,Electronics,4,Purchase,2025-10-16 02:55:20
SES07085,USR07085,Tablet,South,Organic,Beauty,2,Add to Cart,2025-10-28 21:15:40
SES07086,USR07086,Desktop,West,Organic,Sports,1,Browse,2025-10-16 22:47:46
SES07087,USR07087,Mobile,West,Email,Beauty,1,Browse,2025-10-22 19:43:20
SES07088,USR07088,Mobile,South,Google Ads,Beauty,4,Purchase,2025-10-13 07:56:55
SES07089,USR07089,Tablet,West,Email,Fashion,1,Browse,2025-10-21 00:24:33
SES07090,USR07090,Desktop,North,Email,Electronics,2,Add to Cart,2025-10-08 04:17:41
SES07091,USR07091,Mobile,North,Google Ads,Fashion,3,Checkout,2025-10-04 07:00:49
SES07092,USR07092,Desktop,East,Social Media,Beauty,3,Checkout,2025-10-24 03:19:07
SES07093,USR07093,Tablet,East,Google Ads,Beauty,2,Add to Cart,2025-10-16 17:31:34
SES07094,USR07094,Tablet,West,Email,Sports,1,Browse,2025-10-03 11:05:39
SES07095,USR07095,Mobile,South,Google Ads,Fashion,2,Add to Cart,2025-10-25 04:04:04
SES07096,USR07096,Tablet,East,Social Media,Electronics,4,Purchase,2025-10-22 17:58:17
SES07097,USR07097,Mobile,South,Social Media,Sports,4,Purchase,2025-10-16 10:19:21
SES07098,USR07098,Desktop,North,Social Media,Fashion,2,Add to Cart,2025-10-18 21:12:31
SES07099,USR07099,Tablet,East,Email,Home,1,Browse,2025-10-30 13:26:57
SES07100,USR07100,Mobile,South,Google Ads,Electronics,1,Browse,2025-10-21 18:45:27
SES07101,USR07101,Tablet,East,Social Media,Beauty,3,Checkout,2025-10-15 00:23:54
SES07102,USR07102,Tablet,West,Google Ads,Fashion,2,Add to Cart,2025-10-13 06:36:47
SES07103,USR07103,Tablet,North,Email,Beauty,3,Checkout,2025-10-02 19:58:49
SES07104,USR07104,Mobile,North,Organic,Sports,1,Browse,2025-10-10 09:48:08
SES07105,USR07105,Tablet,East,Social Media,Fashion,4,Purchase,2025-10-26 03:53:19
SES07106,USR07106,Desktop,East,Organic,Home,1,Browse,2025-10-20 20:26:35
SES07107,USR07107,Tablet,East,Google Ads,Beauty,1,Browse,2025-10-23 19:12:41
SES07108,USR07108,Desktop,West,Google Ads,Fashion,2,Add to Cart,2025-10-24 05:03:34
SES07109,USR07109,Mobile,South,Google Ads,Beauty,1,Browse,2025-10-10 19:49:32
SES07110,USR07110,Mobile,South,Google Ads,Home,2,Add to Cart,2025-10-13 20:11:47
SES07111,USR07111,Tablet,North,Organic,Beauty,1,Browse,2025-10-18 18:13:11
SES07112,USR07112,Tablet,North,Email,Home,4,Purchase,2025-10-14 23:55:18
SES07113,USR07113,Mobile,East,Social Media,Fashion,4,Purchase,2025-10-16 22:15:45
SES07114,USR07114,Mobile,East,Google Ads,Beauty,3,Checkout,2025-10-04 20:07:29
SES07115,USR07115,Desktop,West,Email,Electronics,2,Add to Cart,2025-10-31 14:51:10
SES07116,USR07116,Desktop,North,Email,Fashion,3,Checkout,2025-10-22 15:22:41
SES07117,USR07117,Mobile,North,Organic,Beauty,1,Browse,2025-10-18 06:30:27
SES07118,USR07118,Desktop,North,Organic,Electronics,3,Checkout,2025-10-11 20:10:30
SES07119,USR07119,Desktop,North,Social Media,Sports,1,Browse,2025-10-22 13:42:13
SES07120,USR07120,Desktop,North,Organic,Beauty,2,Add to Cart,2025-10-29 04:54:01
SES07121,USR07121,Tablet,East,Organic,Beauty,4,Purchase,2025-10-07 17:40:23
SES07122,USR07122,Mobile,South,Social Media,Home,2,Add to Cart,2025-10-04 20:42:13
SES07123,USR07123,Mobile,South,Social Media,Electronics,1,Browse,2025-10-02 13:38:11
SES07124,USR07124,Mobile,North,Google Ads,Beauty,1,Browse,2025-10-29 10:16:08
SES07125,USR07125,Tablet,South,Email,Electronics,4,Purchase,2025-10-30 16:46:05
SES07126,USR07126,Mobile,West,Organic,Fashion,2,Add to Cart,2025-10-17 03:47:40
SES07127,USR07127,Tablet,East,Google Ads,Sports,2,Add to Cart,2025-10-16 15:20:54
SES07128,USR07128,Mobile,West,Organic,Home,2,Add to Cart,2025-10-15 22:37:58
SES07129,USR07129,Desktop,East,Email,Sports,1,Browse,2025-10-08 12:26:33
SES07130,USR07130,Desktop,West,Organic,Fashion,1,Browse,2025-10-27 01:05:23
SES07131,USR07131,Mobile,East,Email,Home,3,Checkout,2025-10-27 01:20:59
SES07132,USR07132,Tablet,South,Google Ads,Beauty,2,Add to Cart,2025-10-22 20:58:18
SES07133,USR07133,Tablet,North,Social Media,Home,3,Checkout,2025-10-25 01:59:19
SES07134,USR07134,Desktop,West,Organic,Beauty,1,Browse,2025-10-02 16:32:12
SES07135,USR07135,Mobile,North,Google Ads,Sports,3,Checkout,2025-10-23 11:11:03
SES07136,USR07136,Desktop,North,Google Ads,Home,4,Purchase,2025-10-28 18:59:11
SES07137,USR07137,Mobile,West,Social Media,Home,1,Browse,2025-10-09 18:32:03
SES07138,USR07138,Desktop,South,Email,Fashion,4,Purchase,2025-10-17 01:07:14
SES07139,USR07139,Desktop,South,Social Media,Home,1,Browse,2025-10-26 23:55:24
SES07140,USR07140,Tablet,North,Social Media,Electronics,2,Add to Cart,2025-10-06 01:29:53
SES07141,USR07141,Desktop,South,Google Ads,Beauty,4,Purchase,2025-10-06 19:15:54
SES07142,USR07142,Tablet,East,Google Ads,Fashion,1,Browse,2025-10-26 08:47:55
SES07143,USR07143,Desktop,East,Organic,Sports,3,Checkout,2025-10-05 10:49:57
SES07144,USR07144,Desktop,West,Email,Sports,2,Add to Cart,2025-10-23 02:47:12
SES07145,USR07145,Desktop,East,Google Ads,Electronics,1,Browse,2025-10-14 11:25:37
SES07146,USR07146,Mobile,North,Google Ads,Sports,1,Browse,2025-10-20 12:31:13
SES07147,USR07147,Tablet,West,Organic,Beauty,2,Add to Cart,2025-10-13 12:26:51
SES07148,USR07148,Desktop,North,Google Ads,Beauty,1,Browse,2025-10-03 13:24:14
SES07149,USR07149,Tablet,East,Organic,Fashion,2,Add to Cart,2025-10-13 15:54:07
SES07150,USR07150,Mobile,North,Social Media,Sports,2,Add to Cart,2025-10-14 14:53:00
SES07151,USR07151,Desktop,East,Organic,Sports,1,Browse,2025-10-15 08:28:27
SES07152,USR07152,Desktop,South,Google Ads,Fashion,1,Browse,2025-10-15 17:59:30
SES07153,USR07153,Mobile,West,Email,Beauty,1,Browse,2025-10-06 12:27:23
SES07154,USR07154,Mobile,South,Social Media,Home,2,Add to Cart,2025-10-17 02:23:13
SES07155,USR07155,Mobile,South,Social Media,Electronics,2,Add to Cart,2025-10-31 16:18:29
SES07156,USR07156,Desktop,West,Social Media,Beauty,2,Add to Cart,2025-10-06 01:13:54
SES07157,USR07157,Desktop,South,Social Media,Fashion,1,Browse,2025-10-24 00:32:39
SES07158,USR07158,Mobile,East,Email,Home,1,Browse,2025-10-21 21:29:32
SES07159,USR07159,Desktop,South,Email,Beauty,3,Checkout,2025-10-24 06:02:20
SES07160,USR07160,Desktop,West,Organic,Electronics,2,Add to Cart,2025-10-19 22:17:27
SES07161,USR07161,Mobile,North,Email,Home,1,Browse,2025-10-28 05:05:51
SES07162,USR07162,Tablet,West,Email,Beauty,3,Checkout,2025-10-06 00:16:54
SES07163,USR07163,Tablet,East,Email,Home,1,Browse,2025-10-21 16:09:56
SES07164,USR07164,Desktop,North,Organic,Electronics,4,Purchase,2025-10-04 16:09:30
SES07165,USR07165,Mobile,South,Organic,Fashion,2,Add to Cart,2025-10-04 04:31:18
SES07166,USR07166,Desktop,East,Social Media,Fashion,2,Add to Cart,2025-10-10 10:13:00
SES07167,USR07167,Desktop,East,Email,Electronics,2,Add to Cart,2025-10-23 23:29:49
SES07168,USR07168,Tablet,West,Organic,Electronics,2,Add to Cart,2025-10-18 22:21:02
SES07169,USR07169,Tablet,South,Organic,Home,3,Checkout,2025-10-08 05:20:18
SES07170,USR07170,Tablet,South,Social Media,Fashion,4,Purchase,2025-10-20 11:23:10
SES07171,USR07171,Mobile,South,Organic,Home,1,Browse,2025-10-08 15:32:34
SES07172,USR07172,Desktop,East,Google Ads,Home,2,Add to Cart,2025-10-15 20:46:47
SES07173,USR07173,Desktop,South,Social Media,Home,3,Checkout,2025-10-15 05:54:12
SES07174,USR07174,Mobile,East,Email,Home,1,Browse,2025-10-20 02:23:47
SES07175,USR07175,Tablet,East,Social Media,Sports,2,Add to Cart,2025-10-21 17:06:35
SES07176,USR07176,Tablet,South,Social Media,Electronics,3,Checkout,2025-10-27 07:01:25
SES07177,USR07177,Mobile,West,Social Media,Fashion,3,Checkout,2025-10-07 20:23:09
SES07178,USR07178,Tablet,North,Organic,Fashion,3,Checkout,2025-10-14 03:20:09
SES07179,USR07179,Desktop,South,Social Media,Fashion,3,Checkout,2025-10-15 00:44:30
SES07180,USR07180,Mobile,North,Email,Sports,2,Add to Cart,2025-10-08 07:05:44
SES07181,USR07181,Desktop,East,Social Media,Fashion,3,Checkout,2025-10-03 14:34:15
SES07182,USR07182,Mobile,East,Social Media,Sports,2,Add to Cart,2025-10-25 23:35:13
SES07183,USR07183,Desktop,North,Google Ads,Fashion,2,Add to Cart,2025-10-26 02:32:48
SES07184,USR07184,Desktop,South,Google Ads,Beauty,3,Checkout,2025-10-25 02:35:03
SES07185,USR07185,Mobile,West,Social Media,Fashion,4,Purchase,2025-10-28 04:20:47
SES07186,USR07186,Tablet,West,Google Ads,Fashion,2,Add to Cart,2025-10-18 21:24:13
SES07187,USR07187,Desktop,South,Email,Fashion,1,Browse,2025-10-25 12:03:42
SES07188,USR07188,Desktop,East,Google Ads,Sports,1,Browse,2025-10-22 07:58:41
SES07189,USR07189,Desktop,South,Email,Sports,3,Checkout,2025-10-30 17:49:53
SES07190,USR07190,Tablet,West,Google Ads,Home,2,Add to Cart,2025-10-28 23:13:02
SES07191,USR07191,Mobile,North,Email,Sports,3,Checkout,2025-10-10 02:15:10
SES07192,USR07192,Desktop,East,Google Ads,Fashion,4,Purchase,2025-10-24 06:21:56
SES07193,USR07193,Desktop,South,Organic,Electronics,3,Checkout,2025-10-19 06:17:19
SES07194,USR07194,Desktop,West,Organic,Home,2,Add to Cart,2025-10-15 06:37:34
SES07195,USR07195,Tablet,South,Email,Electronics,3,Checkout,2025-10-30 15:58:38
SES07196,USR07196,Desktop,East,Organic,Beauty,4,Purchase,2025-10-22 00:32:48
SES07197,USR07197,Desktop,South,Social Media,Sports,1,Browse,2025-10-15 23:46:41
SES07198,USR07198,Desktop,West,Social Media,Fashion,1,Browse,2025-10-14 23:52:45
SES07199,USR07199,Desktop,East,Google Ads,Fashion,3,Checkout,2025-10-04 10:30:11
SES07200,USR07200,Mobile,North,Email,Fashion,1,Browse,2025-10-05 18:47:01
SES07201,USR07201,Tablet,South,Email,Home,3,Checkout,2025-10-03 23:50:20
SES07202,USR07202,Mobile,East,Social Media,Sports,3,Checkout,2025-10-19 12:52:37
SES07203,USR07203,Desktop,East,Email,Beauty,1,Browse,2025-10-02 14:35:14
SES07204,USR07204,Desktop,South,Organic,Sports,3,Checkout,2025-10-24 07:26:37
SES07205,USR07205,Tablet,South,Email,Home,3,Checkout,2025-10-11 21:14:10
SES07206,USR07206,Tablet,North,Organic,Fashion,3,Checkout,2025-10-02 08:22:34
SES07207,USR07207,Mobile,South,Social Media,Beauty,2,Add to Cart,2025-10-06 12:22:37
SES07208,USR07208,Tablet,North,Social Media,Beauty,4,Purchase,2025-10-24 03:49:54
SES07209,USR07209,Tablet,West,Organic,Home,2,Add to Cart,2025-10-06 05:18:51
SES07210,USR07210,Mobile,North,Google Ads,Home,1,Browse,2025-10-10 07:36:33
SES07211,USR07211,Tablet,East,Social Media,Home,3,Checkout,2025-10-08 12:23:39
SES07212,USR07212,Desktop,South,Social Media,Fashion,3,Checkout,2025-10-05 16:21:07
SES07213,USR07213,Tablet,North,Organic,Fashion,1,Browse,2025-10-31 13:17:22
SES07214,USR07214,Tablet,East,Organic,Sports,1,Browse,2025-10-19 00:23:53
SES07215,USR07215,Tablet,West,Google Ads,Sports,2,Add to Cart,2025-10-08 01:14:53
SES07216,USR07216,Desktop,South,Organic,Beauty,1,Browse,2025-10-10 19:25:33
SES07217,USR07217,Tablet,South,Organic,Home,3,Checkout,2025-10-29 20:45:09
SES07218,USR07218,Desktop,South,Social Media,Electronics,3,Checkout,2025-10-05 11:46:08
SES07219,USR07219,Mobile,East,Social Media,Home,2,Add to Cart,2025-10-16 22:03:14
SES07220,USR07220,Tablet,North,Organic,Fashion,2,Add to Cart,2025-10-06 21:08:39
SES07221,USR07221,Mobile,North,Email,Beauty,2,Add to Cart,2025-10-23 04:33:23
SES07222,USR07222,Desktop,North,Social Media,Sports,3,Checkout,2025-10-30 19:33:32
SES07223,USR07223,Mobile,West,Organic,Beauty,1,Browse,2025-10-22 13:10:54
SES07224,USR07224,Mobile,West,Organic,Beauty,2,Add to Cart,2025-10-14 15:26:03
SES07225,USR07225,Mobile,South,Organic,Home,1,Browse,2025-10-30 22:03:49
SES07226,USR07226,Desktop,North,Social Media,Electronics,1,Browse,2025-10-11 05:23:19
SES07227,USR07227,Tablet,South,Email,Sports,4,Purchase,2025-10-14 17:37:34
SES07228,USR07228,Desktop,West,Email,Beauty,1,Browse,2025-10-21 17:27:28
SES07229,USR07229,Desktop,East,Social Media,Electronics,1,Browse,2025-10-10 23:06:00
SES07230,USR07230,Tablet,North,Google Ads,Sports,2,Add to Cart,2025-10-10 08:50:30
SES07231,USR07231,Mobile,North,Google Ads,Electronics,1,Browse,2025-10-03 21:09:54
SES07232,USR07232,Desktop,West,Social Media,Beauty,2,Add to Cart,2025-10-22 12:14:48
SES07233,USR07233,Tablet,South,Google Ads,Sports,3,Checkout,2025-10-15 07:12:54
SES07234,USR07234,Desktop,East,Google Ads,Electronics,3,Checkout,2025-10-05 23:16:12
SES07235,USR07235,Desktop,North,Organic,Home,1,Browse,2025-10-03 02:31:43
SES07236,USR07236,Mobile,South,Google Ads,Home,3,Checkout,2025-10-31 15:43:25
SES07237,USR07237,Desktop,West,Organic,Home,1,Browse,2025-10-27 22:02:59
SES07238,USR07238,Desktop,South,Email,Sports,1,Browse,2025-10-13 21:55:36
SES07239,USR07239,Mobile,South,Social Media,Sports,1,Browse,2025-10-11 09:47:56
SES07240,USR07240,Tablet,East,Social Media,Home,1,Browse,2025-10-04 13:21:01
SES07241,USR07241,Mobile,East,Organic,Fashion,1,Browse,2025-10-13 00:59:00
SES07242,USR07242,Tablet,East,Google Ads,Beauty,1,Browse,2025-10-29 23:41:48
SES07243,USR07243,Tablet,North,Social Media,Home,3,Checkout,2025-10-02 10:31:13
SES07244,USR07244,Desktop,South,Social Media,Home,3,Checkout,2025-10-06 19:36:16
SES07245,USR07245,Tablet,South,Organic,Beauty,1,Browse,2025-10-09 02:28:29
SES07246,USR07246,Mobile,West,Email,Sports,1,Browse,2025-10-29 21:30:28
SES07247,USR07247,Tablet,East,Google Ads,Beauty,3,Checkout,2025-10-02 03:13:56
SES07248,USR07248,Mobile,West,Social Media,Home,2,Add to Cart,2025-10-29 06:46:29
SES07249,USR07249,Desktop,West,Google Ads,Fashion,3,Checkout,2025-10-02 20:31:51
SES07250,USR07250,Mobile,West,Email,Fashion,2,Add to Cart,2025-10-30 00:32:42
SES07251,USR07251,Desktop,South,Organic,Sports,2,Add to Cart,2025-10-19 05:18:15
SES07252,USR07252,Desktop,East,Social Media,Beauty,2,Add to Cart,2025-10-22 02:13:02
SES07253,USR07253,Tablet,North,Social Media,Fashion,3,Checkout,2025-10-29 12:22:01
SES07254,USR07254,Desktop,East,Social Media,Beauty,3,Checkout,2025-10-16 10:06:30
SES07255,USR07255,Desktop,West,Google Ads,Sports,2,Add to Cart,2025-10-23 22:42:18
SES07256,USR07256,Desktop,East,Social Media,Beauty,2,Add to Cart,2025-10-14 13:10:51
SES07257,USR07257,Desktop,East,Google Ads,Sports,1,Browse,2025-10-07 20:12:19
SES07258,USR07258,Desktop,North,Email,Fashion,4,Purchase,2025-10-02 23:43:49
SES07259,USR07259,Desktop,East,Organic,Electronics,1,Browse,2025-10-07 09:14:27
SES07260,USR07260,Desktop,East,Organic,Sports,3,Checkout,2025-10-10 01:02:56
SES07261,USR07261,Tablet,West,Email,Beauty,2,Add to Cart,2025-10-07 21:06:23
SES07262,USR07262,Tablet,North,Google Ads,Sports,2,Add to Cart,2025-10-11 11:19:43
SES07263,USR07263,Desktop,North,Google Ads,Home,2,Add to Cart,2025-10-29 21:42:38
SES07264,USR07264,Tablet,South,Google Ads,Electronics,1,Browse,2025-10-13 12:05:44
SES07265,USR07265,Mobile,East,Email,Electronics,2,Add to Cart,2025-10-06 14:03:40
SES07266,USR07266,Mobile,North,Email,Sports,4,Purchase,2025-10-21 13:55:27
SES07267,USR07267,Tablet,South,Email,Home,4,Purchase,2025-10-30 04:44:47
SES07268,USR07268,Mobile,South,Email,Home,2,Add to Cart,2025-10-11 05:32:01
SES07269,USR07269,Desktop,South,Google Ads,Beauty,4,Purchase,2025-10-24 08:39:29
SES07270,USR07270,Desktop,West,Organic,Beauty,3,Checkout,2025-10-27 08:31:29
SES07271,USR07271,Mobile,East,Email,Beauty,2,Add to Cart,2025-10-29 03:52:24
SES07272,USR07272,Desktop,North,Google Ads,Beauty,2,Add to Cart,2025-10-21 18:49:06
SES07273,USR07273,Desktop,West,Email,Sports,1,Browse,2025-10-30 05:42:32
SES07274,USR07274,Desktop,South,Social Media,Fashion,2,Add to Cart,2025-10-17 20:49:45
SES07275,USR07275,Desktop,East,Organic,Beauty,3,Checkout,2025-10-29 19:59:48
SES07276,USR07276,Desktop,West,Email,Electronics,3,Checkout,2025-10-27 09:03:04
SES07277,USR07277,Desktop,North,Social Media,Electronics,2,Add to Cart,2025-10-12 21:04:04
SES07278,USR07278,Desktop,West,Email,Sports,1,Browse,2025-10-20 04:16:51
SES07279,USR07279,Mobile,East,Google Ads,Sports,1,Browse,2025-10-17 14:19:14
SES07280,USR07280,Desktop,South,Google Ads,Electronics,1,Browse,2025-10-04 16:13:42
SES07281,USR07281,Desktop,West,Email,Beauty,3,Checkout,2025-10-17 11:40:41
SES07282,USR07282,Mobile,West,Social Media,Fashion,2,Add to Cart,2025-10-30 06:01:46
SES07283,USR07283,Mobile,North,Organic,Beauty,2,Add to Cart,2025-10-14 05:43:00
SES07284,USR07284,Tablet,North,Google Ads,Electronics,3,Checkout,2025-10-07 04:55:29
SES07285,USR07285,Desktop,North,Organic,Fashion,1,Browse,2025-10-29 12:32:48
SES07286,USR07286,Mobile,North,Google Ads,Sports,1,Browse,2025-10-27 10:05:49
SES07287,USR07287,Mobile,South,Google Ads,Home,4,Purchase,2025-10-18 17:01:07
SES07288,USR07288,Tablet,West,Google Ads,Sports,3,Checkout,2025-10-28 14:38:00
SES07289,USR07289,Mobile,West,Social Media,Home,3,Checkout,2025-10-29 16:02:12
SES07290,USR07290,Tablet,South,Organic,Fashion,1,Browse,2025-10-18 14:22:26
SES07291,USR07291,Desktop,South,Organic,Beauty,2,Add to Cart,2025-10-14 16:33:49
SES07292,USR07292,Desktop,North,Social Media,Fashion,1,Browse,2025-10-29 01:45:47
SES07293,USR07293,Mobile,West,Organic,Electronics,2,Add to Cart,2025-10-21 08:03:59
SES07294,USR07294,Mobile,North,Email,Beauty,4,Purchase,2025-10-31 03:22:17
SES07295,USR07295,Tablet,East,Email,Sports,2,Add to Cart,2025-10-11 22:59:53
SES07296,USR07296,Desktop,South,Social Media,Sports,1,Browse,2025-10-23 14:52:04
SES07297,USR07297,Desktop,North,Organic,Sports,1,Browse,2025-10-20 21:45:38
SES07298,USR07298,Mobile,East,Google Ads,Home,2,Add to Cart,2025-10-31 01:11:00
SES07299,USR07299,Desktop,West,Email,Beauty,1,Browse,2025-10-17 11:56:15
SES07300,USR07300,Tablet,West,Social Media,Home,4,Purchase,2025-10-06 01:41:26
SES07301,USR07301,Desktop,West,Email,Fashion,3,Checkout,2025-10-15 08:45:49
SES07302,USR07302,Tablet,North,Google Ads,Home,2,Add to Cart,2025-10-10 21:32:18
SES07303,USR07303,Desktop,South,Social Media,Electronics,2,Add to Cart,2025-10-07 20:02:59
SES07304,USR07304,Desktop,South,Google Ads,Sports,1,Browse,2025-10-29 03:33:55
SES07305,USR07305,Desktop,East,Google Ads,Electronics,1,Browse,2025-10-05 20:26:10
SES07306,USR07306,Mobile,South,Social Media,Sports,3,Checkout,2025-10-30 14:58:27
SES07307,USR07307,Desktop,East,Organic,Sports,3,Checkout,2025-10-06 16:24:35
SES07308,USR07308,Mobile,East,Organic,Beauty,3,Checkout,2025-10-30 20:33:51
SES07309,USR07309,Tablet,South,Email,Electronics,2,Add to Cart,2025-10-16 14:22:04
SES07310,USR07310,Tablet,East,Email,Beauty,4,Purchase,2025-10-10 13:12:29
SES07311,USR07311,Mobile,South,Social Media,Electronics,1,Browse,2025-10-25 06:51:52
SES07312,USR07312,Tablet,North,Social Media,Beauty,4,Purchase,2025-10-13 03:39:01
SES07313,USR07313,Mobile,South,Social Media,Home,2,Add to Cart,2025-10-27 16:43:52
SES07314,USR07314,Tablet,South,Organic,Fashion,2,Add to Cart,2025-10-10 06:13:19
SES07315,USR07315,Tablet,North,Social Media,Beauty,2,Add to Cart,2025-10-02 06:03:50
SES07316,USR07316,Desktop,North,Email,Beauty,2,Add to Cart,2025-10-03 13:31:13
SES07317,USR07317,Tablet,North,Organic,Electronics,2,Add to Cart,2025-10-27 01:24:28
SES07318,USR07318,Mobile,East,Email,Home,3,Checkout,2025-10-16 19:06:24
SES07319,USR07319,Desktop,North,Social Media,Fashion,4,Purchase,2025-10-22 19:43:06
SES07320,USR07320,Mobile,North,Google Ads,Fashion,2,Add to Cart,2025-10-31 12:04:36
SES07321,USR07321,Mobile,South,Google Ads,Electronics,1,Browse,2025-10-19 23:55:40
SES07322,USR07322,Tablet,East,Email,Fashion,3,Checkout,2025-10-06 15:31:15
SES07323,USR07323,Desktop,West,Google Ads,Sports,3,Checkout,2025-10-16 04:12:34
SES07324,USR07324,Desktop,East,Email,Home,2,Add to Cart,2025-10-09 02:56:40
SES07325,USR07325,Mobile,East,Social Media,Home,2,Add to Cart,2025-10-05 05:51:12
SES07326,USR07326,Mobile,South,Organic,Home,2,Add to Cart,2025-10-15 09:01:37
SES07327,USR07327,Tablet,North,Social Media,Electronics,3,Checkout,2025-10-03 04:04:44
SES07328,USR07328,Mobile,North,Email,Beauty,1,Browse,2025-10-15 09:31:55
SES07329,USR07329,Tablet,West,Email,Electronics,3,Checkout,2025-10-15 07:37:14
SES07330,USR07330,Mobile,West,Google Ads,Electronics,3,Checkout,2025-10-28 20:12:34
SES07331,USR07331,Mobile,North,Email,Electronics,1,Browse,2025-10-30 18:52:18
SES07332,USR07332,Desktop,South,Email,Fashion,4,Purchase,2025-10-21 00:01:43
SES07333,USR07333,Desktop,North,Google Ads,Fashion,3,Checkout,2025-10-05 02:35:35
SES07334,USR07334,Desktop,North,Email,Sports,3,Checkout,2025-10-26 19:27:36
SES07335,USR07335,Desktop,West,Email,Home,2,Add to Cart,2025-10-11 15:42:13
SES07336,USR07336,Desktop,North,Organic,Fashion,2,Add to Cart,2025-10-28 07:41:57
SES07337,USR07337,Tablet,West,Social Media,Beauty,2,Add to Cart,2025-10-16 07:38:05
SES07338,USR07338,Mobile,North,Google Ads,Electronics,1,Browse,2025-10-30 11:37:10
SES07339,USR07339,Mobile,South,Email,Home,3,Checkout,2025-10-08 15:29:32
SES07340,USR07340,Tablet,West,Email,Electronics,1,Browse,2025-10-23 18:57:55
SES07341,USR07341,Desktop,West,Email,Fashion,1,Browse,2025-10-22 18:29:54
SES07342,USR07342,Tablet,West,Organic,Home,1,Browse,2025-10-31 15:41:35
SES07343,USR07343,Mobile,North,Google Ads,Electronics,4,Purchase,2025-10-04 17:41:42
SES07344,USR07344,Mobile,West,Google Ads,Sports,3,Checkout,2025-10-15 13:30:19
SES07345,USR07345,Tablet,East,Organic,Sports,1,Browse,2025-10-11 12:59:01
SES07346,USR07346,Desktop,West,Organic,Sports,2,Add to Cart,2025-10-17 11:47:55
SES07347,USR07347,Desktop,West,Organic,Home,2,Add to Cart,2025-10-15 22:38:03
SES07348,USR07348,Desktop,West,Organic,Fashion,3,Checkout,2025-10-08 08:56:19
SES07349,USR07349,Tablet,North,Google Ads,Beauty,2,Add to Cart,2025-10-27 13:44:08
SES07350,USR07350,Desktop,South,Social Media,Fashion,1,Browse,2025-10-12 19:24:20
SES07351,USR07351,Mobile,North,Social Media,Home,2,Add to Cart,2025-10-02 09:06:19
SES07352,USR07352,Tablet,West,Email,Home,1,Browse,2025-10-26 08:25:47
SES07353,USR07353,Desktop,East,Organic,Fashion,2,Add to Cart,2025-10-15 16:34:03
SES07354,USR07354,Desktop,North,Email,Electronics,2,Add to Cart,2025-10-16 23:56:26
SES07355,USR07355,Tablet,West,Email,Fashion,1,Browse,2025-10-21 05:37:20
SES07356,USR07356,Desktop,South,Google Ads,Beauty,1,Browse,2025-10-19 18:09:24
SES07357,USR07357,Desktop,North,Email,Sports,1,Browse,2025-10-12 12:49:36
SES07358,USR07358,Mobile,North,Email,Fashion,3,Checkout,2025-10-04 05:13:19
SES07359,USR07359,Desktop,North,Email,Beauty,3,Checkout,2025-10-29 05:09:45
SES07360,USR07360,Mobile,South,Email,Sports,2,Add to Cart,2025-10-09 04:48:47
SES07361,USR07361,Desktop,North,Organic,Home,2,Add to Cart,2025-10-14 15:29:51
SES07362,USR07362,Tablet,West,Google Ads,Electronics,3,Checkout,2025-10-11 19:41:39
SES07363,USR07363,Desktop,West,Google Ads,Sports,2,Add to Cart,2025-10-12 13:05:43
SES07364,USR07364,Desktop,West,Email,Fashion,1,Browse,2025-10-27 05:53:25
SES07365,USR07365,Desktop,West,Social Media,Home,2,Add to Cart,2025-10-30 00:57:43
SES07366,USR07366,Desktop,North,Google Ads,Home,3,Checkout,2025-10-30 06:47:17
SES07367,USR07367,Tablet,East,Email,Electronics,2,Add to Cart,2025-10-15 04:47:35
SES07368,USR07368,Desktop,East,Google Ads,Electronics,2,Add to Cart,2025-10-10 11:55:14
SES07369,USR07369,Desktop,North,Email,Sports,2,Add to Cart,2025-10-10 20:54:30
SES07370,USR07370,Tablet,South,Organic,Home,2,Add to Cart,2025-10-24 10:12:00
SES07371,USR07371,Tablet,North,Email,Fashion,2,Add to Cart,2025-10-09 22:54:38
SES07372,USR07372,Tablet,North,Google Ads,Electronics,3,Checkout,2025-10-21 12:54:15
SES07373,USR07373,Tablet,North,Google Ads,Fashion,3,Checkout,2025-10-26 16:10:10
SES07374,USR07374,Desktop,South,Email,Home,1,Browse,2025-10-09 07:20:13
SES07375,USR07375,Desktop,East,Social Media,Home,1,Browse,2025-10-30 05:32:32
SES07376,USR07376,Tablet,East,Google Ads,Beauty,1,Browse,2025-10-26 15:14:29
SES07377,USR07377,Desktop,North,Organic,Electronics,4,Purchase,2025-10-17 13:59:15
SES07378,USR07378,Desktop,North,Email,Fashion,1,Browse,2025-10-14 08:20:03
SES07379,USR07379,Desktop,West,Email,Sports,1,Browse,2025-10-30 12:57:47
SES07380,USR07380,Mobile,East,Email,Beauty,3,Checkout,2025-10-07 18:59:01
SES07381,USR07381,Desktop,West,Social Media,Electronics,1,Browse,2025-10-23 08:02:18
SES07382,USR07382,Mobile,West,Social Media,Electronics,2,Add to Cart,2025-10-03 12:48:27
SES07383,USR07383,Desktop,East,Organic,Sports,1,Browse,2025-10-06 16:46:27
SES07384,USR07384,Desktop,East,Organic,Home,2,Add to Cart,2025-10-06 08:56:36
SES07385,USR07385,Desktop,South,Email,Home,3,Checkout,2025-10-11 22:40:48
SES07386,USR07386,Desktop,East,Organic,Electronics,1,Browse,2025-10-18 10:13:50
SES07387,USR07387,Mobile,East,Email,Sports,2,Add to Cart,2025-10-29 23:26:01
SES07388,USR07388,Tablet,South,Google Ads,Home,1,Browse,2025-10-11 09:58:50
SES07389,USR07389,Desktop,East,Email,Beauty,3,Checkout,2025-10-03 10:56:56
SES07390,USR07390,Tablet,East,Social Media,Fashion,3,Checkout,2025-10-08 16:52:18
SES07391,USR07391,Tablet,North,Social Media,Home,2,Add to Cart,2025-10-09 10:04:45
SES07392,USR07392,Tablet,East,Organic,Home,1,Browse,2025-10-26 00:08:12
SES07393,USR07393,Mobile,West,Google Ads,Fashion,1,Browse,2025-10-14 23:33:04
SES07394,USR07394,Tablet,North,Social Media,Fashion,2,Add to Cart,2025-10-19 23:23:54
SES07395,USR07395,Mobile,South,Email,Sports,2,Add to Cart,2025-10-17 23:16:18
SES07396,USR07396,Desktop,East,Google Ads,Fashion,4,Purchase,2025-10-20 18:09:46
SES07397,USR07397,Mobile,South,Email,Fashion,3,Checkout,2025-10-04 18:36:02
SES07398,USR07398,Tablet,West,Google Ads,Home,3,Checkout,2025-10-22 16:25:44
SES07399,USR07399,Desktop,South,Social Media,Sports,1,Browse,2025-10-18 01:37:51
SES07400,USR07400,Desktop,East,Google Ads,Sports,3,Checkout,2025-10-14 19:52:18
SES07401,USR07401,Desktop,North,Email,Electronics,3,Checkout,2025-10-25 23:20:25
SES07402,USR07402,Tablet,North,Google Ads,Beauty,1,Browse,2025-10-17 14:24:37
SES07403,USR07403,Tablet,South,Google Ads,Sports,1,Browse,2025-10-06 14:41:16
SES07404,USR07404,Mobile,West,Social Media,Fashion,1,Browse,2025-10-12 17:48:16
SES07405,USR07405,Tablet,West,Google Ads,Electronics,1,Browse,2025-10-28 19:31:12
SES07406,USR07406,Desktop,East,Organic,Sports,1,Browse,2025-10-20 14:35:50
SES07407,USR07407,Desktop,South,Email,Electronics,2,Add to Cart,2025-10-30 14:41:53
SES07408,USR07408,Mobile,North,Google Ads,Home,2,Add to Cart,2025-10-12 02:12:17
SES07409,USR07409,Mobile,South,Email,Electronics,2,Add to Cart,2025-10-04 19:56:45
SES07410,USR07410,Mobile,East,Google Ads,Home,2,Add to Cart,2025-10-14 20:52:50
SES07411,USR07411,Tablet,West,Social Media,Sports,2,Add to Cart,2025-10-11 18:56:15
SES07412,USR07412,Desktop,South,Organic,Electronics,4,Purchase,2025-10-02 00:19:32
SES07413,USR07413,Mobile,West,Organic,Electronics,4,Purchase,2025-10-05 16:02:21
SES07414,USR07414,Tablet,West,Social Media,Sports,1,Browse,2025-10-25 17:49:55
SES07415,USR07415,Desktop,East,Organic,Fashion,2,Add to Cart,2025-10-14 13:09:18
SES07416,USR07416,Tablet,East,Organic,Sports,2,Add to Cart,2025-10-21 04:48:25
SES07417,USR07417,Tablet,North,Organic,Sports,4,Purchase,2025-10-04 20:30:00
SES07418,USR07418,Mobile,South,Email,Electronics,1,Browse,2025-10-12 14:17:21
SES07419,USR07419,Mobile,South,Google Ads,Beauty,3,Checkout,2025-10-14 14:29:13
SES07420,USR07420,Mobile,West,Organic,Home,2,Add to Cart,2025-10-21 21:59:04
SES07421,USR07421,Mobile,East,Social Media,Fashion,2,Add to Cart,2025-10-20 13:48:23
SES07422,USR07422,Desktop,East,Social Media,Beauty,4,Purchase,2025-10-05 07:14:29
SES07423,USR07423,Tablet,South,Email,Home,3,Checkout,2025-10-23 10:56:40
SES07424,USR07424,Desktop,East,Email,Fashion,2,Add to Cart,2025-10-17 08:06:39
SES07425,USR07425,Desktop,North,Social Media,Sports,1,Browse,2025-10-16 10:12:02
SES07426,USR07426,Desktop,East,Google Ads,Home,3,Checkout,2025-10-15 11:26:33
SES07427,USR07427,Mobile,North,Social Media,Beauty,1,Browse,2025-10-22 15:03:46
SES07428,USR07428,Mobile,East,Email,Sports,4,Purchase,2025-10-23 20:12:22
SES07429,USR07429,Tablet,East,Social Media,Home,3,Checkout,2025-10-25 05:03:21
SES07430,USR07430,Desktop,North,Social Media,Sports,1,Browse,2025-10-05 02:36:49
SES07431,USR07431,Desktop,South,Organic,Fashion,1,Browse,2025-10-07 10:00:25
SES07432,USR07432,Mobile,South,Google Ads,Electronics,4,Purchase,2025-10-10 16:18:07
SES07433,USR07433,Tablet,South,Google Ads,Electronics,1,Browse,2025-10-08 11:10:31
SES07434,USR07434,Tablet,East,Email,Beauty,2,Add to Cart,2025-10-03 17:07:35
SES07435,USR07435,Tablet,East,Social Media,Beauty,2,Add to Cart,2025-10-30 17:33:27
SES07436,USR07436,Desktop,South,Organic,Sports,2,Add to Cart,2025-10-29 04:02:40
SES07437,USR07437,Mobile,East,Email,Beauty,2,Add to Cart,2025-10-19 20:04:20
SES07438,USR07438,Mobile,East,Social Media,Beauty,2,Add to Cart,2025-10-28 03:23:24
SES07439,USR07439,Mobile,North,Email,Electronics,2,Add to Cart,2025-10-25 13:27:16
SES07440,USR07440,Desktop,East,Email,Home,1,Browse,2025-10-16 09:06:46
SES07441,USR07441,Mobile,South,Google Ads,Beauty,1,Browse,2025-10-15 06:02:28
SES07442,USR07442,Tablet,West,Social Media,Home,1,Browse,2025-10-26 09:16:44
SES07443,USR07443,Desktop,West,Organic,Sports,1,Browse,2025-10-13 22:59:00
SES07444,USR07444,Mobile,North,Email,Beauty,1,Browse,2025-10-19 09:42:58
SES07445,USR07445,Mobile,East,Organic,Electronics,4,Purchase,2025-10-03 11:30:18
SES07446,USR07446,Desktop,East,Social Media,Home,3,Checkout,2025-10-15 06:59:59
SES07447,USR07447,Desktop,East,Social Media,Beauty,3,Checkout,2025-10-12 02:11:21
SES07448,USR07448,Mobile,South,Email,Home,2,Add to Cart,2025-10-23 02:08:47
SES07449,USR07449,Tablet,East,Email,Fashion,2,Add to Cart,2025-10-06 22:34:50
SES07450,USR07450,Tablet,North,Organic,Home,2,Add to Cart,2025-10-03 03:23:46
SES07451,USR07451,Desktop,North,Social Media,Beauty,3,Checkout,2025-10-07 08:56:14
SES07452,USR07452,Tablet,North,Social Media,Electronics,1,Browse,2025-10-30 00:10:02
SES07453,USR07453,Mobile,East,Google Ads,Beauty,4,Purchase,2025-10-31 10:15:31
SES07454,USR07454,Mobile,South,Email,Electronics,2,Add to Cart,2025-10-17 20:57:13
SES07455,USR07455,Desktop,West,Google Ads,Electronics,2,Add to Cart,2025-10-22 00:38:19
SES07456,USR07456,Tablet,East,Organic,Sports,2,Add to Cart,2025-10-03 01:01:04
SES07457,USR07457,Desktop,South,Organic,Fashion,4,Purchase,2025-10-31 02:13:18
SES07458,USR07458,Mobile,North,Email,Sports,2,Add to Cart,2025-10-04 00:39:09
SES07459,USR07459,Tablet,West,Social Media,Beauty,2,Add to Cart,2025-10-21 06:04:49
SES07460,USR07460,Mobile,South,Email,Fashion,4,Purchase,2025-10-28 16:50:15
SES07461,USR07461,Desktop,South,Organic,Beauty,2,Add to Cart,2025-10-14 18:04:48
SES07462,USR07462,Desktop,West,Organic,Beauty,3,Checkout,2025-10-25 20:49:48
SES07463,USR07463,Desktop,North,Organic,Fashion,2,Add to Cart,2025-10-28 16:53:52
SES07464,USR07464,Tablet,East,Google Ads,Beauty,2,Add to Cart,2025-10-26 11:21:54
SES07465,USR07465,Tablet,West,Email,Beauty,4,Purchase,2025-10-26 00:53:00
SES07466,USR07466,Tablet,North,Organic,Electronics,1,Browse,2025-10-09 08:12:30
SES07467,USR07467,Desktop,West,Google Ads,Beauty,2,Add to Cart,2025-10-14 19:03:09
SES07468,USR07468,Tablet,East,Email,Beauty,3,Checkout,2025-10-02 12:54:06
SES07469,USR07469,Tablet,North,Email,Beauty,3,Checkout,2025-10-04 07:22:27
SES07470,USR07470,Tablet,North,Email,Sports,2,Add to Cart,2025-10-24 09:48:25
SES07471,USR07471,Mobile,East,Organic,Fashion,1,Browse,2025-10-27 15:21:29
SES07472,USR07472,Desktop,East,Email,Fashion,3,Checkout,2025-10-29 11:00:10
SES07473,USR07473,Mobile,East,Organic,Electronics,4,Purchase,2025-10-08 03:49:47
SES07474,USR07474,Tablet,South,Organic,Fashion,3,Checkout,2025-10-17 05:43:00
SES07475,USR07475,Tablet,South,Google Ads,Fashion,3,Checkout,2025-10-20 02:12:17
SES07476,USR07476,Desktop,North,Google Ads,Sports,2,Add to Cart,2025-10-17 17:53:16
SES07477,USR07477,Tablet,South,Email,Beauty,2,Add to Cart,2025-10-15 12:20:07
SES07478,USR07478,Desktop,West,Social Media,Beauty,3,Checkout,2025-10-04 08:53:46
SES07479,USR07479,Desktop,South,Social Media,Fashion,1,Browse,2025-10-16 09:20:37
SES07480,USR07480,Tablet,East,Social Media,Fashion,1,Browse,2025-10-05 02:55:23
SES07481,USR07481,Tablet,East,Social Media,Fashion,3,Checkout,2025-10-31 13:24:49
SES07482,USR07482,Mobile,West,Organic,Beauty,3,Checkout,2025-10-03 23:21:19
SES07483,USR07483,Mobile,North,Social Media,Electronics,2,Add to Cart,2025-10-28 23:23:29
SES07484,USR07484,Desktop,South,Social Media,Fashion,3,Checkout,2025-10-04 12:24:16
SES07485,USR07485,Mobile,West,Social Media,Fashion,2,Add to Cart,2025-10-07 05:47:22
SES07486,USR07486,Desktop,North,Email,Beauty,4,Purchase,2025-10-25 09:16:15
SES07487,USR07487,Mobile,West,Organic,Sports,2,Add to Cart,2025-10-19 06:47:29
SES07488,USR07488,Desktop,East,Organic,Electronics,2,Add to Cart,2025-10-19 15:56:24
SES07489,USR07489,Desktop,South,Social Media,Home,3,Checkout,2025-10-15 00:03:08
SES07490,USR07490,Tablet,East,Organic,Sports,3,Checkout,2025-10-02 19:27:34
SES07491,USR07491,Mobile,South,Organic,Electronics,2,Add to Cart,2025-10-22 00:35:10
SES07492,USR07492,Mobile,West,Social Media,Fashion,4,Purchase,2025-10-18 18:47:07
SES07493,USR07493,Mobile,North,Email,Sports,1,Browse,2025-10-10 21:50:14
SES07494,USR07494,Desktop,South,Organic,Beauty,3,Checkout,2025-10-06 16:46:04
SES07495,USR07495,Tablet,North,Social Media,Beauty,1,Browse,2025-10-26 06:22:37
SES07496,USR07496,Mobile,North,Google Ads,Electronics,1,Browse,2025-10-19 20:14:40
SES07497,USR07497,Tablet,East,Email,Sports,3,Checkout,2025-10-20 13:56:15
SES07498,USR07498,Desktop,North,Social Media,Fashion,2,Add to Cart,2025-10-14 15:00:54
SES07499,USR07499,Desktop,North,Social Media,Fashion,2,Add to Cart,2025-10-11 14:38:58
SES07500,USR07500,Tablet,West,Google Ads,Fashion,1,Browse,2025-10-21 03:21:02
SES07501,USR07501,Desktop,West,Organic,Fashion,2,Add to Cart,2025-10-22 08:46:33
SES07502,USR07502,Desktop,North,Google Ads,Sports,2,Add to Cart,2025-10-20 16:11:08
SES07503,USR07503,Tablet,West,Google Ads,Electronics,1,Browse,2025-10-16 20:32:42
SES07504,USR07504,Mobile,South,Organic,Beauty,2,Add to Cart,2025-10-01 22:10:26
SES07505,USR07505,Mobile,West,Google Ads,Fashion,1,Browse,2025-10-10 20:22:30
SES07506,USR07506,Mobile,North,Social Media,Home,2,Add to Cart,2025-10-21 18:03:11
SES07507,USR07507,Desktop,West,Organic,Electronics,1,Browse,2025-10-23 05:58:49
SES07508,USR07508,Tablet,West,Organic,Electronics,2,Add to Cart,2025-10-23 16:23:04
SES07509,USR07509,Tablet,South,Email,Beauty,3,Checkout,2025-10-18 13:03:50
SES07510,USR07510,Tablet,West,Google Ads,Home,2,Add to Cart,2025-10-11 01:20:49
SES07511,USR07511,Mobile,North,Email,Beauty,3,Checkout,2025-10-22 14:57:31
SES07512,USR07512,Tablet,East,Google Ads,Fashion,3,Checkout,2025-10-16 23:37:14
SES07513,USR07513,Tablet,West,Email,Beauty,2,Add to Cart,2025-10-12 21:15:32
SES07514,USR07514,Tablet,East,Organic,Beauty,3,Checkout,2025-10-08 23:42:44
SES07515,USR07515,Desktop,South,Social Media,Sports,1,Browse,2025-10-06 02:53:44
SES07516,USR07516,Desktop,West,Google Ads,Home,1,Browse,2025-10-14 11:28:02
SES07517,USR07517,Tablet,South,Organic,Electronics,2,Add to Cart,2025-10-08 04:21:12
SES07518,USR07518,Mobile,South,Email,Beauty,1,Browse,2025-10-03 13:00:56
SES07519,USR07519,Desktop,South,Organic,Home,1,Browse,2025-10-15 06:47:57
SES07520,USR07520,Mobile,West,Email,Beauty,2,Add to Cart,2025-10-08 12:25:13
SES07521,USR07521,Desktop,South,Organic,Home,1,Browse,2025-10-08 22:51:36
SES07522,USR07522,Tablet,East,Email,Sports,3,Checkout,2025-10-09 04:25:40
SES07523,USR07523,Tablet,South,Email,Sports,1,Browse,2025-10-09 03:06:10
SES07524,USR07524,Desktop,West,Social Media,Home,1,Browse,2025-10-03 17:49:47
SES07525,USR07525,Desktop,South,Social Media,Electronics,3,Checkout,2025-10-05 08:42:20
SES07526,USR07526,Desktop,East,Email,Beauty,1,Browse,2025-10-17 10:30:03
SES07527,USR07527,Desktop,North,Google Ads,Sports,3,Checkout,2025-10-04 11:20:03
SES07528,USR07528,Desktop,South,Social Media,Beauty,1,Browse,2025-10-17 18:39:29
SES07529,USR07529,Mobile,East,Organic,Beauty,2,Add to Cart,2025-10-20 07:51:14
SES07530,USR07530,Mobile,West,Email,Home,2,Add to Cart,2025-10-28 02:17:28
SES07531,USR07531,Tablet,North,Email,Electronics,2,Add to Cart,2025-10-30 23:58:08
SES07532,USR07532,Desktop,North,Google Ads,Beauty,3,Checkout,2025-10-27 05:15:48
SES07533,USR07533,Desktop,South,Organic,Sports,1,Browse,2025-10-06 23:21:34
SES07534,USR07534,Desktop,North,Social Media,Sports,1,Browse,2025-10-17 09:23:31
SES07535,USR07535,Tablet,South,Organic,Sports,3,Checkout,2025-10-03 10:58:30
SES07536,USR07536,Desktop,South,Email,Sports,1,Browse,2025-10-16 10:58:57
SES07537,USR07537,Desktop,South,Google Ads,Electronics,1,Browse,2025-10-05 10:51:43
SES07538,USR07538,Desktop,West,Social Media,Electronics,2,Add to Cart,2025-10-27 11:18:24
SES07539,USR07539,Tablet,West,Email,Home,3,Checkout,2025-10-21 18:01:52
SES07540,USR07540,Tablet,West,Social Media,Sports,1,Browse,2025-10-23 05:11:56
SES07541,USR07541,Mobile,West,Email,Sports,4,Purchase,2025-10-23 18:30:02
SES07542,USR07542,Desktop,South,Email,Fashion,4,Purchase,2025-10-12 05:06:45
SES07543,USR07543,Desktop,East,Social Media,Home,2,Add to Cart,2025-10-08 18:07:22
SES07544,USR07544,Tablet,South,Google Ads,Sports,4,Purchase,2025-10-11 20:39:34
SES07545,USR07545,Desktop,East,Google Ads,Fashion,1,Browse,2025-10-19 12:53:24
SES07546,USR07546,Tablet,East,Email,Home,4,Purchase,2025-10-31 10:20:17
SES07547,USR07547,Tablet,East,Organic,Home,2,Add to Cart,2025-10-29 07:06:51
SES07548,USR07548,Mobile,North,Social Media,Fashion,1,Browse,2025-10-04 02:56:49
SES07549,USR07549,Tablet,West,Google Ads,Electronics,2,Add to Cart,2025-10-17 01:02:16
SES07550,USR07550,Desktop,East,Organic,Sports,1,Browse,2025-10-15 00:39:12
SES07551,USR07551,Mobile,South,Email,Home,3,Checkout,2025-10-04 20:39:53
SES07552,USR07552,Tablet,North,Social Media,Beauty,2,Add to Cart,2025-10-25 15:26:47
SES07553,USR07553,Desktop,West,Social Media,Beauty,1,Browse,2025-10-24 17:47:59
SES07554,USR07554,Mobile,South,Organic,Electronics,2,Add to Cart,2025-10-02 13:18:10
SES07555,USR07555,Tablet,North,Google Ads,Electronics,3,Checkout,2025-10-12 18:36:03
SES07556,USR07556,Mobile,East,Google Ads,Electronics,3,Checkout,2025-10-31 10:23:49
SES07557,USR07557,Tablet,West,Organic,Electronics,3,Checkout,2025-10-10 20:56:48
SES07558,USR07558,Tablet,North,Google Ads,Fashion,2,Add to Cart,2025-10-18 13:06:14
SES07559,USR07559,Tablet,North,Email,Home,1,Browse,2025-10-11 17:32:03
SES07560,USR07560,Tablet,South,Google Ads,Sports,4,Purchase,2025-10-17 12:55:19
SES07561,USR07561,Tablet,East,Google Ads,Beauty,1,Browse,2025-10-26 09:44:57
SES07562,USR07562,Tablet,West,Email,Home,3,Checkout,2025-10-31 03:59:43
SES07563,USR07563,Tablet,West,Social Media,Beauty,3,Checkout,2025-10-22 12:51:01
SES07564,USR07564,Mobile,South,Google Ads,Fashion,1,Browse,2025-10-29 14:43:25
SES07565,USR07565,Desktop,North,Social Media,Home,2,Add to Cart,2025-10-30 10:07:42
SES07566,USR07566,Mobile,West,Social Media,Fashion,3,Checkout,2025-10-24 02:38:09
SES07567,USR07567,Mobile,East,Organic,Fashion,2,Add to Cart,2025-10-25 07:39:32
SES07568,USR07568,Desktop,West,Organic,Home,2,Add to Cart,2025-10-29 10:03:28
SES07569,USR07569,Tablet,West,Social Media,Electronics,1,Browse,2025-10-11 12:46:26
SES07570,USR07570,Mobile,East,Organic,Electronics,1,Browse,2025-10-02 20:55:27
SES07571,USR07571,Tablet,North,Google Ads,Electronics,1,Browse,2025-10-16 02:54:05
SES07572,USR07572,Tablet,East,Social Media,Sports,3,Checkout,2025-10-11 14:08:54
SES07573,USR07573,Mobile,East,Organic,Beauty,2,Add to Cart,2025-10-19 09:50:37
SES07574,USR07574,Tablet,West,Google Ads,Electronics,3,Checkout,2025-10-20 07:34:31
SES07575,USR07575,Mobile,South,Google Ads,Beauty,2,Add to Cart,2025-10-11 15:38:21
SES07576,USR07576,Mobile,West,Google Ads,Home,1,Browse,2025-10-10 00:08:50
SES07577,USR07577,Mobile,West,Google Ads,Home,1,Browse,2025-10-02 23:12:22
SES07578,USR07578,Tablet,East,Organic,Fashion,1,Browse,2025-10-02 02:32:24
SES07579,USR07579,Mobile,East,Google Ads,Sports,2,Add to Cart,2025-10-18 19:05:40
SES07580,USR07580,Mobile,North,Email,Sports,4,Purchase,2025-10-17 03:52:27
SES07581,USR07581,Desktop,North,Organic,Electronics,4,Purchase,2025-10-09 21:02:21
SES07582,USR07582,Mobile,East,Organic,Beauty,3,Checkout,2025-10-18 19:43:01
SES07583,USR07583,Mobile,East,Social Media,Electronics,3,Checkout,2025-10-28 20:34:36
SES07584,USR07584,Tablet,East,Email,Beauty,3,Checkout,2025-10-26 20:05:13
SES07585,USR07585,Mobile,West,Social Media,Fashion,3,Checkout,2025-10-04 16:15:40
SES07586,USR07586,Tablet,East,Organic,Fashion,4,Purchase,2025-10-07 13:35:33
SES07587,USR07587,Tablet,West,Email,Beauty,2,Add to Cart,2025-10-14 10:11:47
SES07588,USR07588,Mobile,North,Google Ads,Sports,4,Purchase,2025-10-04 04:56:01
SES07589,USR07589,Desktop,East,Social Media,Sports,4,Purchase,2025-10-10 14:04:21
SES07590,USR07590,Mobile,West,Social Media,Sports,2,Add to Cart,2025-10-13 01:12:06
SES07591,USR07591,Desktop,South,Social Media,Sports,2,Add to Cart,2025-10-23 09:54:09
SES07592,USR07592,Desktop,North,Social Media,Fashion,4,Purchase,2025-10-27 16:57:07
SES07593,USR07593,Tablet,West,Organic,Electronics,2,Add to Cart,2025-10-20 02:11:37
SES07594,USR07594,Tablet,North,Social Media,Beauty,3,Checkout,2025-10-24 17:42:13
SES07595,USR07595,Desktop,North,Email,Sports,2,Add to Cart,2025-10-20 21:55:04
SES07596,USR07596,Tablet,East,Google Ads,Electronics,4,Purchase,2025-10-30 07:55:40
SES07597,USR07597,Tablet,West,Social Media,Sports,1,Browse,2025-10-22 09:13:30
SES07598,USR07598,Tablet,North,Social Media,Home,1,Browse,2025-10-31 00:55:53
SES07599,USR07599,Desktop,South,Email,Home,1,Browse,2025-10-05 18:39:17
SES07600,USR07600,Tablet,North,Organic,Beauty,3,Checkout,2025-10-22 01:23:44
SES07601,USR07601,Desktop,South,Organic,Home,3,Checkout,2025-10-17 08:31:08
SES07602,USR07602,Mobile,North,Google Ads,Home,4,Purchase,2025-10-25 15:38:52
SES07603,USR07603,Mobile,North,Email,Fashion,2,Add to Cart,2025-10-20 20:34:49
SES07604,USR07604,Mobile,West,Organic,Sports,2,Add to Cart,2025-10-06 04:14:26
SES07605,USR07605,Desktop,South,Google Ads,Sports,1,Browse,2025-10-23 05:36:17
SES07606,USR07606,Tablet,West,Google Ads,Home,2,Add to Cart,2025-10-16 12:05:30
SES07607,USR07607,Desktop,East,Organic,Electronics,2,Add to Cart,2025-10-21 04:12:06
SES07608,USR07608,Tablet,South,Social Media,Sports,3,Checkout,2025-10-07 05:04:43
SES07609,USR07609,Tablet,North,Email,Beauty,3,Checkout,2025-10-28 18:16:53
SES07610,USR07610,Mobile,South,Organic,Home,4,Purchase,2025-10-29 21:19:44
SES07611,USR07611,Mobile,West,Google Ads,Fashion,3,Checkout,2025-10-03 03:14:09
SES07612,USR07612,Desktop,North,Email,Beauty,3,Checkout,2025-10-10 05:43:54
SES07613,USR07613,Tablet,South,Organic,Sports,2,Add to Cart,2025-10-23 18:12:52
SES07614,USR07614,Desktop,North,Social Media,Sports,4,Purchase,2025-10-06 00:25:54
SES07615,USR07615,Desktop,East,Google Ads,Home,2,Add to Cart,2025-10-24 09:07:48
SES07616,USR07616,Desktop,South,Social Media,Sports,2,Add to Cart,2025-10-10 01:32:00
SES07617,USR07617,Desktop,East,Organic,Beauty,1,Browse,2025-10-28 11:28:31
SES07618,USR07618,Mobile,South,Google Ads,Beauty,2,Add to Cart,2025-10-02 00:44:11
SES07619,USR07619,Tablet,North,Email,Electronics,3,Checkout,2025-10-21 09:54:59
SES07620,USR07620,Tablet,North,Google Ads,Electronics,1,Browse,2025-10-21 01:10:34
SES07621,USR07621,Mobile,North,Google Ads,Electronics,2,Add to Cart,2025-10-02 00:13:26
SES07622,USR07622,Tablet,West,Email,Sports,1,Browse,2025-10-15 01:30:17
SES07623,USR07623,Tablet,West,Email,Beauty,1,Browse,2025-10-06 05:35:12
SES07624,USR07624,Mobile,North,Organic,Electronics,2,Add to Cart,2025-10-23 08:29:04
SES07625,USR07625,Mobile,East,Google Ads,Electronics,4,Purchase,2025-10-17 22:08:55
SES07626,USR07626,Tablet,West,Organic,Home,2,Add to Cart,2025-10-21 14:38:40
SES07627,USR07627,Mobile,South,Organic,Home,2,Add to Cart,2025-10-04 06:45:56
SES07628,USR07628,Mobile,West,Email,Sports,1,Browse,2025-10-30 00:58:50
SES07629,USR07629,Tablet,East,Google Ads,Fashion,2,Add to Cart,2025-10-19 06:42:01
SES07630,USR07630,Desktop,West,Organic,Electronics,3,Checkout,2025-10-06 08:17:53
SES07631,USR07631,Desktop,West,Google Ads,Home,1,Browse,2025-10-04 01:46:09
SES07632,USR07632,Desktop,West,Email,Sports,1,Browse,2025-10-13 17:29:42
SES07633,USR07633,Tablet,West,Email,Fashion,2,Add to Cart,2025-10-31 02:34:24
SES07634,USR07634,Tablet,East,Google Ads,Electronics,1,Browse,2025-10-31 16:10:45
SES07635,USR07635,Tablet,East,Social Media,Fashion,4,Purchase,2025-10-13 19:06:08
SES07636,USR07636,Desktop,South,Email,Fashion,4,Purchase,2025-10-01 23:04:16
SES07637,USR07637,Desktop,West,Email,Home,1,Browse,2025-10-22 05:37:09
SES07638,USR07638,Desktop,South,Email,Fashion,2,Add to Cart,2025-10-25 08:03:19
SES07639,USR07639,Desktop,South,Google Ads,Beauty,3,Checkout,2025-10-24 17:27:24
SES07640,USR07640,Mobile,East,Email,Beauty,2,Add to Cart,2025-10-22 01:04:38
SES07641,USR07641,Desktop,West,Google Ads,Fashion,1,Browse,2025-10-29 19:57:47
SES07642,USR07642,Desktop,South,Social Media,Sports,2,Add to Cart,2025-10-06 05:41:43
SES07643,USR07643,Desktop,West,Social Media,Fashion,2,Add to Cart,2025-10-27 23:02:57
SES07644,USR07644,Desktop,South,Organic,Home,3,Checkout,2025-10-27 04:15:29
SES07645,USR07645,Mobile,East,Google Ads,Beauty,3,Checkout,2025-10-21 03:41:15
SES07646,USR07646,Desktop,West,Google Ads,Sports,2,Add to Cart,2025-10-13 18:59:12
SES07647,USR07647,Desktop,South,Email,Electronics,1,Browse,2025-10-22 02:30:17
SES07648,USR07648,Desktop,North,Google Ads,Fashion,1,Browse,2025-10-11 04:16:56
SES07649,USR07649,Tablet,West,Google Ads,Electronics,3,Checkout,2025-10-21 16:18:26
SES07650,USR07650,Desktop,North,Google Ads,Electronics,3,Checkout,2025-10-27 21:58:55
SES07651,USR07651,Desktop,South,Social Media,Beauty,3,Checkout,2025-10-21 16:35:54
SES07652,USR07652,Desktop,West,Organic,Sports,2,Add to Cart,2025-10-05 22:22:12
SES07653,USR07653,Desktop,East,Google Ads,Beauty,2,Add to Cart,2025-10-14 23:07:10
SES07654,USR07654,Tablet,East,Social Media,Electronics,3,Checkout,2025-10-28 16:13:28
SES07655,USR07655,Tablet,South,Social Media,Electronics,1,Browse,2025-10-23 11:32:58
SES07656,USR07656,Mobile,South,Social Media,Electronics,3,Checkout,2025-10-11 07:30:36
SES07657,USR07657,Mobile,West,Google Ads,Beauty,3,Checkout,2025-10-18 03:43:01
SES07658,USR07658,Desktop,South,Social Media,Sports,2,Add to Cart,2025-10-21 23:57:41
SES07659,USR07659,Mobile,South,Organic,Home,1,Browse,2025-10-30 13:00:47
SES07660,USR07660,Mobile,South,Social Media,Beauty,4,Purchase,2025-10-20 16:25:48
SES07661,USR07661,Tablet,South,Organic,Home,2,Add to Cart,2025-10-08 18:56:10
SES07662,USR07662,Tablet,East,Social Media,Beauty,2,Add to Cart,2025-10-19 15:49:59
SES07663,USR07663,Mobile,North,Organic,Home,1,Browse,2025-10-24 09:39:07
SES07664,USR07664,Mobile,North,Organic,Electronics,1,Browse,2025-10-09 13:30:39
SES07665,USR07665,Mobile,East,Social Media,Fashion,3,Checkout,2025-10-18 22:29:08
SES07666,USR07666,Tablet,North,Email,Beauty,3,Checkout,2025-10-27 11:58:50
SES07667,USR07667,Tablet,East,Email,Sports,1,Browse,2025-10-27 17:53:41
SES07668,USR07668,Tablet,South,Organic,Sports,2,Add to Cart,2025-10-05 09:28:10
SES07669,USR07669,Mobile,West,Email,Sports,3,Checkout,2025-10-17 14:54:06
SES07670,USR07670,Mobile,East,Social Media,Electronics,1,Browse,2025-10-04 17:12:25
SES07671,USR07671,Mobile,North,Organic,Electronics,1,Browse,2025-10-02 09:01:56
SES07672,USR07672,Tablet,East,Email,Electronics,4,Purchase,2025-10-10 21:04:46
SES07673,USR07673,Tablet,South,Google Ads,Electronics,4,Purchase,2025-10-06 11:53:16
SES07674,USR07674,Mobile,South,Email,Home,2,Add to Cart,2025-10-11 23:34:29
SES07675,USR07675,Desktop,East,Google Ads,Sports,2,Add to Cart,2025-10-04 17:17:18
SES07676,USR07676,Mobile,East,Social Media,Electronics,1,Browse,2025-10-27 22:25:44
SES07677,USR07677,Desktop,North,Social Media,Beauty,1,Browse,2025-10-08 15:33:38
SES07678,USR07678,Desktop,East,Organic,Beauty,4,Purchase,2025-10-08 15:37:47
SES07679,USR07679,Tablet,West,Organic,Beauty,2,Add to Cart,2025-10-07 09:52:54
SES07680,USR07680,Mobile,North,Email,Beauty,2,Add to Cart,2025-10-26 09:56:16
SES07681,USR07681,Tablet,South,Organic,Fashion,1,Browse,2025-10-10 04:14:30
SES07682,USR07682,Desktop,East,Organic,Beauty,1,Browse,2025-10-22 22:13:21
SES07683,USR07683,Mobile,West,Google Ads,Fashion,3,Checkout,2025-10-26 22:42:58
SES07684,USR07684,Tablet,East,Google Ads,Fashion,4,Purchase,2025-10-05 23:32:30
SES07685,USR07685,Mobile,North,Google Ads,Electronics,1,Browse,2025-10-29 04:18:22
SES07686,USR07686,Desktop,East,Email,Electronics,2,Add to Cart,2025-10-22 11:21:23
SES07687,USR07687,Tablet,East,Google Ads,Electronics,2,Add to Cart,2025-10-09 21:47:37
SES07688,USR07688,Tablet,East,Organic,Sports,3,Checkout,2025-10-31 14:40:50
SES07689,USR07689,Mobile,North,Organic,Fashion,3,Checkout,2025-10-10 20:15:12
SES07690,USR07690,Desktop,North,Google Ads,Beauty,1,Browse,2025-10-08 06:46:54
SES07691,USR07691,Desktop,South,Social Media,Beauty,2,Add to Cart,2025-10-27 14:47:12
SES07692,USR07692,Desktop,East,Social Media,Home,4,Purchase,2025-10-30 07:33:19
SES07693,USR07693,Tablet,East,Email,Fashion,1,Browse,2025-10-26 14:01:10
SES07694,USR07694,Tablet,North,Google Ads,Sports,3,Checkout,2025-10-30 23:37:39
SES07695,USR07695,Mobile,East,Social Media,Beauty,2,Add to Cart,2025-10-29 17:45:34
SES07696,USR07696,Tablet,South,Email,Electronics,2,Add to Cart,2025-10-03 07:24:21
SES07697,USR07697,Tablet,North,Google Ads,Fashion,3,Checkout,2025-10-25 17:27:53
SES07698,USR07698,Tablet,North,Google Ads,Beauty,2,Add to Cart,2025-10-02 19:38:56
SES07699,USR07699,Desktop,South,Google Ads,Sports,3,Checkout,2025-10-07 13:54:27
SES07700,USR07700,Tablet,North,Social Media,Sports,3,Checkout,2025-10-19 21:27:39
SES07701,USR07701,Mobile,North,Google Ads,Fashion,2,Add to Cart,2025-10-11 21:49:21
SES07702,USR07702,Desktop,East,Social Media,Beauty,1,Browse,2025-10-23 09:45:45
SES07703,USR07703,Tablet,North,Organic,Electronics,4,Purchase,2025-10-17 04:11:47
SES07704,USR07704,Tablet,East,Google Ads,Home,3,Checkout,2025-10-17 15:29:41
SES07705,USR07705,Desktop,West,Organic,Fashion,4,Purchase,2025-10-05 04:42:34
SES07706,USR07706,Desktop,West,Organic,Home,3,Checkout,2025-10-11 20:24:38
SES07707,USR07707,Mobile,East,Organic,Beauty,1,Browse,2025-10-18 21:44:19
SES07708,USR07708,Desktop,West,Google Ads,Fashion,4,Purchase,2025-10-02 23:16:31
SES07709,USR07709,Desktop,West,Google Ads,Sports,3,Checkout,2025-10-10 20:37:08
SES07710,USR07710,Tablet,North,Email,Sports,2,Add to Cart,2025-10-26 20:19:16
SES07711,USR07711,Tablet,North,Google Ads,Fashion,3,Checkout,2025-10-30 09:56:51
SES07712,USR07712,Mobile,West,Google Ads,Beauty,2,Add to Cart,2025-10-13 21:13:32
SES07713,USR07713,Tablet,West,Organic,Fashion,2,Add to Cart,2025-10-08 00:20:44
SES07714,USR07714,Tablet,West,Google Ads,Home,2,Add to Cart,2025-10-06 10:47:41
SES07715,USR07715,Mobile,West,Google Ads,Home,1,Browse,2025-10-05 18:19:13
SES07716,USR07716,Mobile,West,Organic,Fashion,1,Browse,2025-10-11 06:44:30
SES07717,USR07717,Desktop,West,Google Ads,Electronics,3,Checkout,2025-10-31 03:31:56
SES07718,USR07718,Desktop,East,Social Media,Fashion,3,Checkout,2025-10-26 20:55:40
SES07719,USR07719,Mobile,North,Organic,Sports,2,Add to Cart,2025-10-07 13:16:13
SES07720,USR07720,Tablet,South,Email,Fashion,2,Add to Cart,2025-10-09 00:03:18
SES07721,USR07721,Mobile,South,Organic,Electronics,1,Browse,2025-10-28 23:50:48
SES07722,USR07722,Tablet,North,Email,Home,3,Checkout,2025-10-17 16:02:08
SES07723,USR07723,Tablet,West,Social Media,Beauty,1,Browse,2025-10-15 10:06:18
SES07724,USR07724,Mobile,East,Organic,Sports,2,Add to Cart,2025-10-19 20:19:22
SES07725,USR07725,Desktop,West,Organic,Home,1,Browse,2025-10-17 04:28:16
SES07726,USR07726,Tablet,North,Google Ads,Beauty,2,Add to Cart,2025-10-05 02:12:08
SES07727,USR07727,Desktop,North,Email,Fashion,1,Browse,2025-10-10 23:04:22
SES07728,USR07728,Mobile,South,Google Ads,Beauty,3,Checkout,2025-10-02 22:51:35
SES07729,USR07729,Mobile,South,Email,Home,2,Add to Cart,2025-10-02 17:31:50
SES07730,USR07730,Mobile,East,Email,Fashion,2,Add to Cart,2025-10-06 13:41:13
SES07731,USR07731,Tablet,West,Email,Sports,4,Purchase,2025-10-27 04:45:49
SES07732,USR07732,Tablet,North,Social Media,Home,2,Add to Cart,2025-10-01 21:28:25
SES07733,USR07733,Mobile,North,Google Ads,Home,3,Checkout,2025-10-03 04:05:36
SES07734,USR07734,Tablet,North,Email,Beauty,2,Add to Cart,2025-10-09 05:47:41
SES07735,USR07735,Tablet,West,Organic,Home,1,Browse,2025-10-02 17:47:27
SES07736,USR07736,Desktop,East,Organic,Home,2,Add to Cart,2025-10-22 15:24:22
SES07737,USR07737,Mobile,East,Google Ads,Beauty,2,Add to Cart,2025-10-06 20:18:06
SES07738,USR07738,Mobile,South,Google Ads,Sports,3,Checkout,2025-10-10 08:59:19
SES07739,USR07739,Desktop,East,Email,Home,3,Checkout,2025-10-04 10:09:23
SES07740,USR07740,Tablet,West,Social Media,Electronics,3,Checkout,2025-10-26 13:38:33
SES07741,USR07741,Mobile,East,Google Ads,Beauty,3,Checkout,2025-10-14 06:20:37
SES07742,USR07742,Desktop,West,Google Ads,Beauty,2,Add to Cart,2025-10-06 19:44:32
SES07743,USR07743,Desktop,West,Google Ads,Electronics,3,Checkout,2025-10-10 13:03:07
SES07744,USR07744,Mobile,East,Google Ads,Sports,4,Purchase,2025-10-21 12:33:32
SES07745,USR07745,Mobile,East,Email,Sports,4,Purchase,2025-10-06 23:22:54
SES07746,USR07746,Desktop,North,Google Ads,Sports,2,Add to Cart,2025-10-19 13:22:43
SES07747,USR07747,Mobile,North,Organic,Sports,2,Add to Cart,2025-10-18 00:44:56
SES07748,USR07748,Tablet,West,Organic,Home,1,Browse,2025-10-22 00:21:16
SES07749,USR07749,Tablet,East,Google Ads,Electronics,2,Add to Cart,2025-10-28 01:31:12
SES07750,USR07750,Mobile,North,Google Ads,Sports,2,Add to Cart,2025-10-13 09:40:53
SES07751,USR07751,Mobile,South,Google Ads,Home,3,Checkout,2025-10-18 18:34:39
SES07752,USR07752,Tablet,North,Google Ads,Sports,2,Add to Cart,2025-10-05 00:29:56
SES07753,USR07753,Mobile,North,Organic,Home,4,Purchase,2025-10-08 05:20:18
SES07754,USR07754,Tablet,East,Organic,Fashion,2,Add to Cart,2025-10-15 08:35:24
SES07755,USR07755,Desktop,South,Google Ads,Beauty,2,Add to Cart,2025-10-27 06:58:33
SES07756,USR07756,Tablet,East,Email,Electronics,2,Add to Cart,2025-10-06 11:52:15
SES07757,USR07757,Tablet,South,Email,Home,2,Add to Cart,2025-10-30 08:30:54
SES07758,USR07758,Mobile,East,Google Ads,Fashion,1,Browse,2025-10-04 07:23:56
SES07759,USR07759,Mobile,West,Social Media,Fashion,4,Purchase,2025-10-05 15:24:20
SES07760,USR07760,Tablet,North,Organic,Electronics,4,Purchase,2025-10-12 17:31:12
SES07761,USR07761,Tablet,East,Google Ads,Sports,1,Browse,2025-10-31 14:30:29
SES07762,USR07762,Tablet,West,Email,Fashion,1,Browse,2025-10-18 01:38:48
SES07763,USR07763,Tablet,North,Email,Sports,1,Browse,2025-10-12 09:17:26
SES07764,USR07764,Tablet,East,Organic,Fashion,3,Checkout,2025-10-12 17:13:41
SES07765,USR07765,Mobile,West,Organic,Fashion,1,Browse,2025-10-06 22:25:29
SES07766,USR07766,Desktop,North,Organic,Beauty,1,Browse,2025-10-09 10:59:30
SES07767,USR07767,Mobile,North,Google Ads,Beauty,4,Purchase,2025-10-14 06:06:44
SES07768,USR07768,Desktop,North,Social Media,Fashion,1,Browse,2025-10-13 01:14:49
SES07769,USR07769,Mobile,North,Google Ads,Electronics,1,Browse,2025-10-03 13:30:05
SES07770,USR07770,Mobile,East,Organic,Home,2,Add to Cart,2025-10-10 14:57:58
SES07771,USR07771,Mobile,North,Email,Beauty,1,Browse,2025-10-02 05:15:46
SES07772,USR07772,Desktop,West,Email,Beauty,4,Purchase,2025-10-08 14:30:44
SES07773,USR07773,Desktop,East,Social Media,Beauty,2,Add to Cart,2025-10-26 05:30:11
SES07774,USR07774,Tablet,East,Social Media,Fashion,2,Add to Cart,2025-10-07 03:52:22
SES07775,USR07775,Mobile,East,Google Ads,Beauty,2,Add to Cart,2025-10-12 11:29:52
SES07776,USR07776,Mobile,North,Organic,Fashion,1,Browse,2025-10-06 21:08:28
SES07777,USR07777,Desktop,West,Email,Electronics,2,Add to Cart,2025-10-31 01:31:52
SES07778,USR07778,Desktop,North,Social Media,Electronics,3,Checkout,2025-10-04 04:57:14
SES07779,USR07779,Tablet,East,Email,Home,2,Add to Cart,2025-10-10 22:35:13
SES07780,USR07780,Mobile,North,Organic,Sports,1,Browse,2025-10-27 20:29:59
SES07781,USR07781,Tablet,South,Social Media,Home,4,Purchase,2025-10-29 12:24:42
SES07782,USR07782,Desktop,West,Social Media,Fashion,3,Checkout,2025-10-12 06:40:33
SES07783,USR07783,Desktop,East,Organic,Sports,3,Checkout,2025-10-11 23:27:21
SES07784,USR07784,Mobile,North,Google Ads,Fashion,2,Add to Cart,2025-10-05 06:33:33
SES07785,USR07785,Mobile,East,Google Ads,Beauty,2,Add to Cart,2025-10-15 00:59:43
SES07786,USR07786,Mobile,West,Organic,Fashion,2,Add to Cart,2025-10-11 02:00:38
SES07787,USR07787,Mobile,East,Organic,Electronics,4,Purchase,2025-10-10 07:36:53
SES07788,USR07788,Mobile,West,Organic,Home,3,Checkout,2025-10-15 14:11:25
SES07789,USR07789,Tablet,East,Email,Fashion,1,Browse,2025-10-22 12:53:38
SES07790,USR07790,Desktop,West,Social Media,Beauty,1,Browse,2025-10-09 13:52:20
SES07791,USR07791,Tablet,South,Email,Electronics,2,Add to Cart,2025-10-28 16:46:13
SES07792,USR07792,Tablet,South,Email,Sports,4,Purchase,2025-10-13 23:46:13
SES07793,USR07793,Mobile,East,Social Media,Electronics,2,Add to Cart,2025-10-11 17:55:57
SES07794,USR07794,Desktop,South,Google Ads,Electronics,1,Browse,2025-10-23 17:01:07
SES07795,USR07795,Mobile,East,Google Ads,Electronics,3,Checkout,2025-10-03 19:42:52
SES07796,USR07796,Mobile,North,Email,Fashion,4,Purchase,2025-10-19 03:01:03
SES07797,USR07797,Mobile,West,Organic,Fashion,1,Browse,2025-10-03 18:56:21
SES07798,USR07798,Desktop,North,Email,Beauty,2,Add to Cart,2025-10-12 15:56:53
SES07799,USR07799,Tablet,East,Email,Home,4,Purchase,2025-10-03 12:23:31
SES07800,USR07800,Tablet,South,Google Ads,Fashion,1,Browse,2025-10-07 10:33:24
SES07801,USR07801,Desktop,South,Social Media,Beauty,3,Checkout,2025-10-07 16:26:28
SES07802,USR07802,Mobile,East,Organic,Fashion,3,Checkout,2025-10-06 12:27:30
SES07803,USR07803,Mobile,West,Email,Fashion,2,Add to Cart,2025-10-07 18:33:05
SES07804,USR07804,Tablet,West,Social Media,Home,4,Purchase,2025-10-25 19:56:50
SES07805,USR07805,Tablet,South,Organic,Beauty,2,Add to Cart,2025-10-17 22:33:06
SES07806,USR07806,Mobile,South,Social Media,Fashion,3,Checkout,2025-10-19 07:37:17
SES07807,USR07807,Desktop,North,Organic,Sports,1,Browse,2025-10-18 15:09:15
SES07808,USR07808,Tablet,West,Email,Home,3,Checkout,2025-10-02 20:55:18
SES07809,USR07809,Desktop,South,Email,Beauty,2,Add to Cart,2025-10-13 16:16:04
SES07810,USR07810,Desktop,East,Google Ads,Fashion,4,Purchase,2025-10-17 07:53:29
SES07811,USR07811,Mobile,South,Google Ads,Fashion,2,Add to Cart,2025-10-07 19:12:23
SES07812,USR07812,Tablet,West,Google Ads,Beauty,1,Browse,2025-10-06 16:02:09
SES07813,USR07813,Desktop,South,Email,Home,1,Browse,2025-10-19 06:19:59
SES07814,USR07814,Desktop,East,Organic,Beauty,2,Add to Cart,2025-10-19 01:11:24
SES07815,USR07815,Desktop,West,Social Media,Sports,1,Browse,2025-10-12 17:52:28
SES07816,USR07816,Tablet,West,Google Ads,Electronics,1,Browse,2025-10-27 11:45:39
SES07817,USR07817,Tablet,South,Email,Home,2,Add to Cart,2025-10-17 19:19:15
SES07818,USR07818,Mobile,South,Social Media,Sports,2,Add to Cart,2025-10-03 05:07:19
SES07819,USR07819,Mobile,South,Google Ads,Home,2,Add to Cart,2025-10-15 17:07:01
SES07820,USR07820,Tablet,South,Social Media,Sports,4,Purchase,2025-10-30 06:57:51
SES07821,USR07821,Mobile,North,Google Ads,Beauty,1,Browse,2025-10-07 18:44:05
SES07822,USR07822,Mobile,South,Email,Home,2,Add to Cart,2025-10-06 18:36:28
SES07823,USR07823,Tablet,North,Social Media,Fashion,4,Purchase,2025-10-27 06:07:17
SES07824,USR07824,Mobile,South,Organic,Beauty,4,Purchase,2025-10-06 00:48:11
SES07825,USR07825,Desktop,West,Google Ads,Sports,3,Checkout,2025-10-26 01:26:16
SES07826,USR07826,Mobile,North,Google Ads,Fashion,1,Browse,2025-10-24 01:01:15
SES07827,USR07827,Mobile,South,Organic,Electronics,2,Add to Cart,2025-10-30 03:57:32
SES07828,USR07828,Desktop,East,Social Media,Electronics,2,Add to Cart,2025-10-14 01:31:26
SES07829,USR07829,Mobile,South,Email,Sports,4,Purchase,2025-10-04 22:49:29
SES07830,USR07830,Tablet,South,Organic,Fashion,2,Add to Cart,2025-10-08 02:01:46
SES07831,USR07831,Tablet,South,Email,Beauty,2,Add to Cart,2025-10-29 17:30:40
SES07832,USR07832,Mobile,West,Email,Fashion,2,Add to Cart,2025-10-21 05:13:41
SES07833,USR07833,Mobile,South,Social Media,Home,2,Add to Cart,2025-10-03 09:04:35
SES07834,USR07834,Desktop,South,Email,Electronics,2,Add to Cart,2025-10-16 17:26:20
SES07835,USR07835,Tablet,East,Google Ads,Fashion,2,Add to Cart,2025-10-25 18:58:50
SES07836,USR07836,Mobile,East,Google Ads,Electronics,3,Checkout,2025-10-19 21:56:55
SES07837,USR07837,Desktop,South,Email,Beauty,4,Purchase,2025-10-03 16:57:32
SES07838,USR07838,Tablet,East,Social Media,Beauty,2,Add to Cart,2025-10-24 13:40:52
SES07839,USR07839,Desktop,South,Email,Fashion,3,Checkout,2025-10-12 10:38:18
SES07840,USR07840,Mobile,North,Google Ads,Fashion,1,Browse,2025-10-25 05:51:42
SES07841,USR07841,Mobile,West,Organic,Sports,1,Browse,2025-10-12 21:22:43
SES07842,USR07842,Tablet,West,Organic,Sports,2,Add to Cart,2025-10-14 13:15:46
SES07843,USR07843,Mobile,South,Email,Fashion,2,Add to Cart,2025-10-23 01:43:51
SES07844,USR07844,Mobile,East,Organic,Electronics,1,Browse,2025-10-16 02:46:27
SES07845,USR07845,Tablet,North,Social Media,Beauty,2,Add to Cart,2025-10-31 19:17:44
SES07846,USR07846,Desktop,North,Email,Electronics,2,Add to Cart,2025-10-17 15:05:15
SES07847,USR07847,Tablet,North,Social Media,Home,2,Add to Cart,2025-10-15 13:01:51
SES07848,USR07848,Mobile,East,Email,Electronics,3,Checkout,2025-10-03 20:27:08
SES07849,USR07849,Tablet,West,Social Media,Home,2,Add to Cart,2025-10-05 21:31:44
SES07850,USR07850,Mobile,West,Social Media,Electronics,3,Checkout,2025-10-04 08:40:24
SES07851,USR07851,Desktop,East,Organic,Beauty,1,Browse,2025-10-18 00:19:13
SES07852,USR07852,Mobile,North,Google Ads,Beauty,1,Browse,2025-10-26 04:11:45
SES07853,USR07853,Mobile,West,Organic,Electronics,1,Browse,2025-10-21 19:18:50
SES07854,USR07854,Desktop,West,Social Media,Home,3,Checkout,2025-10-22 20:59:20
SES07855,USR07855,Mobile,West,Email,Fashion,1,Browse,2025-10-30 00:29:38
SES07856,USR07856,Tablet,South,Email,Fashion,1,Browse,2025-10-11 21:11:21
SES07857,USR07857,Desktop,South,Email,Fashion,3,Checkout,2025-10-15 22:27:40
SES07858,USR07858,Desktop,South,Social Media,Home,1,Browse,2025-10-26 16:59:42
SES07859,USR07859,Tablet,East,Organic,Sports,1,Browse,2025-10-26 19:33:45
SES07860,USR07860,Desktop,South,Email,Home,1,Browse,2025-10-11 23:54:54
SES07861,USR07861,Mobile,South,Social Media,Fashion,2,Add to Cart,2025-10-16 20:12:29
SES07862,USR07862,Desktop,South,Organic,Fashion,2,Add to Cart,2025-10-14 07:10:41
SES07863,USR07863,Mobile,East,Google Ads,Sports,4,Purchase,2025-10-26 13:44:35
SES07864,USR07864,Desktop,West,Google Ads,Beauty,2,Add to Cart,2025-10-15 05:04:34
SES07865,USR07865,Desktop,North,Google Ads,Fashion,1,Browse,2025-10-22 15:28:53
SES07866,USR07866,Desktop,East,Email,Beauty,1,Browse,2025-10-05 18:21:00
SES07867,USR07867,Tablet,East,Email,Home,2,Add to Cart,2025-10-11 08:10:03
SES07868,USR07868,Tablet,South,Email,Beauty,1,Browse,2025-10-27 01:31:49
SES07869,USR07869,Mobile,East,Social Media,Fashion,1,Browse,2025-10-08 20:45:55
SES07870,USR07870,Mobile,North,Organic,Electronics,2,Add to Cart,2025-10-21 06:10:55
SES07871,USR07871,Mobile,South,Email,Sports,1,Browse,2025-10-12 23:21:25
SES07872,USR07872,Tablet,North,Email,Fashion,2,Add to Cart,2025-10-01 20:20:10
SES07873,USR07873,Tablet,South,Organic,Sports,2,Add to Cart,2025-10-10 20:42:47
SES07874,USR07874,Tablet,West,Organic,Fashion,1,Browse,2025-10-16 06:07:27
SES07875,USR07875,Mobile,West,Google Ads,Beauty,1,Browse,2025-10-04 19:19:01
SES07876,USR07876,Tablet,East,Social Media,Beauty,1,Browse,2025-10-24 21:16:27
SES07877,USR07877,Desktop,West,Google Ads,Sports,4,Purchase,2025-10-10 19:13:11
SES07878,USR07878,Desktop,North,Google Ads,Sports,2,Add to Cart,2025-10-26 01:33:42
SES07879,USR07879,Mobile,West,Organic,Sports,2,Add to Cart,2025-10-28 05:02:18
SES07880,USR07880,Desktop,West,Social Media,Home,3,Checkout,2025-10-30 05:04:33
SES07881,USR07881,Desktop,South,Email,Beauty,2,Add to Cart,2025-10-22 01:45:55
SES07882,USR07882,Desktop,North,Organic,Beauty,2,Add to Cart,2025-10-14 09:47:23
SES07883,USR07883,Mobile,West,Email,Beauty,3,Checkout,2025-10-14 15:01:04
SES07884,USR07884,Mobile,North,Organic,Electronics,1,Browse,2025-10-18 07:37:40
SES07885,USR07885,Tablet,East,Google Ads,Electronics,3,Checkout,2025-10-25 19:21:13
SES07886,USR07886,Mobile,West,Organic,Home,2,Add to Cart,2025-10-23 17:19:39
SES07887,USR07887,Mobile,South,Organic,Fashion,3,Checkout,2025-10-13 22:21:52
SES07888,USR07888,Desktop,South,Email,Beauty,3,Checkout,2025-10-21 16:02:00
SES07889,USR07889,Tablet,West,Google Ads,Fashion,3,Checkout,2025-10-30 11:53:26
SES07890,USR07890,Desktop,South,Google Ads,Sports,2,Add to Cart,2025-10-07 20:54:42
SES07891,USR07891,Tablet,East,Social Media,Electronics,1,Browse,2025-10-10 22:46:21
SES07892,USR07892,Mobile,West,Google Ads,Electronics,2,Add to Cart,2025-10-02 06:53:45
SES07893,USR07893,Tablet,South,Google Ads,Fashion,1,Browse,2025-10-25 20:05:18
SES07894,USR07894,Desktop,North,Google Ads,Sports,2,Add to Cart,2025-10-12 02:11:17
SES07895,USR07895,Mobile,West,Organic,Sports,2,Add to Cart,2025-10-27 18:26:19
SES07896,USR07896,Mobile,South,Google Ads,Sports,2,Add to Cart,2025-10-25 14:48:51
SES07897,USR07897,Desktop,North,Email,Fashion,3,Checkout,2025-10-24 22:40:16
SES07898,USR07898,Tablet,West,Social Media,Sports,3,Checkout,2025-10-20 23:57:25
SES07899,USR07899,Desktop,East,Organic,Electronics,4,Purchase,2025-10-29 14:03:23
SES07900,USR07900,Tablet,South,Google Ads,Home,2,Add to Cart,2025-10-16 23:27:45
SES07901,USR07901,Tablet,North,Social Media,Sports,2,Add to Cart,2025-10-08 01:58:44
SES07902,USR07902,Mobile,West,Email,Fashion,4,Purchase,2025-10-15 12:58:42
SES07903,USR07903,Tablet,East,Organic,Beauty,2,Add to Cart,2025-10-02 02:01:38
SES07904,USR07904,Mobile,East,Email,Electronics,2,Add to Cart,2025-10-03 01:47:44
SES07905,USR07905,Tablet,South,Social Media,Fashion,1,Browse,2025-10-13 12:02:34
SES07906,USR07906,Desktop,North,Google Ads,Home,3,Checkout,2025-10-10 13:22:25
SES07907,USR07907,Tablet,East,Organic,Beauty,1,Browse,2025-10-13 19:56:40
SES07908,USR07908,Mobile,East,Email,Beauty,4,Purchase,2025-10-10 15:04:02
SES07909,USR07909,Mobile,South,Google Ads,Beauty,2,Add to Cart,2025-10-27 11:57:05
SES07910,USR07910,Tablet,West,Organic,Electronics,1,Browse,2025-10-25 16:15:56
SES07911,USR07911,Desktop,East,Organic,Fashion,3,Checkout,2025-10-31 10:22:47
SES07912,USR07912,Desktop,North,Google Ads,Beauty,3,Checkout,2025-10-02 11:50:05
SES07913,USR07913,Tablet,West,Email,Sports,3,Checkout,2025-10-19 07:36:02
SES07914,USR07914,Desktop,North,Social Media,Home,4,Purchase,2025-10-26 21:02:49
SES07915,USR07915,Tablet,North,Social Media,Sports,1,Browse,2025-10-24 05:12:16
SES07916,USR07916,Desktop,East,Email,Electronics,3,Checkout,2025-10-16 17:33:02
SES07917,USR07917,Desktop,South,Email,Home,3,Checkout,2025-10-11 10:27:07
SES07918,USR07918,Mobile,East,Social Media,Beauty,3,Checkout,2025-10-19 17:28:02
SES07919,USR07919,Mobile,South,Social Media,Electronics,3,Checkout,2025-10-23 20:07:58
SES07920,USR07920,Mobile,South,Social Media,Beauty,1,Browse,2025-10-21 19:03:29
SES07921,USR07921,Tablet,East,Google Ads,Sports,2,Add to Cart,2025-10-18 19:58:15
SES07922,USR07922,Tablet,East,Google Ads,Sports,3,Checkout,2025-10-29 12:06:02
SES07923,USR07923,Desktop,East,Email,Sports,2,Add to Cart,2025-10-09 22:57:47
SES07924,USR07924,Tablet,East,Social Media,Sports,1,Browse,2025-10-16 06:39:34
SES07925,USR07925,Tablet,East,Organic,Fashion,2,Add to Cart,2025-10-02 23:23:41
SES07926,USR07926,Desktop,North,Social Media,Electronics,4,Purchase,2025-10-03 23:56:56
SES07927,USR07927,Mobile,North,Google Ads,Beauty,1,Browse,2025-10-03 05:50:38
SES07928,USR07928,Mobile,West,Social Media,Beauty,1,Browse,2025-10-27 09:59:23
SES07929,USR07929,Desktop,South,Organic,Sports,3,Checkout,2025-10-06 10:31:36
SES07930,USR07930,Desktop,East,Google Ads,Beauty,2,Add to Cart,2025-10-21 06:09:55
SES07931,USR07931,Mobile,South,Email,Fashion,1,Browse,2025-10-23 09:32:55
SES07932,USR07932,Tablet,West,Organic,Electronics,1,Browse,2025-10-28 00:57:46
SES07933,USR07933,Mobile,North,Organic,Sports,2,Add to Cart,2025-10-21 07:29:11
SES07934,USR07934,Mobile,North,Google Ads,Fashion,2,Add to Cart,2025-10-03 07:42:16
SES07935,USR07935,Desktop,East,Organic,Sports,2,Add to Cart,2025-10-10 18:10:25
SES07936,USR07936,Mobile,South,Google Ads,Sports,3,Checkout,2025-10-22 21:40:34
SES07937,USR07937,Mobile,East,Email,Electronics,1,Browse,2025-10-17 18:07:24
SES07938,USR07938,Desktop,North,Email,Electronics,3,Checkout,2025-10-19 12:10:11
SES07939,USR07939,Desktop,West,Email,Electronics,3,Checkout,2025-10-20 21:29:12
SES07940,USR07940,Tablet,North,Google Ads,Sports,3,Checkout,2025-10-15 11:37:28
SES07941,USR07941,Tablet,South,Social Media,Electronics,3,Checkout,2025-10-17 13:48:19
SES07942,USR07942,Tablet,East,Email,Sports,1,Browse,2025-10-12 19:38:13
SES07943,USR07943,Desktop,West,Google Ads,Fashion,2,Add to Cart,2025-10-12 02:23:15
SES07944,USR07944,Mobile,North,Google Ads,Electronics,2,Add to Cart,2025-10-23 04:46:59
SES07945,USR07945,Mobile,West,Organic,Home,2,Add to Cart,2025-10-28 01:05:44
SES07946,USR07946,Mobile,East,Organic,Electronics,3,Checkout,2025-10-28 17:51:26
SES07947,USR07947,Mobile,West,Organic,Beauty,1,Browse,2025-10-21 19:38:14
SES07948,USR07948,Tablet,West,Google Ads,Electronics,4,Purchase,2025-10-22 16:28:28
SES07949,USR07949,Desktop,East,Google Ads,Electronics,4,Purchase,2025-10-09 20:42:25
SES07950,USR07950,Desktop,East,Email,Home,3,Checkout,2025-10-28 14:45:06
SES07951,USR07951,Desktop,West,Social Media,Electronics,3,Checkout,2025-10-09 04:20:08
SES07952,USR07952,Tablet,West,Social Media,Electronics,2,Add to Cart,2025-10-18 18:40:37
SES07953,USR07953,Desktop,North,Email,Fashion,1,Browse,2025-10-04 06:02:16
SES07954,USR07954,Mobile,South,Email,Electronics,2,Add to Cart,2025-10-26 07:16:08
SES07955,USR07955,Tablet,North,Google Ads,Electronics,2,Add to Cart,2025-10-27 19:37:29
SES07956,USR07956,Mobile,South,Social Media,Beauty,3,Checkout,2025-10-09 01:01:02
SES07957,USR07957,Desktop,South,Email,Electronics,3,Checkout,2025-10-29 09:43:37
SES07958,USR07958,Tablet,South,Email,Home,2,Add to Cart,2025-10-11 20:00:52
SES07959,USR07959,Mobile,East,Social Media,Home,1,Browse,2025-10-24 06:30:34
SES07960,USR07960,Desktop,South,Google Ads,Beauty,3,Checkout,2025-10-27 00:30:50
SES07961,USR07961,Tablet,South,Google Ads,Home,2,Add to Cart,2025-10-21 17:37:25
SES07962,USR07962,Desktop,North,Organic,Beauty,3,Checkout,2025-10-21 12:52:30
SES07963,USR07963,Mobile,East,Organic,Sports,1,Browse,2025-10-04 06:17:19
SES07964,USR07964,Tablet,East,Organic,Home,2,Add to Cart,2025-10-04 19:25:02
SES07965,USR07965,Tablet,South,Email,Fashion,2,Add to Cart,2025-10-09 12:12:56
SES07966,USR07966,Tablet,South,Google Ads,Electronics,3,Checkout,2025-10-27 15:30:11
SES07967,USR07967,Mobile,East,Social Media,Sports,1,Browse,2025-10-30 12:15:17
SES07968,USR07968,Mobile,North,Organic,Beauty,2,Add to Cart,2025-10-25 08:14:22
SES07969,USR07969,Mobile,East,Google Ads,Home,2,Add to Cart,2025-10-16 10:40:04
SES07970,USR07970,Desktop,South,Email,Fashion,1,Browse,2025-10-30 20:49:54
SES07971,USR07971,Desktop,East,Organic,Fashion,2,Add to Cart,2025-10-05 04:38:27
SES07972,USR07972,Tablet,West,Organic,Fashion,2,Add to Cart,2025-10-01 23:54:12
SES07973,USR07973,Mobile,South,Google Ads,Fashion,2,Add to Cart,2025-10-11 14:03:35
SES07974,USR07974,Tablet,South,Google Ads,Electronics,3,Checkout,2025-10-29 09:30:41
SES07975,USR07975,Mobile,West,Organic,Home,2,Add to Cart,2025-10-28 22:23:18
SES07976,USR07976,Mobile,West,Organic,Fashion,2,Add to Cart,2025-10-15 03:17:21
SES07977,USR07977,Tablet,North,Organic,Fashion,3,Checkout,2025-10-22 22:57:01
SES07978,USR07978,Mobile,West,Google Ads,Home,2,Add to Cart,2025-10-31 06:57:01
SES07979,USR07979,Mobile,North,Organic,Fashion,2,Add to Cart,2025-10-27 04:41:18
SES07980,USR07980,Desktop,West,Social Media,Home,1,Browse,2025-10-03 01:01:39
SES07981,USR07981,Tablet,West,Social Media,Sports,3,Checkout,2025-10-19 06:27:51
SES07982,USR07982,Tablet,South,Organic,Fashion,1,Browse,2025-10-06 17:45:11
SES07983,USR07983,Mobile,East,Email,Fashion,2,Add to Cart,2025-10-13 11:18:55
SES07984,USR07984,Desktop,South,Google Ads,Home,1,Browse,2025-10-26 20:52:37
SES07985,USR07985,Mobile,North,Organic,Electronics,2,Add to Cart,2025-10-04 18:43:49
SES07986,USR07986,Tablet,West,Email,Beauty,1,Browse,2025-10-01 23:59:48
SES07987,USR07987,Desktop,East,Organic,Fashion,3,Checkout,2025-10-09 20:53:59
SES07988,USR07988,Mobile,North,Social Media,Electronics,3,Checkout,2025-10-22 05:20:16
SES07989,USR07989,Tablet,North,Email,Fashion,2,Add to Cart,2025-10-11 14:37:57
SES07990,USR07990,Desktop,North,Organic,Beauty,1,Browse,2025-10-31 05:43:29
SES07991,USR07991,Mobile,North,Organic,Beauty,2,Add to Cart,2025-10-03 03:18:02
SES07992,USR07992,Desktop,East,Social Media,Fashion,1,Browse,2025-10-04 20:08:57
SES07993,USR07993,Mobile,North,Google Ads,Electronics,2,Add to Cart,2025-10-15 12:50:34
SES07994,USR07994,Mobile,North,Google Ads,Beauty,2,Add to Cart,2025-10-11 05:31:02
SES07995,USR07995,Tablet,East,Google Ads,Beauty,3,Checkout,2025-10-17 00:26:11
SES07996,USR07996,Desktop,North,Organic,Sports,3,Checkout,2025-10-26 11:28:01
SES07997,USR07997,Tablet,East,Organic,Home,2,Add to Cart,2025-10-23 08:11:20
SES07998,USR07998,Mobile,North,Email,Beauty,3,Checkout,2025-10-25 11:49:41
SES07999,USR07999,Tablet,North,Social Media,Electronics,2,Add to Cart,2025-10-04 10:25:04
SES08000,USR08000,Tablet,North,Email,Sports,2,Add to Cart,2025-10-25 07:55:57
SES08001,USR08001,Tablet,South,Organic,Electronics,4,Purchase,2025-10-13 02:22:48
SES08002,USR08002,Tablet,East,Google Ads,Beauty,3,Checkout,2025-10-08 03:00:40
SES08003,USR08003,Tablet,West,Google Ads,Electronics,3,Checkout,2025-10-20 21:41:16
SES08004,USR08004,Tablet,East,Social Media,Fashion,2,Add to Cart,2025-10-04 19:37:23
SES08005,USR08005,Tablet,West,Google Ads,Fashion,2,Add to Cart,2025-10-29 09:48:57
SES08006,USR08006,Tablet,South,Email,Sports,2,Add to Cart,2025-10-20 20:01:24
SES08007,USR08007,Desktop,North,Email,Electronics,2,Add to Cart,2025-10-11 19:34:34
SES08008,USR08008,Desktop,East,Social Media,Home,1,Browse,2025-10-30 04:12:50
SES08009,USR08009,Mobile,North,Social Media,Sports,2,Add to Cart,2025-10-22 02:14:29
SES08010,USR08010,Desktop,East,Organic,Sports,2,Add to Cart,2025-10-30 00:44:02
SES08011,USR08011,Mobile,West,Email,Sports,3,Checkout,2025-10-05 16:25:07
SES08012,USR08012,Mobile,South,Google Ads,Electronics,2,Add to Cart,2025-10-21 12:03:55
SES08013,USR08013,Mobile,South,Social Media,Beauty,4,Purchase,2025-10-24 13:59:52
SES08014,USR08014,Desktop,North,Social Media,Beauty,1,Browse,2025-10-23 21:05:58
SES08015,USR08015,Tablet,West,Email,Home,3,Checkout,2025-10-06 00:05:32
SES08016,USR08016,Tablet,East,Social Media,Home,2,Add to Cart,2025-10-13 04:33:32
SES08017,USR08017,Tablet,North,Google Ads,Fashion,2,Add to Cart,2025-10-02 00:47:41
SES08018,USR08018,Tablet,North,Email,Home,1,Browse,2025-10-11 14:36:12
SES08019,USR08019,Tablet,West,Google Ads,Fashion,1,Browse,2025-10-22 23:35:13
SES08020,USR08020,Mobile,South,Organic,Electronics,1,Browse,2025-10-12 17:42:53
SES08021,USR08021,Mobile,South,Organic,Fashion,2,Add to Cart,2025-10-09 01:31:20
SES08022,USR08022,Tablet,East,Social Media,Beauty,4,Purchase,2025-10-03 23:01:40
SES08023,USR08023,Tablet,South,Organic,Fashion,2,Add to Cart,2025-10-07 23:37:28
SES08024,USR08024,Mobile,West,Social Media,Fashion,1,Browse,2025-10-15 07:38:35
SES08025,USR08025,Desktop,West,Google Ads,Beauty,1,Browse,2025-10-25 05:00:42
SES08026,USR08026,Desktop,North,Social Media,Beauty,2,Add to Cart,2025-10-25 11:48:51
SES08027,USR08027,Tablet,East,Google Ads,Fashion,2,Add to Cart,2025-10-14 08:43:45
SES08028,USR08028,Tablet,West,Organic,Electronics,1,Browse,2025-10-28 01:23:26
SES08029,USR08029,Desktop,North,Social Media,Electronics,1,Browse,2025-10-15 17:37:28
SES08030,USR08030,Tablet,South,Google Ads,Sports,4,Purchase,2025-10-24 02:29:02
SES08031,USR08031,Desktop,North,Organic,Sports,2,Add to Cart,2025-10-14 20:21:57
SES08032,USR08032,Mobile,North,Email,Electronics,2,Add to Cart,2025-10-19 17:57:58
SES08033,USR08033,Desktop,West,Google Ads,Fashion,2,Add to Cart,2025-10-07 02:54:47
SES08034,USR08034,Tablet,South,Organic,Sports,2,Add to Cart,2025-10-28 22:13:38
SES08035,USR08035,Desktop,South,Organic,Home,2,Add to Cart,2025-10-27 06:28:04
SES08036,USR08036,Desktop,North,Social Media,Sports,2,Add to Cart,2025-10-04 20:44:39
SES08037,USR08037,Mobile,South,Organic,Fashion,1,Browse,2025-10-21 01:50:07
SES08038,USR08038,Tablet,West,Email,Sports,1,Browse,2025-10-12 20:03:46
SES08039,USR08039,Tablet,North,Google Ads,Sports,3,Checkout,2025-10-02 04:53:53
SES08040,USR08040,Desktop,West,Social Media,Fashion,3,Checkout,2025-10-24 01:40:34
SES08041,USR08041,Desktop,South,Google Ads,Beauty,1,Browse,2025-10-10 19:51:34
SES08042,USR08042,Desktop,North,Google Ads,Fashion,1,Browse,2025-10-23 05:19:09
SES08043,USR08043,Desktop,South,Email,Sports,2,Add to Cart,2025-10-11 00:15:46
SES08044,USR08044,Desktop,East,Email,Home,3,Checkout,2025-10-04 20:54:20
SES08045,USR08045,Desktop,South,Google Ads,Home,3,Checkout,2025-10-28 23:40:14
SES08046,USR08046,Tablet,East,Social Media,Fashion,3,Checkout,2025-10-10 08:06:08
SES08047,USR08047,Tablet,East,Email,Home,3,Checkout,2025-10-12 22:04:18
SES08048,USR08048,Mobile,West,Social Media,Sports,2,Add to Cart,2025-10-17 15:24:35
SES08049,USR08049,Mobile,South,Social Media,Sports,4,Purchase,2025-10-06 11:14:40
SES08050,USR08050,Tablet,South,Email,Fashion,2,Add to Cart,2025-10-30 06:10:16
SES08051,USR08051,Desktop,East,Google Ads,Beauty,2,Add to Cart,2025-10-11 12:40:18
SES08052,USR08052,Desktop,North,Google Ads,Home,4,Purchase,2025-10-21 04:08:08
SES08053,USR08053,Desktop,North,Email,Sports,3,Checkout,2025-10-23 11:10:28
SES08054,USR08054,Desktop,North,Google Ads,Beauty,3,Checkout,2025-10-27 12:47:02
SES08055,USR08055,Mobile,North,Social Media,Electronics,3,Checkout,2025-10-04 20:07:37
SES08056,USR08056,Tablet,West,Organic,Sports,2,Add to Cart,2025-10-31 19:00:46
SES08057,USR08057,Desktop,East,Social Media,Fashion,1,Browse,2025-10-22 17:08:41
SES08058,USR08058,Mobile,North,Google Ads,Beauty,1,Browse,2025-10-11 02:12:07
SES08059,USR08059,Tablet,North,Email,Electronics,1,Browse,2025-10-09 06:22:00
SES08060,USR08060,Mobile,West,Social Media,Beauty,3,Checkout,2025-10-11 15:42:31
SES08061,USR08061,Mobile,East,Social Media,Sports,3,Checkout,2025-10-29 00:21:51
SES08062,USR08062,Tablet,West,Organic,Sports,1,Browse,2025-10-21 04:10:58
SES08063,USR08063,Tablet,North,Organic,Home,2,Add to Cart,2025-10-20 12:04:47
SES08064,USR08064,Mobile,North,Email,Home,2,Add to Cart,2025-10-09 18:21:36
SES08065,USR08065,Tablet,South,Email,Beauty,3,Checkout,2025-10-18 08:22:02
SES08066,USR08066,Mobile,South,Google Ads,Beauty,3,Checkout,2025-10-06 00:58:03
SES08067,USR08067,Tablet,South,Organic,Sports,3,Checkout,2025-10-19 01:49:45
SES08068,USR08068,Mobile,South,Social Media,Beauty,2,Add to Cart,2025-10-19 20:46:56
SES08069,USR08069,Desktop,East,Email,Sports,2,Add to Cart,2025-10-17 13:12:46
SES08070,USR08070,Desktop,West,Social Media,Sports,2,Add to Cart,2025-10-08 04:32:53
SES08071,USR08071,Desktop,South,Google Ads,Sports,2,Add to Cart,2025-10-30 20:15:15
SES08072,USR08072,Tablet,North,Social Media,Sports,1,Browse,2025-10-24 22:03:51
SES08073,USR08073,Desktop,East,Organic,Fashion,2,Add to Cart,2025-10-16 10:03:11
SES08074,USR08074,Desktop,South,Google Ads,Fashion,1,Browse,2025-10-31 08:20:48
SES08075,USR08075,Tablet,East,Email,Beauty,1,Browse,2025-10-11 02:35:15
SES08076,USR08076,Desktop,South,Email,Beauty,2,Add to Cart,2025-10-15 10:40:50
SES08077,USR08077,Mobile,East,Google Ads,Electronics,2,Add to Cart,2025-10-27 01:41:46
SES08078,USR08078,Mobile,South,Organic,Sports,3,Checkout,2025-10-16 05:16:42
SES08079,USR08079,Tablet,West,Google Ads,Sports,4,Purchase,2025-10-10 22:05:44
SES08080,USR08080,Tablet,North,Google Ads,Beauty,4,Purchase,2025-10-30 01:02:09
SES08081,USR08081,Tablet,South,Social Media,Home,4,Purchase,2025-10-26 02:16:07
SES08082,USR08082,Desktop,North,Email,Home,2,Add to Cart,2025-10-13 18:58:58
SES08083,USR08083,Tablet,North,Organic,Fashion,2,Add to Cart,2025-10-05 05:52:57
SES08084,USR08084,Desktop,East,Organic,Home,2,Add to Cart,2025-10-16 20:32:20
SES08085,USR08085,Tablet,South,Google Ads,Electronics,2,Add to Cart,2025-10-19 05:47:31
SES08086,USR08086,Tablet,North,Social Media,Beauty,1,Browse,2025-10-11 12:01:24
SES08087,USR08087,Desktop,West,Google Ads,Home,1,Browse,2025-10-22 16:49:19
SES08088,USR08088,Tablet,East,Organic,Fashion,2,Add to Cart,2025-10-03 20:21:06
SES08089,USR08089,Mobile,North,Google Ads,Home,1,Browse,2025-10-07 13:01:47
SES08090,USR08090,Desktop,South,Google Ads,Fashion,1,Browse,2025-10-21 07:39:53
SES08091,USR08091,Mobile,North,Email,Electronics,2,Add to Cart,2025-10-17 10:24:09
SES08092,USR08092,Tablet,West,Email,Sports,1,Browse,2025-10-15 04:55:07
SES08093,USR08093,Desktop,East,Google Ads,Sports,2,Add to Cart,2025-10-16 22:01:29
SES08094,USR08094,Mobile,South,Email,Fashion,2,Add to Cart,2025-10-12 01:59:40
SES08095,USR08095,Desktop,South,Google Ads,Home,1,Browse,2025-10-24 04:20:48
SES08096,USR08096,Mobile,West,Google Ads,Home,2,Add to Cart,2025-10-25 16:47:15
SES08097,USR08097,Tablet,West,Organic,Home,2,Add to Cart,2025-10-19 08:36:07
SES08098,USR08098,Tablet,East,Social Media,Home,2,Add to Cart,2025-10-26 07:10:36
SES08099,USR08099,Desktop,North,Organic,Fashion,3,Checkout,2025-10-27 23:55:27
SES08100,USR08100,Desktop,East,Social Media,Beauty,1,Browse,2025-10-29 04:24:37
SES08101,USR08101,Mobile,North,Email,Sports,1,Browse,2025-10-11 20:20:29
SES08102,USR08102,Tablet,North,Google Ads,Electronics,3,Checkout,2025-10-15 16:45:50
SES08103,USR08103,Tablet,West,Email,Electronics,2,Add to Cart,2025-10-05 01:24:35
SES08104,USR08104,Tablet,East,Organic,Electronics,2,Add to Cart,2025-10-12 13:51:27
SES08105,USR08105,Mobile,West,Email,Home,2,Add to Cart,2025-10-02 06:31:56
SES08106,USR08106,Mobile,North,Email,Fashion,1,Browse,2025-10-05 04:50:12
SES08107,USR08107,Desktop,North,Organic,Fashion,2,Add to Cart,2025-10-03 16:39:24
SES08108,USR08108,Tablet,East,Organic,Fashion,2,Add to Cart,2025-10-10 08:57:34
SES08109,USR08109,Desktop,North,Social Media,Sports,1,Browse,2025-10-26 07:11:40
SES08110,USR08110,Mobile,North,Google Ads,Sports,1,Browse,2025-10-10 11:55:34
SES08111,USR08111,Tablet,West,Google Ads,Beauty,2,Add to Cart,2025-10-25 16:10:30
SES08112,USR08112,Mobile,West,Social Media,Home,2,Add to Cart,2025-10-30 01:34:22
SES08113,USR08113,Tablet,North,Social Media,Home,4,Purchase,2025-10-21 16:32:40
SES08114,USR08114,Tablet,North,Social Media,Sports,3,Checkout,2025-10-23 11:20:13
SES08115,USR08115,Desktop,East,Google Ads,Fashion,3,Checkout,2025-10-16 07:56:44
SES08116,USR08116,Desktop,East,Email,Fashion,3,Checkout,2025-10-30 12:25:37
SES08117,USR08117,Desktop,North,Organic,Beauty,4,Purchase,2025-10-15 09:52:39
SES08118,USR08118,Desktop,North,Email,Sports,1,Browse,2025-10-14 02:39:49
SES08119,USR08119,Mobile,North,Google Ads,Electronics,2,Add to Cart,2025-10-28 05:15:56
SES08120,USR08120,Mobile,North,Social Media,Home,1,Browse,2025-10-17 08:46:46
SES08121,USR08121,Desktop,South,Organic,Beauty,4,Purchase,2025-10-19 09:03:53
SES08122,USR08122,Desktop,South,Email,Electronics,2,Add to Cart,2025-10-08 00:12:32
SES08123,USR08123,Tablet,East,Social Media,Beauty,2,Add to Cart,2025-10-28 21:32:03
SES08124,USR08124,Desktop,South,Organic,Beauty,3,Checkout,2025-10-03 07:17:37
SES08125,USR08125,Mobile,North,Email,Sports,1,Browse,2025-10-09 00:15:58
SES08126,USR08126,Mobile,North,Email,Fashion,4,Purchase,2025-10-17 10:36:48
SES08127,USR08127,Desktop,North,Google Ads,Fashion,3,Checkout,2025-10-04 01:35:48
SES08128,USR08128,Desktop,South,Google Ads,Home,1,Browse,2025-10-09 09:50:14
SES08129,USR08129,Tablet,North,Google Ads,Sports,4,Purchase,2025-10-27 23:16:44
SES08130,USR08130,Desktop,East,Email,Electronics,2,Add to Cart,2025-10-15 09:46:58
SES08131,USR08131,Tablet,East,Email,Fashion,3,Checkout,2025-10-08 00:56:34
SES08132,USR08132,Desktop,North,Organic,Home,4,Purchase,2025-10-28 21:42:42
SES08133,USR08133,Mobile,South,Email,Home,1,Browse,2025-10-20 20:12:11
SES08134,USR08134,Tablet,East,Email,Beauty,1,Browse,2025-10-23 07:42:34
SES08135,USR08135,Tablet,North,Google Ads,Sports,1,Browse,2025-10-17 00:47:41
SES08136,USR08136,Desktop,North,Google Ads,Home,3,Checkout,2025-10-13 06:16:31
SES08137,USR08137,Mobile,South,Google Ads,Beauty,2,Add to Cart,2025-10-02 08:19:24
SES08138,USR08138,Desktop,North,Organic,Beauty,3,Checkout,2025-10-26 08:42:36
SES08139,USR08139,Tablet,South,Organic,Home,4,Purchase,2025-10-05 03:52:16
SES08140,USR08140,Mobile,South,Organic,Fashion,1,Browse,2025-10-18 15:57:11
SES08141,USR08141,Mobile,West,Email,Sports,1,Browse,2025-10-24 23:02:28
SES08142,USR08142,Mobile,West,Email,Fashion,3,Checkout,2025-10-29 08:33:36
SES08143,USR08143,Tablet,North,Google Ads,Home,1,Browse,2025-10-14 08:05:10
SES08144,USR08144,Desktop,South,Email,Fashion,2,Add to Cart,2025-10-27 04:44:36
SES08145,USR08145,Desktop,South,Social Media,Sports,2,Add to Cart,2025-10-29 21:41:12
SES08146,USR08146,Tablet,East,Organic,Sports,1,Browse,2025-10-11 06:47:33
SES08147,USR08147,Desktop,North,Google Ads,Home,1,Browse,2025-10-25 07:47:00
SES08148,USR08148,Tablet,South,Organic,Sports,3,Checkout,2025-10-07 12:14:12
SES08149,USR08149,Tablet,South,Google Ads,Beauty,4,Purchase,2025-10-08 02:22:46
SES08150,USR08150,Mobile,North,Email,Fashion,2,Add to Cart,2025-10-23 07:01:13
SES08151,USR08151,Desktop,North,Social Media,Home,3,Checkout,2025-10-24 10:33:53
SES08152,USR08152,Desktop,North,Organic,Beauty,1,Browse,2025-10-25 04:25:37
SES08153,USR08153,Mobile,West,Social Media,Beauty,1,Browse,2025-10-17 09:33:00
SES08154,USR08154,Tablet,South,Organic,Beauty,1,Browse,2025-10-22 03:39:23
SES08155,USR08155,Desktop,East,Email,Fashion,3,Checkout,2025-10-15 14:59:43
SES08156,USR08156,Tablet,East,Social Media,Home,3,Checkout,2025-10-07 07:52:07
SES08157,USR08157,Desktop,East,Email,Home,3,Checkout,2025-10-11 05:47:06
SES08158,USR08158,Tablet,South,Organic,Home,1,Browse,2025-10-29 09:24:05
SES08159,USR08159,Desktop,East,Organic,Electronics,2,Add to Cart,2025-10-02 02:57:46
SES08160,USR08160,Mobile,West,Google Ads,Sports,1,Browse,2025-10-30 04:12:42
SES08161,USR08161,Desktop,North,Organic,Fashion,3,Checkout,2025-10-14 06:41:58
SES08162,USR08162,Desktop,South,Organic,Beauty,3,Checkout,2025-10-15 22:49:17
SES08163,USR08163,Desktop,East,Social Media,Electronics,1,Browse,2025-10-19 21:59:13
SES08164,USR08164,Desktop,North,Social Media,Beauty,1,Browse,2025-10-12 05:55:50
SES08165,USR08165,Mobile,West,Google Ads,Electronics,1,Browse,2025-10-22 15:22:00
SES08166,USR08166,Tablet,East,Email,Home,1,Browse,2025-10-27 16:40:13
SES08167,USR08167,Mobile,East,Google Ads,Beauty,4,Purchase,2025-10-28 20:31:45
SES08168,USR08168,Desktop,West,Google Ads,Sports,4,Purchase,2025-10-10 18:55:04
SES08169,USR08169,Tablet,East,Social Media,Electronics,1,Browse,2025-10-29 14:01:16
SES08170,USR08170,Tablet,South,Organic,Home,2,Add to Cart,2025-10-04 18:17:39
SES08171,USR08171,Desktop,West,Social Media,Sports,4,Purchase,2025-10-14 23:51:14
SES08172,USR08172,Tablet,South,Google Ads,Fashion,3,Checkout,2025-10-14 22:10:55
SES08173,USR08173,Mobile,East,Organic,Fashion,2,Add to Cart,2025-10-29 17:49:06
SES08174,USR08174,Mobile,West,Google Ads,Beauty,2,Add to Cart,2025-10-17 18:06:25
SES08175,USR08175,Tablet,East,Google Ads,Beauty,1,Browse,2025-10-09 02:00:42
SES08176,USR08176,Desktop,East,Organic,Electronics,4,Purchase,2025-10-06 18:53:11
SES08177,USR08177,Mobile,North,Email,Electronics,1,Browse,2025-10-30 14:35:33
SES08178,USR08178,Desktop,West,Email,Beauty,1,Browse,2025-10-26 07:47:14
SES08179,USR08179,Desktop,South,Email,Home,3,Checkout,2025-10-16 04:57:18
SES08180,USR08180,Mobile,North,Google Ads,Fashion,2,Add to Cart,2025-10-13 12:10:12
SES08181,USR08181,Mobile,West,Google Ads,Electronics,2,Add to Cart,2025-10-26 18:59:07
SES08182,USR08182,Tablet,South,Organic,Electronics,1,Browse,2025-10-03 23:04:15
SES08183,USR08183,Tablet,East,Organic,Beauty,1,Browse,2025-10-21 22:54:18
SES08184,USR08184,Desktop,East,Google Ads,Electronics,1,Browse,2025-10-13 19:52:53
SES08185,USR08185,Mobile,East,Google Ads,Home,1,Browse,2025-10-04 04:07:37
SES08186,USR08186,Tablet,North,Social Media,Sports,3,Checkout,2025-10-13 02:12:16
SES08187,USR08187,Tablet,North,Google Ads,Electronics,2,Add to Cart,2025-10-11 23:59:12
SES08188,USR08188,Tablet,West,Email,Electronics,2,Add to Cart,2025-10-16 05:19:01
SES08189,USR08189,Tablet,East,Social Media,Beauty,1,Browse,2025-10-25 07:15:38
SES08190,USR08190,Tablet,South,Social Media,Sports,3,Checkout,2025-10-11 02:06:18
SES08191,USR08191,Mobile,East,Email,Electronics,3,Checkout,2025-10-14 08:22:06
SES08192,USR08192,Mobile,South,Social Media,Home,4,Purchase,2025-10-31 17:46:41
SES08193,USR08193,Mobile,West,Social Media,Home,2,Add to Cart,2025-10-30 12:38:46
SES08194,USR08194,Tablet,West,Email,Home,1,Browse,2025-10-26 11:32:22
SES08195,USR08195,Desktop,North,Social Media,Electronics,3,Checkout,2025-10-02 10:35:43
SES08196,USR08196,Tablet,West,Google Ads,Electronics,1,Browse,2025-10-03 20:15:00
SES08197,USR08197,Desktop,South,Email,Beauty,4,Purchase,2025-10-19 18:37:57
SES08198,USR08198,Desktop,South,Email,Fashion,2,Add to Cart,2025-10-06 13:04:42
SES08199,USR08199,Mobile,North,Google Ads,Beauty,2,Add to Cart,2025-10-18 22:07:56
SES08200,USR08200,Tablet,East,Social Media,Home,4,Purchase,2025-10-03 06:12:00
SES08201,USR08201,Desktop,South,Google Ads,Home,4,Purchase,2025-10-23 21:51:56
SES08202,USR08202,Tablet,East,Email,Fashion,2,Add to Cart,2025-10-08 03:28:44
SES08203,USR08203,Mobile,North,Email,Home,2,Add to Cart,2025-10-30 01:30:37
SES08204,USR08204,Desktop,South,Social Media,Fashion,2,Add to Cart,2025-10-30 12:37:34
SES08205,USR08205,Mobile,South,Email,Electronics,1,Browse,2025-10-07 06:05:09
SES08206,USR08206,Tablet,West,Social Media,Sports,2,Add to Cart,2025-10-24 18:48:10
SES08207,USR08207,Tablet,North,Google Ads,Home,1,Browse,2025-10-15 07:10:57
SES08208,USR08208,Tablet,East,Social Media,Beauty,1,Browse,2025-10-05 12:56:44
SES08209,USR08209,Tablet,West,Social Media,Sports,3,Checkout,2025-10-27 13:11:23
SES08210,USR08210,Desktop,East,Social Media,Electronics,2,Add to Cart,2025-10-30 21:52:23
SES08211,USR08211,Tablet,East,Social Media,Electronics,1,Browse,2025-10-22 03:42:15
SES08212,USR08212,Tablet,East,Email,Home,3,Checkout,2025-10-10 06:49:16
SES08213,USR08213,Desktop,East,Social Media,Electronics,3,Checkout,2025-10-16 12:10:17
SES08214,USR08214,Desktop,North,Organic,Home,2,Add to Cart,2025-10-26 14:30:33
SES08215,USR08215,Desktop,East,Organic,Home,2,Add to Cart,2025-10-15 07:26:30
SES08216,USR08216,Tablet,West,Social Media,Home,1,Browse,2025-10-25 12:36:01
SES08217,USR08217,Mobile,West,Organic,Sports,2,Add to Cart,2025-10-22 01:18:23
SES08218,USR08218,Mobile,South,Google Ads,Beauty,2,Add to Cart,2025-10-22 16:56:04
SES08219,USR08219,Tablet,South,Social Media,Sports,1,Browse,2025-10-05 04:42:45
SES08220,USR08220,Desktop,West,Social Media,Home,1,Browse,2025-10-03 11:03:41
SES08221,USR08221,Desktop,East,Social Media,Home,2,Add to Cart,2025-10-22 19:54:02
SES08222,USR08222,Tablet,East,Social Media,Beauty,1,Browse,2025-10-08 22:56:09
SES08223,USR08223,Tablet,North,Social Media,Electronics,2,Add to Cart,2025-10-20 06:53:57
SES08224,USR08224,Desktop,South,Social Media,Electronics,2,Add to Cart,2025-10-14 07:40:19
SES08225,USR08225,Desktop,West,Google Ads,Home,3,Checkout,2025-10-24 08:02:02
SES08226,USR08226,Tablet,North,Email,Home,2,Add to Cart,2025-10-04 16:25:37
SES08227,USR08227,Desktop,East,Email,Fashion,2,Add to Cart,2025-10-05 14:35:23
SES08228,USR08228,Tablet,South,Email,Sports,2,Add to Cart,2025-10-11 01:42:36
SES08229,USR08229,Mobile,North,Organic,Beauty,1,Browse,2025-10-03 00:46:55
SES08230,USR08230,Tablet,North,Social Media,Beauty,3,Checkout,2025-10-17 02:15:17
SES08231,USR08231,Desktop,East,Google Ads,Sports,1,Browse,2025-10-08 01:06:41
SES08232,USR08232,Tablet,South,Google Ads,Home,2,Add to Cart,2025-10-26 16:21:33
SES08233,USR08233,Tablet,West,Organic,Electronics,3,Checkout,2025-10-22 13:41:29
SES08234,USR08234,Mobile,East,Email,Fashion,4,Purchase,2025-10-20 09:47:29
SES08235,USR08235,Tablet,West,Social Media,Home,3,Checkout,2025-10-12 00:17:49
SES08236,USR08236,Desktop,South,Email,Fashion,2,Add to Cart,2025-10-09 11:56:21
SES08237,USR08237,Mobile,West,Social Media,Beauty,1,Browse,2025-10-16 19:48:41
SES08238,USR08238,Mobile,West,Google Ads,Fashion,3,Checkout,2025-10-04 23:11:34
SES08239,USR08239,Mobile,South,Social Media,Fashion,1,Browse,2025-10-14 10:37:47
SES08240,USR08240,Tablet,East,Email,Fashion,1,Browse,2025-10-31 16:48:18
SES08241,USR08241,Tablet,East,Google Ads,Sports,2,Add to Cart,2025-10-18 22:51:41
SES08242,USR08242,Desktop,North,Organic,Fashion,2,Add to Cart,2025-10-29 07:46:17
SES08243,USR08243,Mobile,South,Google Ads,Electronics,1,Browse,2025-10-30 00:57:27
SES08244,USR08244,Desktop,South,Email,Fashion,2,Add to Cart,2025-10-23 12:27:40
SES08245,USR08245,Mobile,East,Social Media,Beauty,3,Checkout,2025-10-11 03:54:54
SES08246,USR08246,Desktop,West,Social Media,Beauty,2,Add to Cart,2025-10-28 15:20:03
SES08247,USR08247,Mobile,West,Email,Home,2,Add to Cart,2025-10-11 16:13:48
SES08248,USR08248,Mobile,West,Google Ads,Electronics,3,Checkout,2025-10-18 13:18:35
SES08249,USR08249,Mobile,North,Google Ads,Beauty,2,Add to Cart,2025-10-07 05:02:09
SES08250,USR08250,Desktop,South,Organic,Electronics,2,Add to Cart,2025-10-24 06:43:38
SES08251,USR08251,Mobile,West,Organic,Fashion,3,Checkout,2025-10-23 23:10:18
SES08252,USR08252,Mobile,North,Email,Home,2,Add to Cart,2025-10-05 15:23:19
SES08253,USR08253,Mobile,North,Email,Beauty,1,Browse,2025-10-05 18:38:15
SES08254,USR08254,Desktop,East,Google Ads,Beauty,3,Checkout,2025-10-08 23:02:17
SES08255,USR08255,Tablet,West,Google Ads,Fashion,3,Checkout,2025-10-02 17:37:18
SES08256,USR08256,Desktop,South,Organic,Sports,2,Add to Cart,2025-10-29 15:47:33
SES08257,USR08257,Tablet,East,Google Ads,Fashion,1,Browse,2025-10-22 00:59:20
SES08258,USR08258,Desktop,West,Email,Beauty,1,Browse,2025-10-22 18:12:40
SES08259,USR08259,Desktop,West,Organic,Sports,3,Checkout,2025-10-05 04:22:27
SES08260,USR08260,Tablet,West,Google Ads,Sports,3,Checkout,2025-10-23 00:54:22
SES08261,USR08261,Mobile,East,Email,Sports,1,Browse,2025-10-17 20:16:04
SES08262,USR08262,Mobile,South,Google Ads,Electronics,2,Add to Cart,2025-10-12 02:42:25
SES08263,USR08263,Mobile,East,Google Ads,Sports,3,Checkout,2025-10-20 10:57:04
SES08264,USR08264,Tablet,West,Email,Beauty,3,Checkout,2025-10-21 02:23:55
SES08265,USR08265,Tablet,North,Email,Sports,2,Add to Cart,2025-10-13 09:23:24
SES08266,USR08266,Tablet,South,Google Ads,Beauty,1,Browse,2025-10-23 01:22:59
SES08267,USR08267,Mobile,West,Google Ads,Sports,4,Purchase,2025-10-22 15:08:51
SES08268,USR08268,Tablet,South,Google Ads,Home,3,Checkout,2025-10-08 04:56:12
SES08269,USR08269,Tablet,North,Social Media,Sports,2,Add to Cart,2025-10-04 12:29:31
SES08270,USR08270,Mobile,West,Google Ads,Beauty,1,Browse,2025-10-06 12:28:12
SES08271,USR08271,Desktop,West,Organic,Fashion,1,Browse,2025-10-26 21:43:53
SES08272,USR08272,Tablet,East,Google Ads,Beauty,2,Add to Cart,2025-10-07 10:57:47
SES08273,USR08273,Desktop,North,Social Media,Home,2,Add to Cart,2025-10-15 15:48:18
SES08274,USR08274,Desktop,South,Google Ads,Electronics,1,Browse,2025-10-03 08:42:55
SES08275,USR08275,Mobile,North,Email,Sports,3,Checkout,2025-10-27 06:14:31
SES08276,USR08276,Tablet,South,Email,Beauty,1,Browse,2025-10-28 09:12:31
SES08277,USR08277,Tablet,South,Email,Fashion,2,Add to Cart,2025-10-31 01:16:18
SES08278,USR08278,Desktop,East,Organic,Electronics,1,Browse,2025-10-31 16:10:04
SES08279,USR08279,Tablet,West,Social Media,Home,2,Add to Cart,2025-10-09 21:23:55
SES08280,USR08280,Desktop,East,Social Media,Electronics,3,Checkout,2025-10-20 18:16:18
SES08281,USR08281,Tablet,South,Social Media,Sports,1,Browse,2025-10-23 19:48:23
SES08282,USR08282,Mobile,North,Social Media,Fashion,2,Add to Cart,2025-10-18 13:14:42
SES08283,USR08283,Desktop,South,Social Media,Electronics,4,Purchase,2025-10-30 15:19:09
SES08284,USR08284,Tablet,South,Social Media,Beauty,3,Checkout,2025-10-12 15:45:55
SES08285,USR08285,Tablet,North,Social Media,Fashion,1,Browse,2025-10-06 12:04:34
SES08286,USR08286,Desktop,West,Email,Fashion,3,Checkout,2025-10-17 21:07:34
SES08287,USR08287,Desktop,West,Google Ads,Sports,1,Browse,2025-10-14 00:26:32
SES08288,USR08288,Desktop,East,Email,Electronics,2,Add to Cart,2025-10-07 06:46:15
SES08289,USR08289,Mobile,West,Email,Electronics,1,Browse,2025-10-08 18:10:23
SES08290,USR08290,Tablet,East,Email,Electronics,3,Checkout,2025-10-18 06:57:45
SES08291,USR08291,Tablet,West,Email,Sports,2,Add to Cart,2025-10-30 08:49:36
SES08292,USR08292,Tablet,West,Google Ads,Home,1,Browse,2025-10-06 15:22:05
SES08293,USR08293,Desktop,South,Google Ads,Sports,4,Purchase,2025-10-23 19:06:51
SES08294,USR08294,Desktop,West,Email,Beauty,1,Browse,2025-10-30 21:50:24
SES08295,USR08295,Desktop,West,Google Ads,Fashion,1,Browse,2025-10-19 11:30:10
SES08296,USR08296,Desktop,East,Email,Sports,1,Browse,2025-10-24 12:34:24
SES08297,USR08297,Desktop,East,Google Ads,Fashion,3,Checkout,2025-10-18 23:59:08
SES08298,USR08298,Tablet,East,Social Media,Home,2,Add to Cart,2025-10-25 18:21:52
SES08299,USR08299,Desktop,West,Social Media,Beauty,2,Add to Cart,2025-10-15 18:13:07
SES08300,USR08300,Tablet,South,Google Ads,Fashion,1,Browse,2025-10-27 02:55:01
SES08301,USR08301,Desktop,North,Google Ads,Fashion,1,Browse,2025-10-29 03:21:33
SES08302,USR08302,Mobile,South,Social Media,Electronics,2,Add to Cart,2025-10-07 16:55:48
SES08303,USR08303,Mobile,North,Social Media,Electronics,3,Checkout,2025-10-23 18:41:31
SES08304,USR08304,Tablet,East,Organic,Sports,2,Add to Cart,2025-10-06 06:21:36
SES08305,USR08305,Desktop,North,Email,Home,1,Browse,2025-10-27 03:47:20
SES08306,USR08306,Desktop,North,Email,Electronics,1,Browse,2025-10-06 19:32:38
SES08307,USR08307,Tablet,East,Social Media,Beauty,3,Checkout,2025-10-30 23:55:41
SES08308,USR08308,Tablet,East,Organic,Fashion,2,Add to Cart,2025-10-05 02:41:19
SES08309,USR08309,Desktop,South,Organic,Electronics,3,Checkout,2025-10-29 04:57:17
SES08310,USR08310,Desktop,West,Google Ads,Home,1,Browse,2025-10-11 21:33:18
SES08311,USR08311,Desktop,North,Email,Beauty,3,Checkout,2025-10-20 23:45:46
SES08312,USR08312,Mobile,East,Email,Beauty,3,Checkout,2025-10-18 15:58:57
SES08313,USR08313,Mobile,South,Email,Electronics,2,Add to Cart,2025-10-11 07:12:53
SES08314,USR08314,Mobile,South,Social Media,Electronics,1,Browse,2025-10-14 06:25:59
SES08315,USR08315,Mobile,South,Organic,Electronics,3,Checkout,2025-10-18 23:40:45
SES08316,USR08316,Tablet,West,Google Ads,Home,3,Checkout,2025-10-14 09:17:46
SES08317,USR08317,Desktop,North,Google Ads,Beauty,2,Add to Cart,2025-10-29 08:26:05
SES08318,USR08318,Tablet,East,Email,Sports,2,Add to Cart,2025-10-25 08:13:44
SES08319,USR08319,Mobile,East,Google Ads,Home,1,Browse,2025-10-17 03:00:06
SES08320,USR08320,Mobile,South,Google Ads,Electronics,2,Add to Cart,2025-10-26 11:48:24
SES08321,USR08321,Tablet,North,Google Ads,Home,2,Add to Cart,2025-10-21 03:05:28
SES08322,USR08322,Mobile,North,Social Media,Beauty,3,Checkout,2025-10-26 23:17:49
SES08323,USR08323,Tablet,East,Google Ads,Electronics,3,Checkout,2025-10-31 08:45:04
SES08324,USR08324,Tablet,South,Google Ads,Electronics,2,Add to Cart,2025-10-19 13:42:14
SES08325,USR08325,Desktop,West,Social Media,Fashion,2,Add to Cart,2025-10-28 19:36:31
SES08326,USR08326,Tablet,West,Google Ads,Sports,1,Browse,2025-10-31 05:11:29
SES08327,USR08327,Desktop,West,Google Ads,Sports,3,Checkout,2025-10-31 02:47:23
SES08328,USR08328,Desktop,West,Organic,Electronics,1,Browse,2025-10-20 22:42:40
SES08329,USR08329,Tablet,West,Social Media,Fashion,3,Checkout,2025-10-04 17:21:55
SES08330,USR08330,Mobile,East,Google Ads,Sports,1,Browse,2025-10-24 17:26:17
SES08331,USR08331,Desktop,North,Organic,Sports,2,Add to Cart,2025-10-05 02:08:09
SES08332,USR08332,Tablet,North,Google Ads,Electronics,3,Checkout,2025-10-09 05:11:47
SES08333,USR08333,Desktop,South,Email,Home,3,Checkout,2025-10-23 01:38:19
SES08334,USR08334,Tablet,South,Google Ads,Home,4,Purchase,2025-10-19 14:46:56
SES08335,USR08335,Tablet,West,Email,Home,3,Checkout,2025-10-19 06:03:32
SES08336,USR08336,Mobile,North,Email,Fashion,1,Browse,2025-10-29 23:56:54
SES08337,USR08337,Mobile,East,Email,Sports,3,Checkout,2025-10-13 02:41:20
SES08338,USR08338,Desktop,South,Google Ads,Beauty,3,Checkout,2025-10-31 14:59:47
SES08339,USR08339,Desktop,West,Google Ads,Beauty,4,Purchase,2025-10-12 16:15:41
SES08340,USR08340,Mobile,South,Organic,Electronics,2,Add to Cart,2025-10-09 12:32:35
SES08341,USR08341,Desktop,South,Email,Sports,3,Checkout,2025-10-20 17:02:03
SES08342,USR08342,Mobile,North,Organic,Beauty,3,Checkout,2025-10-02 18:27:35
SES08343,USR08343,Tablet,East,Google Ads,Home,2,Add to Cart,2025-10-12 13:09:52
SES08344,USR08344,Desktop,West,Google Ads,Fashion,3,Checkout,2025-10-06 17:04:07
SES08345,USR08345,Mobile,North,Google Ads,Sports,3,Checkout,2025-10-15 11:44:00
SES08346,USR08346,Mobile,North,Email,Sports,3,Checkout,2025-10-06 16:28:34
SES08347,USR08347,Mobile,South,Google Ads,Sports,2,Add to Cart,2025-10-23 06:17:18
SES08348,USR08348,Mobile,East,Organic,Fashion,3,Checkout,2025-10-07 11:39:52
SES08349,USR08349,Tablet,East,Email,Sports,2,Add to Cart,2025-10-29 20:49:48
SES08350,USR08350,Tablet,South,Google Ads,Home,3,Checkout,2025-10-10 23:47:43
SES08351,USR08351,Tablet,North,Social Media,Beauty,4,Purchase,2025-10-13 18:42:01
SES08352,USR08352,Mobile,East,Google Ads,Beauty,2,Add to Cart,2025-10-06 07:57:49
SES08353,USR08353,Tablet,South,Email,Home,1,Browse,2025-10-05 22:08:01
SES08354,USR08354,Tablet,East,Organic,Sports,3,Checkout,2025-10-05 14:49:56
SES08355,USR08355,Desktop,North,Organic,Beauty,2,Add to Cart,2025-10-03 18:19:35
SES08356,USR08356,Desktop,North,Email,Home,4,Purchase,2025-10-05 17:56:21
SES08357,USR08357,Mobile,West,Email,Home,3,Checkout,2025-10-08 18:08:42
SES08358,USR08358,Mobile,East,Organic,Electronics,2,Add to Cart,2025-10-30 10:33:21
SES08359,USR08359,Desktop,West,Email,Electronics,2,Add to Cart,2025-10-05 01:31:54
SES08360,USR08360,Mobile,South,Organic,Sports,1,Browse,2025-10-18 22:46:34
SES08361,USR08361,Desktop,South,Organic,Beauty,1,Browse,2025-10-15 03:38:23
SES08362,USR08362,Tablet,South,Social Media,Electronics,2,Add to Cart,2025-10-17 16:23:37
SES08363,USR08363,Desktop,South,Organic,Beauty,2,Add to Cart,2025-10-31 06:04:46
SES08364,USR08364,Mobile,East,Google Ads,Fashion,2,Add to Cart,2025-10-24 03:53:49
SES08365,USR08365,Mobile,South,Social Media,Fashion,3,Checkout,2025-10-21 10:22:31
SES08366,USR08366,Desktop,East,Email,Beauty,1,Browse,2025-10-22 19:15:49
SES08367,USR08367,Tablet,North,Organic,Beauty,2,Add to Cart,2025-10-17 04:44:30
SES08368,USR08368,Tablet,West,Organic,Electronics,1,Browse,2025-10-26 06:52:08
SES08369,USR08369,Desktop,West,Social Media,Fashion,3,Checkout,2025-10-06 12:27:16
SES08370,USR08370,Tablet,West,Organic,Sports,3,Checkout,2025-10-21 08:51:56
SES08371,USR08371,Mobile,East,Social Media,Fashion,3,Checkout,2025-10-14 00:51:44
SES08372,USR08372,Desktop,South,Google Ads,Sports,3,Checkout,2025-10-07 19:17:45
SES08373,USR08373,Desktop,North,Social Media,Sports,3,Checkout,2025-10-19 06:07:03
SES08374,USR08374,Mobile,North,Social Media,Fashion,1,Browse,2025-10-04 12:46:26
SES08375,USR08375,Mobile,North,Email,Home,1,Browse,2025-10-11 04:21:25
SES08376,USR08376,Mobile,North,Google Ads,Home,3,Checkout,2025-10-15 23:48:17
SES08377,USR08377,Mobile,North,Organic,Electronics,1,Browse,2025-10-06 12:21:25
SES08378,USR08378,Mobile,West,Google Ads,Fashion,1,Browse,2025-10-28 00:33:08
SES08379,USR08379,Desktop,West,Organic,Electronics,2,Add to Cart,2025-10-11 18:41:57
SES08380,USR08380,Desktop,West,Email,Home,3,Checkout,2025-10-03 15:58:37
SES08381,USR08381,Mobile,West,Google Ads,Electronics,3,Checkout,2025-10-01 23:41:09
SES08382,USR08382,Mobile,West,Email,Home,4,Purchase,2025-10-29 23:05:53
SES08383,USR08383,Mobile,West,Google Ads,Sports,3,Checkout,2025-10-08 12:23:40
SES08384,USR08384,Tablet,East,Organic,Sports,2,Add to Cart,2025-10-11 20:09:03
SES08385,USR08385,Mobile,East,Organic,Fashion,2,Add to Cart,2025-10-17 04:28:54
SES08386,USR08386,Desktop,North,Email,Electronics,2,Add to Cart,2025-10-25 14:37:21
SES08387,USR08387,Mobile,West,Email,Home,2,Add to Cart,2025-10-15 16:28:43
SES08388,USR08388,Tablet,East,Email,Fashion,3,Checkout,2025-10-14 21:51:22
SES08389,USR08389,Tablet,East,Google Ads,Home,1,Browse,2025-10-02 17:51:46
SES08390,USR08390,Desktop,West,Google Ads,Sports,1,Browse,2025-10-16 19:35:04
SES08391,USR08391,Mobile,South,Social Media,Sports,3,Checkout,2025-10-06 22:09:07
SES08392,USR08392,Tablet,South,Organic,Fashion,2,Add to Cart,2025-10-03 02:11:07
SES08393,USR08393,Tablet,North,Social Media,Home,4,Purchase,2025-10-29 08:16:08
SES08394,USR08394,Desktop,North,Social Media,Electronics,1,Browse,2025-10-26 14:26:16
SES08395,USR08395,Desktop,East,Social Media,Beauty,1,Browse,2025-10-24 06:23:20
SES08396,USR08396,Mobile,North,Social Media,Home,3,Checkout,2025-10-12 17:48:50
SES08397,USR08397,Tablet,West,Email,Sports,1,Browse,2025-10-20 17:12:09
SES08398,USR08398,Mobile,North,Social Media,Home,4,Purchase,2025-10-20 21:31:58
SES08399,USR08399,Desktop,North,Organic,Fashion,3,Checkout,2025-10-25 07:08:40
SES08400,USR08400,Mobile,West,Google Ads,Electronics,2,Add to Cart,2025-10-28 10:58:23
SES08401,USR08401,Tablet,North,Organic,Electronics,2,Add to Cart,2025-10-22 15:54:51
SES08402,USR08402,Mobile,West,Google Ads,Sports,4,Purchase,2025-10-23 09:23:49
SES08403,USR08403,Desktop,West,Organic,Beauty,3,Checkout,2025-10-14 11:48:19
SES08404,USR08404,Desktop,South,Google Ads,Sports,2,Add to Cart,2025-10-11 12:38:48
SES08405,USR08405,Tablet,North,Email,Electronics,4,Purchase,2025-10-30 07:26:46
SES08406,USR08406,Desktop,North,Social Media,Electronics,2,Add to Cart,2025-10-09 22:09:50
SES08407,USR08407,Mobile,East,Google Ads,Fashion,2,Add to Cart,2025-10-10 17:55:07
SES08408,USR08408,Desktop,South,Google Ads,Sports,1,Browse,2025-10-05 07:40:46
SES08409,USR08409,Tablet,East,Email,Beauty,3,Checkout,2025-10-03 05:40:00
SES08410,USR08410,Desktop,East,Email,Fashion,4,Purchase,2025-10-21 02:47:39
SES08411,USR08411,Mobile,West,Google Ads,Fashion,3,Checkout,2025-10-04 15:00:09
SES08412,USR08412,Desktop,East,Social Media,Fashion,2,Add to Cart,2025-10-08 17:15:53
SES08413,USR08413,Desktop,North,Organic,Fashion,2,Add to Cart,2025-10-15 10:29:36
SES08414,USR08414,Tablet,East,Social Media,Home,1,Browse,2025-10-09 20:25:11
SES08415,USR08415,Tablet,South,Email,Sports,2,Add to Cart,2025-10-06 13:15:41
SES08416,USR08416,Tablet,North,Organic,Sports,2,Add to Cart,2025-10-16 04:25:54
SES08417,USR08417,Tablet,South,Google Ads,Sports,1,Browse,2025-10-05 19:37:23
SES08418,USR08418,Tablet,South,Email,Fashion,2,Add to Cart,2025-10-15 08:09:51
SES08419,USR08419,Mobile,North,Google Ads,Electronics,1,Browse,2025-10-07 15:15:21
SES08420,USR08420,Mobile,West,Email,Electronics,2,Add to Cart,2025-10-04 00:29:09
SES08421,USR08421,Desktop,South,Google Ads,Home,2,Add to Cart,2025-10-11 07:48:51
SES08422,USR08422,Tablet,South,Social Media,Electronics,3,Checkout,2025-10-06 00:44:59
SES08423,USR08423,Desktop,North,Social Media,Beauty,2,Add to Cart,2025-10-15 03:34:40
SES08424,USR08424,Tablet,West,Google Ads,Home,2,Add to Cart,2025-10-21 02:22:01
SES08425,USR08425,Tablet,South,Social Media,Sports,2,Add to Cart,2025-10-28 09:51:11
SES08426,USR08426,Mobile,North,Social Media,Fashion,4,Purchase,2025-10-29 02:31:07
SES08427,USR08427,Mobile,North,Google Ads,Sports,1,Browse,2025-10-27 12:25:38
SES08428,USR08428,Desktop,North,Organic,Sports,2,Add to Cart,2025-10-23 22:23:07
SES08429,USR08429,Mobile,South,Social Media,Sports,3,Checkout,2025-10-11 22:35:12
SES08430,USR08430,Tablet,East,Organic,Home,2,Add to Cart,2025-10-15 14:09:48
SES08431,USR08431,Tablet,South,Organic,Electronics,3,Checkout,2025-10-07 07:48:57
SES08432,USR08432,Tablet,East,Email,Home,2,Add to Cart,2025-10-18 10:55:22
SES08433,USR08433,Desktop,West,Google Ads,Fashion,3,Checkout,2025-10-12 04:25:30
SES08434,USR08434,Desktop,South,Social Media,Beauty,2,Add to Cart,2025-10-20 08:52:37
SES08435,USR08435,Tablet,West,Organic,Beauty,2,Add to Cart,2025-10-14 01:48:34
SES08436,USR08436,Desktop,North,Social Media,Beauty,2,Add to Cart,2025-10-07 21:06:44
SES08437,USR08437,Tablet,North,Social Media,Sports,3,Checkout,2025-10-10 13:35:48
SES08438,USR08438,Tablet,West,Organic,Home,4,Purchase,2025-10-04 20:16:00
SES08439,USR08439,Mobile,North,Google Ads,Fashion,2,Add to Cart,2025-10-17 04:35:13
SES08440,USR08440,Desktop,North,Organic,Fashion,2,Add to Cart,2025-10-27 07:57:43
SES08441,USR08441,Tablet,West,Organic,Sports,3,Checkout,2025-10-30 18:07:44
SES08442,USR08442,Mobile,North,Social Media,Home,1,Browse,2025-10-12 22:27:56
SES08443,USR08443,Desktop,West,Social Media,Sports,2,Add to Cart,2025-10-14 20:48:54
SES08444,USR08444,Mobile,East,Organic,Home,4,Purchase,2025-10-13 17:46:01
SES08445,USR08445,Mobile,South,Social Media,Beauty,4,Purchase,2025-10-03 09:33:49
SES08446,USR08446,Mobile,North,Organic,Beauty,2,Add to Cart,2025-10-17 07:35:12
SES08447,USR08447,Tablet,West,Organic,Beauty,2,Add to Cart,2025-10-31 02:01:32
SES08448,USR08448,Mobile,East,Social Media,Electronics,2,Add to Cart,2025-10-16 02:52:21
SES08449,USR08449,Tablet,East,Organic,Home,3,Checkout,2025-10-31 13:43:38
SES08450,USR08450,Desktop,West,Google Ads,Electronics,3,Checkout,2025-10-16 21:26:57
SES08451,USR08451,Desktop,South,Google Ads,Electronics,2,Add to Cart,2025-10-27 23:57:21
SES08452,USR08452,Mobile,South,Social Media,Sports,1,Browse,2025-10-28 01:11:47
SES08453,USR08453,Mobile,North,Organic,Electronics,4,Purchase,2025-10-07 16:37:20
SES08454,USR08454,Desktop,West,Organic,Home,4,Purchase,2025-10-25 06:58:21
SES08455,USR08455,Desktop,North,Google Ads,Home,1,Browse,2025-10-15 03:18:16
SES08456,USR08456,Mobile,North,Organic,Sports,1,Browse,2025-10-22 03:05:57
SES08457,USR08457,Desktop,East,Social Media,Electronics,2,Add to Cart,2025-10-04 13:09:31
SES08458,USR08458,Desktop,North,Google Ads,Fashion,2,Add to Cart,2025-10-02 19:47:09
SES08459,USR08459,Tablet,West,Social Media,Sports,2,Add to Cart,2025-10-03 14:34:12
SES08460,USR08460,Desktop,South,Social Media,Fashion,1,Browse,2025-10-02 23:44:56
SES08461,USR08461,Desktop,North,Email,Fashion,3,Checkout,2025-10-05 07:06:18
SES08462,USR08462,Desktop,South,Social Media,Sports,3,Checkout,2025-10-17 11:12:31
SES08463,USR08463,Desktop,South,Organic,Sports,2,Add to Cart,2025-10-14 13:02:47
SES08464,USR08464,Mobile,North,Google Ads,Electronics,1,Browse,2025-10-01 21:21:32
SES08465,USR08465,Mobile,East,Organic,Fashion,2,Add to Cart,2025-10-10 01:33:23
SES08466,USR08466,Tablet,North,Social Media,Electronics,3,Checkout,2025-10-08 04:36:06
SES08467,USR08467,Mobile,North,Email,Home,1,Browse,2025-10-04 01:10:26
SES08468,USR08468,Mobile,South,Organic,Fashion,3,Checkout,2025-10-11 09:48:25
SES08469,USR08469,Mobile,South,Organic,Fashion,2,Add to Cart,2025-10-08 17:48:51
SES08470,USR08470,Desktop,North,Email,Sports,1,Browse,2025-10-18 17:42:46
SES08471,USR08471,Mobile,East,Social Media,Home,1,Browse,2025-10-18 16:46:33
SES08472,USR08472,Mobile,North,Social Media,Sports,2,Add to Cart,2025-10-06 06:06:35
SES08473,USR08473,Desktop,South,Google Ads,Beauty,1,Browse,2025-10-24 06:09:45
SES08474,USR08474,Desktop,North,Organic,Fashion,1,Browse,2025-10-29 21:15:06
SES08475,USR08475,Desktop,North,Email,Sports,1,Browse,2025-10-06 15:30:13
SES08476,USR08476,Tablet,East,Google Ads,Beauty,4,Purchase,2025-10-29 19:08:42
SES08477,USR08477,Tablet,East,Email,Beauty,3,Checkout,2025-10-31 00:22:20
SES08478,USR08478,Mobile,South,Social Media,Electronics,2,Add to Cart,2025-10-27 17:50:46
SES08479,USR08479,Desktop,North,Organic,Fashion,2,Add to Cart,2025-10-10 16:49:04
SES08480,USR08480,Tablet,West,Google Ads,Sports,2,Add to Cart,2025-10-07 06:50:22
SES08481,USR08481,Mobile,East,Email,Electronics,2,Add to Cart,2025-10-16 16:57:57
SES08482,USR08482,Tablet,South,Google Ads,Beauty,2,Add to Cart,2025-10-21 09:20:20
SES08483,USR08483,Tablet,South,Email,Beauty,1,Browse,2025-10-12 14:38:58
SES08484,USR08484,Tablet,East,Email,Electronics,2,Add to Cart,2025-10-26 18:07:10
SES08485,USR08485,Tablet,East,Social Media,Beauty,3,Checkout,2025-10-12 15:21:43
SES08486,USR08486,Mobile,West,Organic,Fashion,4,Purchase,2025-10-17 05:27:39
SES08487,USR08487,Mobile,North,Organic,Beauty,2,Add to Cart,2025-10-06 20:09:34
SES08488,USR08488,Desktop,South,Google Ads,Home,2,Add to Cart,2025-10-24 11:33:52
SES08489,USR08489,Tablet,West,Organic,Electronics,2,Add to Cart,2025-10-12 15:21:52
SES08490,USR08490,Tablet,South,Google Ads,Home,4,Purchase,2025-10-08 04:36:13
SES08491,USR08491,Desktop,East,Social Media,Home,2,Add to Cart,2025-10-27 01:55:42
SES08492,USR08492,Mobile,North,Email,Beauty,1,Browse,2025-10-12 13:38:11
SES08493,USR08493,Tablet,North,Google Ads,Electronics,2,Add to Cart,2025-10-13 21:47:48
SES08494,USR08494,Mobile,West,Google Ads,Home,2,Add to Cart,2025-10-06 16:20:27
SES08495,USR08495,Desktop,South,Organic,Home,4,Purchase,2025-10-18 00:51:36
SES08496,USR08496,Desktop,South,Google Ads,Fashion,2,Add to Cart,2025-10-20 00:11:00
SES08497,USR08497,Mobile,North,Email,Electronics,2,Add to Cart,2025-10-17 05:01:10
SES08498,USR08498,Desktop,West,Organic,Fashion,2,Add to Cart,2025-10-29 13:01:00
SES08499,USR08499,Mobile,South,Email,Sports,1,Browse,2025-10-07 05:44:15
SES08500,USR08500,Mobile,East,Google Ads,Sports,1,Browse,2025-10-09 23:26:16
SES08501,USR08501,Mobile,East,Social Media,Sports,3,Checkout,2025-10-23 02:22:06
SES08502,USR08502,Tablet,South,Social Media,Electronics,2,Add to Cart,2025-10-02 00:08:55
SES08503,USR08503,Tablet,West,Google Ads,Fashion,4,Purchase,2025-10-29 06:53:20
SES08504,USR08504,Mobile,West,Email,Beauty,3,Checkout,2025-10-15 19:43:10
SES08505,USR08505,Mobile,East,Social Media,Sports,3,Checkout,2025-10-15 15:15:36
SES08506,USR08506,Mobile,North,Google Ads,Electronics,4,Purchase,2025-10-26 13:31:31
SES08507,USR08507,Mobile,East,Organic,Home,2,Add to Cart,2025-10-26 23:59:06
SES08508,USR08508,Mobile,South,Email,Beauty,3,Checkout,2025-10-31 13:32:53
SES08509,USR08509,Desktop,East,Organic,Electronics,2,Add to Cart,2025-10-28 09:43:36
SES08510,USR08510,Desktop,North,Google Ads,Sports,2,Add to Cart,2025-10-07 21:38:11
SES08511,USR08511,Tablet,South,Google Ads,Beauty,4,Purchase,2025-10-10 14:54:29
SES08512,USR08512,Mobile,South,Google Ads,Sports,1,Browse,2025-10-26 21:51:55
SES08513,USR08513,Tablet,North,Social Media,Sports,2,Add to Cart,2025-10-22 18:54:58
SES08514,USR08514,Mobile,North,Organic,Electronics,3,Checkout,2025-10-28 08:14:01
SES08515,USR08515,Tablet,West,Google Ads,Electronics,2,Add to Cart,2025-10-18 22:35:18
SES08516,USR08516,Desktop,West,Organic,Sports,3,Checkout,2025-10-27 19:33:21
SES08517,USR08517,Desktop,East,Google Ads,Sports,2,Add to Cart,2025-10-12 01:59:11
SES08518,USR08518,Desktop,East,Social Media,Home,1,Browse,2025-10-10 03:57:03
SES08519,USR08519,Desktop,North,Email,Electronics,3,Checkout,2025-10-17 08:53:52
SES08520,USR08520,Mobile,West,Google Ads,Electronics,3,Checkout,2025-10-20 21:29:39
SES08521,USR08521,Tablet,East,Organic,Home,1,Browse,2025-10-06 15:58:08
SES08522,USR08522,Desktop,East,Google Ads,Sports,3,Checkout,2025-10-24 13:52:49
SES08523,USR08523,Desktop,East,Social Media,Electronics,1,Browse,2025-10-24 05:03:42
SES08524,USR08524,Desktop,North,Social Media,Electronics,1,Browse,2025-10-03 11:33:00
SES08525,USR08525,Desktop,South,Email,Electronics,1,Browse,2025-10-12 01:25:34
SES08526,USR08526,Mobile,South,Social Media,Home,3,Checkout,2025-10-15 11:30:32
SES08527,USR08527,Mobile,East,Social Media,Beauty,2,Add to Cart,2025-10-26 04:56:31
SES08528,USR08528,Mobile,South,Organic,Beauty,2,Add to Cart,2025-10-05 07:51:57
SES08529,USR08529,Tablet,North,Organic,Electronics,2,Add to Cart,2025-10-08 16:59:21
SES08530,USR08530,Tablet,North,Email,Fashion,2,Add to Cart,2025-10-07 00:53:27
SES08531,USR08531,Mobile,West,Email,Beauty,1,Browse,2025-10-04 08:08:17
SES08532,USR08532,Mobile,West,Email,Home,2,Add to Cart,2025-10-27 20:12:17
SES08533,USR08533,Mobile,South,Organic,Electronics,2,Add to Cart,2025-10-13 00:32:48
SES08534,USR08534,Desktop,North,Organic,Sports,3,Checkout,2025-10-10 19:38:34
SES08535,USR08535,Tablet,North,Social Media,Beauty,1,Browse,2025-10-09 00:22:32
SES08536,USR08536,Mobile,North,Google Ads,Fashion,2,Add to Cart,2025-10-18 06:29:36
SES08537,USR08537,Desktop,East,Social Media,Beauty,3,Checkout,2025-10-07 12:02:19
SES08538,USR08538,Desktop,North,Organic,Sports,3,Checkout,2025-10-31 00:48:26
SES08539,USR08539,Mobile,North,Email,Electronics,3,Checkout,2025-10-28 20:04:25
SES08540,USR08540,Tablet,East,Social Media,Sports,3,Checkout,2025-10-10 19:28:01
SES08541,USR08541,Desktop,West,Organic,Electronics,3,Checkout,2025-10-10 17:06:17
SES08542,USR08542,Tablet,East,Social Media,Home,3,Checkout,2025-10-17 09:56:04
SES08543,USR08543,Mobile,South,Social Media,Home,1,Browse,2025-10-01 22:17:50
SES08544,USR08544,Mobile,East,Email,Electronics,1,Browse,2025-10-25 09:01:04
SES08545,USR08545,Mobile,North,Social Media,Sports,2,Add to Cart,2025-10-16 21:55:47
SES08546,USR08546,Desktop,East,Email,Sports,2,Add to Cart,2025-10-09 15:00:14
SES08547,USR08547,Tablet,East,Organic,Fashion,4,Purchase,2025-10-29 03:03:35
SES08548,USR08548,Desktop,North,Organic,Electronics,4,Purchase,2025-10-15 06:38:45
SES08549,USR08549,Desktop,South,Google Ads,Sports,1,Browse,2025-10-26 21:39:25
SES08550,USR08550,Mobile,North,Social Media,Fashion,2,Add to Cart,2025-10-10 17:44:44
SES08551,USR08551,Mobile,North,Organic,Sports,1,Browse,2025-10-08 15:31:15
SES08552,USR08552,Mobile,East,Organic,Sports,2,Add to Cart,2025-10-23 14:07:16
SES08553,USR08553,Tablet,West,Google Ads,Sports,2,Add to Cart,2025-10-15 14:15:12
SES08554,USR08554,Desktop,South,Organic,Fashion,1,Browse,2025-10-05 07:10:49
SES08555,USR08555,Mobile,South,Email,Electronics,2,Add to Cart,2025-10-20 21:35:07
SES08556,USR08556,Desktop,North,Email,Home,2,Add to Cart,2025-10-11 13:24:22
SES08557,USR08557,Desktop,West,Email,Sports,3,Checkout,2025-10-18 15:11:16
SES08558,USR08558,Tablet,West,Social Media,Beauty,2,Add to Cart,2025-10-20 23:07:48
SES08559,USR08559,Mobile,North,Google Ads,Home,1,Browse,2025-10-02 19:17:36
SES08560,USR08560,Tablet,South,Email,Electronics,1,Browse,2025-10-15 13:50:11
SES08561,USR08561,Desktop,West,Social Media,Home,3,Checkout,2025-10-02 11:52:53
SES08562,USR08562,Tablet,North,Email,Sports,1,Browse,2025-10-13 07:55:48
SES08563,USR08563,Desktop,South,Social Media,Electronics,1,Browse,2025-10-30 22:05:57
SES08564,USR08564,Desktop,North,Google Ads,Sports,2,Add to Cart,2025-10-10 22:01:29
SES08565,USR08565,Mobile,East,Email,Beauty,4,Purchase,2025-10-14 16:02:06
SES08566,USR08566,Mobile,South,Google Ads,Fashion,2,Add to Cart,2025-10-23 01:11:55
SES08567,USR08567,Mobile,West,Social Media,Sports,2,Add to Cart,2025-10-22 03:15:08
SES08568,USR08568,Tablet,West,Social Media,Beauty,3,Checkout,2025-10-12 15:48:19
SES08569,USR08569,Desktop,South,Organic,Home,3,Checkout,2025-10-31 13:27:21
SES08570,USR08570,Mobile,East,Organic,Fashion,1,Browse,2025-10-12 23:12:12
SES08571,USR08571,Mobile,West,Organic,Fashion,2,Add to Cart,2025-10-04 17:09:05
SES08572,USR08572,Tablet,West,Social Media,Home,2,Add to Cart,2025-10-22 13:42:57
SES08573,USR08573,Desktop,West,Organic,Fashion,2,Add to Cart,2025-10-12 09:51:07
SES08574,USR08574,Tablet,South,Organic,Electronics,4,Purchase,2025-10-10 15:43:26
SES08575,USR08575,Tablet,West,Google Ads,Beauty,3,Checkout,2025-10-15 21:46:36
SES08576,USR08576,Desktop,North,Google Ads,Electronics,3,Checkout,2025-10-14 10:30:29
SES08577,USR08577,Mobile,East,Email,Electronics,3,Checkout,2025-10-07 12:52:56
SES08578,USR08578,Desktop,East,Organic,Fashion,2,Add to Cart,2025-10-29 16:49:56
SES08579,USR08579,Mobile,North,Organic,Home,2,Add to Cart,2025-10-22 06:13:07
SES08580,USR08580,Mobile,North,Organic,Electronics,1,Browse,2025-10-23 09:50:03
SES08581,USR08581,Mobile,North,Google Ads,Sports,1,Browse,2025-10-04 07:21:13
SES08582,USR08582,Tablet,East,Social Media,Beauty,2,Add to Cart,2025-10-27 14:50:35
SES08583,USR08583,Tablet,East,Email,Fashion,2,Add to Cart,2025-10-16 16:24:02
SES08584,USR08584,Desktop,East,Email,Beauty,2,Add to Cart,2025-10-14 12:50:03
SES08585,USR08585,Tablet,West,Email,Beauty,3,Checkout,2025-10-25 11:56:35
SES08586,USR08586,Mobile,North,Social Media,Home,1,Browse,2025-10-10 11:58:50
SES08587,USR08587,Desktop,South,Organic,Beauty,2,Add to Cart,2025-10-06 15:51:40
SES08588,USR08588,Tablet,North,Organic,Sports,3,Checkout,2025-10-11 11:55:38
SES08589,USR08589,Mobile,East,Organic,Electronics,3,Checkout,2025-10-16 04:16:27
SES08590,USR08590,Desktop,East,Google Ads,Sports,2,Add to Cart,2025-10-24 15:39:25
SES08591,USR08591,Tablet,South,Email,Electronics,3,Checkout,2025-10-26 09:17:15
SES08592,USR08592,Mobile,West,Google Ads,Electronics,2,Add to Cart,2025-10-10 21:01:55
SES08593,USR08593,Mobile,East,Google Ads,Sports,4,Purchase,2025-10-08 12:20:03
SES08594,USR08594,Tablet,West,Google Ads,Fashion,2,Add to Cart,2025-10-13 13:12:43
SES08595,USR08595,Desktop,West,Email,Home,1,Browse,2025-10-12 16:38:56
SES08596,USR08596,Tablet,South,Google Ads,Home,3,Checkout,2025-10-12 19:04:04
SES08597,USR08597,Mobile,West,Email,Electronics,2,Add to Cart,2025-10-12 02:50:25
SES08598,USR08598,Desktop,West,Social Media,Sports,3,Checkout,2025-10-23 00:47:34
SES08599,USR08599,Desktop,South,Organic,Sports,3,Checkout,2025-10-06 10:10:14
SES08600,USR08600,Tablet,East,Email,Electronics,3,Checkout,2025-10-25 16:16:47
SES08601,USR08601,Tablet,East,Google Ads,Sports,2,Add to Cart,2025-10-18 06:54:33
SES08602,USR08602,Mobile,West,Google Ads,Beauty,1,Browse,2025-10-16 07:25:28
SES08603,USR08603,Desktop,West,Google Ads,Home,1,Browse,2025-10-15 06:43:40
SES08604,USR08604,Desktop,South,Social Media,Fashion,1,Browse,2025-10-16 16:21:51
SES08605,USR08605,Tablet,North,Email,Electronics,2,Add to Cart,2025-10-17 22:35:32
SES08606,USR08606,Tablet,East,Organic,Home,3,Checkout,2025-10-09 17:22:11
SES08607,USR08607,Desktop,South,Email,Beauty,1,Browse,2025-10-16 17:12:13
SES08608,USR08608,Desktop,West,Email,Electronics,1,Browse,2025-10-30 23:18:17
SES08609,USR08609,Tablet,North,Google Ads,Beauty,2,Add to Cart,2025-10-20 08:38:56
SES08610,USR08610,Mobile,South,Organic,Home,2,Add to Cart,2025-10-28 17:46:24
SES08611,USR08611,Tablet,West,Social Media,Home,2,Add to Cart,2025-10-13 04:08:00
SES08612,USR08612,Desktop,South,Social Media,Fashion,2,Add to Cart,2025-10-16 22:10:51
SES08613,USR08613,Desktop,North,Social Media,Sports,3,Checkout,2025-10-13 11:10:19
SES08614,USR08614,Tablet,East,Email,Electronics,1,Browse,2025-10-09 01:17:48
SES08615,USR08615,Tablet,North,Organic,Sports,1,Browse,2025-10-18 10:39:25
SES08616,USR08616,Mobile,West,Social Media,Home,1,Browse,2025-10-17 17:13:05
SES08617,USR08617,Tablet,West,Social Media,Home,2,Add to Cart,2025-10-02 13:50:29
SES08618,USR08618,Mobile,West,Google Ads,Electronics,2,Add to Cart,2025-10-24 19:01:48
SES08619,USR08619,Desktop,North,Organic,Electronics,3,Checkout,2025-10-22 18:56:59
SES08620,USR08620,Mobile,South,Email,Home,1,Browse,2025-10-19 04:52:22
SES08621,USR08621,Desktop,North,Google Ads,Electronics,3,Checkout,2025-10-28 18:03:46
SES08622,USR08622,Desktop,North,Google Ads,Beauty,1,Browse,2025-10-13 22:03:23
SES08623,USR08623,Desktop,East,Email,Fashion,3,Checkout,2025-10-27 03:59:45
SES08624,USR08624,Mobile,North,Google Ads,Fashion,2,Add to Cart,2025-10-27 00:35:32
SES08625,USR08625,Desktop,North,Social Media,Home,3,Checkout,2025-10-17 06:04:35
SES08626,USR08626,Mobile,North,Organic,Fashion,2,Add to Cart,2025-10-16 14:09:48
SES08627,USR08627,Tablet,North,Organic,Sports,2,Add to Cart,2025-10-05 04:45:34
SES08628,USR08628,Mobile,West,Social Media,Electronics,2,Add to Cart,2025-10-19 18:13:00
SES08629,USR08629,Mobile,South,Google Ads,Home,2,Add to Cart,2025-10-23 05:19:10
SES08630,USR08630,Mobile,North,Social Media,Sports,1,Browse,2025-10-11 02:07:54
SES08631,USR08631,Mobile,South,Social Media,Electronics,3,Checkout,2025-10-08 03:25:56
SES08632,USR08632,Tablet,West,Organic,Sports,4,Purchase,2025-10-18 15:53:24
SES08633,USR08633,Tablet,North,Organic,Electronics,3,Checkout,2025-10-12 00:52:06
SES08634,USR08634,Desktop,East,Organic,Electronics,3,Checkout,2025-10-31 14:10:06
SES08635,USR08635,Desktop,South,Email,Home,2,Add to Cart,2025-10-20 11:39:34
SES08636,USR08636,Desktop,East,Organic,Fashion,3,Checkout,2025-10-23 11:15:22
SES08637,USR08637,Tablet,South,Social Media,Electronics,2,Add to Cart,2025-10-12 05:19:52
SES08638,USR08638,Tablet,South,Google Ads,Home,1,Browse,2025-10-25 03:10:51
SES08639,USR08639,Tablet,East,Google Ads,Electronics,2,Add to Cart,2025-10-28 22:43:15
SES08640,USR08640,Mobile,West,Organic,Home,2,Add to Cart,2025-10-06 20:54:13
SES08641,USR08641,Mobile,West,Social Media,Home,1,Browse,2025-10-28 13:13:58
SES08642,USR08642,Mobile,West,Social Media,Electronics,4,Purchase,2025-10-30 06:23:49
SES08643,USR08643,Tablet,North,Social Media,Electronics,3,Checkout,2025-10-07 18:01:30
SES08644,USR08644,Tablet,East,Social Media,Electronics,2,Add to Cart,2025-10-10 03:05:48
SES08645,USR08645,Mobile,East,Email,Sports,1,Browse,2025-10-27 15:04:10
SES08646,USR08646,Tablet,East,Email,Electronics,1,Browse,2025-10-07 02:52:09
SES08647,USR08647,Desktop,West,Google Ads,Sports,3,Checkout,2025-10-06 20:06:52
SES08648,USR08648,Tablet,East,Organic,Fashion,2,Add to Cart,2025-10-18 12:29:53
SES08649,USR08649,Tablet,South,Google Ads,Fashion,1,Browse,2025-10-18 22:43:35
SES08650,USR08650,Tablet,North,Email,Beauty,3,Checkout,2025-10-26 04:34:11
SES08651,USR08651,Mobile,South,Organic,Home,3,Checkout,2025-10-27 13:20:23
SES08652,USR08652,Mobile,East,Social Media,Sports,3,Checkout,2025-10-31 07:21:10
SES08653,USR08653,Desktop,East,Email,Home,4,Purchase,2025-10-08 05:42:06
SES08654,USR08654,Mobile,East,Organic,Fashion,1,Browse,2025-10-05 05:14:24
SES08655,USR08655,Desktop,East,Email,Sports,1,Browse,2025-10-20 02:54:41
SES08656,USR08656,Tablet,South,Organic,Sports,1,Browse,2025-10-21 09:35:10
SES08657,USR08657,Desktop,West,Social Media,Sports,3,Checkout,2025-10-07 06:59:33
SES08658,USR08658,Tablet,South,Email,Fashion,1,Browse,2025-10-13 22:04:04
SES08659,USR08659,Tablet,North,Organic,Fashion,1,Browse,2025-10-09 07:05:01
SES08660,USR08660,Mobile,West,Google Ads,Sports,3,Checkout,2025-10-01 20:29:38
SES08661,USR08661,Tablet,South,Google Ads,Home,1,Browse,2025-10-04 17:01:01
SES08662,USR08662,Tablet,East,Google Ads,Beauty,2,Add to Cart,2025-10-26 22:58:16
SES08663,USR08663,Mobile,North,Email,Home,3,Checkout,2025-10-15 14:22:33
SES08664,USR08664,Desktop,North,Organic,Fashion,2,Add to Cart,2025-10-03 06:49:25
SES08665,USR08665,Tablet,East,Organic,Fashion,1,Browse,2025-10-20 21:59:46
SES08666,USR08666,Tablet,East,Google Ads,Electronics,2,Add to Cart,2025-10-16 20:27:50
SES08667,USR08667,Mobile,North,Social Media,Fashion,2,Add to Cart,2025-10-29 19:07:59
SES08668,USR08668,Desktop,South,Social Media,Home,1,Browse,2025-10-17 00:42:47
SES08669,USR08669,Desktop,North,Google Ads,Sports,2,Add to Cart,2025-10-31 08:18:41
SES08670,USR08670,Desktop,East,Email,Electronics,3,Checkout,2025-10-04 22:29:53
SES08671,USR08671,Mobile,East,Google Ads,Electronics,3,Checkout,2025-10-17 22:20:03
SES08672,USR08672,Tablet,West,Google Ads,Home,1,Browse,2025-10-07 21:45:04
SES08673,USR08673,Desktop,East,Email,Beauty,1,Browse,2025-10-27 17:30:09
SES08674,USR08674,Mobile,West,Social Media,Home,2,Add to Cart,2025-10-06 22:35:57
SES08675,USR08675,Desktop,West,Email,Electronics,2,Add to Cart,2025-10-27 10:12:30
SES08676,USR08676,Desktop,West,Social Media,Sports,3,Checkout,2025-10-08 21:37:04
SES08677,USR08677,Tablet,South,Email,Home,2,Add to Cart,2025-10-24 04:59:20
SES08678,USR08678,Tablet,West,Social Media,Fashion,3,Checkout,2025-10-27 22:34:08
SES08679,USR08679,Mobile,West,Social Media,Fashion,2,Add to Cart,2025-10-11 00:18:37
SES08680,USR08680,Mobile,West,Email,Beauty,2,Add to Cart,2025-10-30 02:12:13
SES08681,USR08681,Tablet,West,Social Media,Home,1,Browse,2025-10-27 08:00:59
SES08682,USR08682,Tablet,West,Social Media,Sports,2,Add to Cart,2025-10-28 10:10:59
SES08683,USR08683,Tablet,East,Organic,Beauty,2,Add to Cart,2025-10-20 21:06:25
SES08684,USR08684,Tablet,East,Google Ads,Sports,1,Browse,2025-10-26 02:59:45
SES08685,USR08685,Tablet,North,Social Media,Beauty,1,Browse,2025-10-30 23:43:20
SES08686,USR08686,Desktop,West,Google Ads,Beauty,1,Browse,2025-10-29 06:00:58
SES08687,USR08687,Mobile,North,Organic,Sports,2,Add to Cart,2025-10-08 01:23:43
SES08688,USR08688,Tablet,West,Google Ads,Electronics,2,Add to Cart,2025-10-22 05:37:10
SES08689,USR08689,Mobile,West,Google Ads,Electronics,3,Checkout,2025-10-28 13:16:37
SES08690,USR08690,Mobile,West,Email,Beauty,3,Checkout,2025-10-02 18:22:08
SES08691,USR08691,Tablet,East,Organic,Electronics,3,Checkout,2025-10-02 14:54:09
SES08692,USR08692,Mobile,South,Email,Sports,3,Checkout,2025-10-02 02:05:37
SES08693,USR08693,Tablet,East,Organic,Electronics,1,Browse,2025-10-27 22:57:29
SES08694,USR08694,Desktop,West,Email,Beauty,1,Browse,2025-10-28 23:06:56
SES08695,USR08695,Desktop,East,Social Media,Beauty,3,Checkout,2025-10-19 02:09:43
SES08696,USR08696,Desktop,North,Social Media,Fashion,1,Browse,2025-10-03 04:16:05
SES08697,USR08697,Mobile,North,Email,Electronics,3,Checkout,2025-10-22 06:49:12
SES08698,USR08698,Desktop,North,Email,Fashion,2,Add to Cart,2025-10-09 00:16:55
SES08699,USR08699,Desktop,South,Google Ads,Beauty,2,Add to Cart,2025-10-03 15:50:29
SES08700,USR08700,Mobile,West,Social Media,Electronics,2,Add to Cart,2025-10-03 11:31:14
SES08701,USR08701,Desktop,South,Social Media,Beauty,2,Add to Cart,2025-10-30 04:32:35
SES08702,USR08702,Mobile,West,Google Ads,Beauty,3,Checkout,2025-10-03 20:37:53
SES08703,USR08703,Mobile,South,Organic,Home,4,Purchase,2025-10-11 06:42:05
SES08704,USR08704,Mobile,East,Email,Electronics,1,Browse,2025-10-26 13:24:01
SES08705,USR08705,Mobile,West,Social Media,Sports,2,Add to Cart,2025-10-25 10:00:14
SES08706,USR08706,Tablet,South,Email,Fashion,3,Checkout,2025-10-30 14:42:41
SES08707,USR08707,Tablet,West,Organic,Sports,1,Browse,2025-10-31 03:34:41
SES08708,USR08708,Tablet,South,Email,Home,3,Checkout,2025-10-05 10:59:12
SES08709,USR08709,Mobile,South,Social Media,Beauty,2,Add to Cart,2025-10-08 15:22:17
SES08710,USR08710,Desktop,East,Organic,Fashion,2,Add to Cart,2025-10-03 22:04:51
SES08711,USR08711,Desktop,South,Organic,Beauty,2,Add to Cart,2025-10-30 17:21:13
SES08712,USR08712,Tablet,North,Organic,Home,2,Add to Cart,2025-10-09 03:22:33
SES08713,USR08713,Mobile,North,Organic,Electronics,2,Add to Cart,2025-10-30 15:36:59
SES08714,USR08714,Tablet,North,Google Ads,Beauty,4,Purchase,2025-10-03 14:40:36
SES08715,USR08715,Desktop,East,Organic,Beauty,1,Browse,2025-10-13 09:37:46
SES08716,USR08716,Tablet,West,Email,Home,2,Add to Cart,2025-10-07 16:40:33
SES08717,USR08717,Tablet,East,Google Ads,Home,1,Browse,2025-10-19 07:48:25
SES08718,USR08718,Mobile,North,Google Ads,Sports,3,Checkout,2025-10-27 03:00:56
SES08719,USR08719,Desktop,North,Organic,Sports,2,Add to Cart,2025-10-05 11:27:42
SES08720,USR08720,Mobile,North,Google Ads,Home,1,Browse,2025-10-04 05:54:49
SES08721,USR08721,Mobile,South,Google Ads,Home,2,Add to Cart,2025-10-21 10:17:45
SES08722,USR08722,Tablet,West,Email,Fashion,1,Browse,2025-10-26 03:50:35
SES08723,USR08723,Tablet,West,Organic,Sports,3,Checkout,2025-10-13 16:23:55
SES08724,USR08724,Desktop,South,Google Ads,Beauty,3,Checkout,2025-10-03 00:16:25
SES08725,USR08725,Desktop,East,Google Ads,Home,2,Add to Cart,2025-10-22 10:49:27
SES08726,USR08726,Tablet,East,Google Ads,Sports,3,Checkout,2025-10-14 18:50:48
SES08727,USR08727,Desktop,South,Organic,Home,1,Browse,2025-10-16 19:37:06
SES08728,USR08728,Tablet,West,Organic,Sports,3,Checkout,2025-10-30 21:26:51
SES08729,USR08729,Mobile,West,Google Ads,Sports,3,Checkout,2025-10-09 06:20:39
SES08730,USR08730,Desktop,North,Organic,Fashion,4,Purchase,2025-10-29 19:55:50
SES08731,USR08731,Mobile,North,Social Media,Beauty,1,Browse,2025-10-04 05:01:25
SES08732,USR08732,Tablet,South,Email,Electronics,3,Checkout,2025-10-04 11:50:12
SES08733,USR08733,Mobile,West,Email,Fashion,1,Browse,2025-10-24 22:03:14
SES08734,USR08734,Desktop,North,Social Media,Fashion,4,Purchase,2025-10-13 00:26:55
SES08735,USR08735,Mobile,East,Social Media,Sports,3,Checkout,2025-10-28 22:10:01
SES08736,USR08736,Tablet,South,Organic,Fashion,2,Add to Cart,2025-10-20 22:35:41
SES08737,USR08737,Tablet,East,Organic,Sports,3,Checkout,2025-10-12 03:25:06
SES08738,USR08738,Mobile,East,Email,Electronics,1,Browse,2025-10-17 11:59:39
SES08739,USR08739,Mobile,East,Google Ads,Beauty,4,Purchase,2025-10-19 00:21:13
SES08740,USR08740,Tablet,South,Google Ads,Electronics,3,Checkout,2025-10-16 17:42:35
SES08741,USR08741,Mobile,East,Social Media,Home,2,Add to Cart,2025-10-15 07:26:59
SES08742,USR08742,Mobile,North,Email,Electronics,3,Checkout,2025-10-14 16:41:03
SES08743,USR08743,Mobile,East,Social Media,Sports,2,Add to Cart,2025-10-04 12:06:55
SES08744,USR08744,Mobile,North,Organic,Fashion,2,Add to Cart,2025-10-13 12:57:48
SES08745,USR08745,Tablet,West,Google Ads,Electronics,3,Checkout,2025-10-20 23:04:49
SES08746,USR08746,Tablet,North,Email,Beauty,1,Browse,2025-10-26 23:37:45
SES08747,USR08747,Mobile,South,Social Media,Fashion,2,Add to Cart,2025-10-26 02:08:54
SES08748,USR08748,Desktop,East,Organic,Home,2,Add to Cart,2025-10-09 17:19:41
SES08749,USR08749,Mobile,West,Google Ads,Beauty,3,Checkout,2025-10-19 08:21:36
SES08750,USR08750,Mobile,East,Social Media,Sports,2,Add to Cart,2025-10-02 03:28:33
SES08751,USR08751,Tablet,West,Google Ads,Beauty,2,Add to Cart,2025-10-05 03:16:44
SES08752,USR08752,Mobile,North,Social Media,Home,3,Checkout,2025-10-06 11:59:13
SES08753,USR08753,Desktop,North,Google Ads,Electronics,1,Browse,2025-10-24 05:16:27
SES08754,USR08754,Desktop,East,Organic,Fashion,2,Add to Cart,2025-10-06 17:43:25
SES08755,USR08755,Desktop,West,Organic,Electronics,4,Purchase,2025-10-09 09:51:51
SES08756,USR08756,Mobile,South,Social Media,Electronics,2,Add to Cart,2025-10-08 21:32:12
SES08757,USR08757,Tablet,East,Google Ads,Home,1,Browse,2025-10-06 23:42:51
SES08758,USR08758,Desktop,South,Social Media,Electronics,2,Add to Cart,2025-10-12 20:51:47
SES08759,USR08759,Mobile,East,Social Media,Beauty,4,Purchase,2025-10-06 15:24:49
SES08760,USR08760,Tablet,North,Email,Electronics,2,Add to Cart,2025-10-18 09:24:11
SES08761,USR08761,Desktop,East,Organic,Fashion,2,Add to Cart,2025-10-09 10:22:09
SES08762,USR08762,Mobile,West,Email,Electronics,2,Add to Cart,2025-10-22 21:31:26
SES08763,USR08763,Desktop,East,Google Ads,Beauty,2,Add to Cart,2025-10-17 11:44:28
SES08764,USR08764,Tablet,North,Organic,Sports,3,Checkout,2025-10-07 00:06:08
SES08765,USR08765,Desktop,South,Google Ads,Beauty,1,Browse,2025-10-26 14:55:26
SES08766,USR08766,Mobile,East,Email,Electronics,1,Browse,2025-10-07 17:40:17
SES08767,USR08767,Mobile,East,Email,Home,3,Checkout,2025-10-29 09:55:36
SES08768,USR08768,Desktop,East,Organic,Home,1,Browse,2025-10-20 08:29:04
SES08769,USR08769,Tablet,West,Organic,Fashion,1,Browse,2025-10-15 06:37:00
SES08770,USR08770,Tablet,North,Email,Home,1,Browse,2025-10-01 20:58:34
SES08771,USR08771,Tablet,North,Social Media,Sports,1,Browse,2025-10-28 13:18:45
SES08772,USR08772,Desktop,North,Email,Sports,4,Purchase,2025-10-09 12:14:48
SES08773,USR08773,Mobile,North,Email,Home,2,Add to Cart,2025-10-30 13:57:33
SES08774,USR08774,Mobile,West,Social Media,Sports,2,Add to Cart,2025-10-15 15:58:34
SES08775,USR08775,Tablet,South,Email,Electronics,2,Add to Cart,2025-10-14 07:18:01
SES08776,USR08776,Mobile,West,Google Ads,Electronics,1,Browse,2025-10-02 14:13:14
SES08777,USR08777,Desktop,West,Email,Sports,3,Checkout,2025-10-18 22:30:06
SES08778,USR08778,Mobile,East,Email,Home,2,Add to Cart,2025-10-20 20:28:28
SES08779,USR08779,Desktop,East,Organic,Home,2,Add to Cart,2025-10-17 12:46:32
SES08780,USR08780,Mobile,East,Social Media,Fashion,3,Checkout,2025-10-24 00:08:46
SES08781,USR08781,Tablet,East,Email,Sports,3,Checkout,2025-10-30 10:37:45
SES08782,USR08782,Tablet,South,Google Ads,Fashion,1,Browse,2025-10-22 18:49:01
SES08783,USR08783,Tablet,East,Social Media,Home,1,Browse,2025-10-05 01:38:12
SES08784,USR08784,Tablet,West,Organic,Beauty,4,Purchase,2025-10-11 22:38:48
SES08785,USR08785,Desktop,North,Google Ads,Fashion,2,Add to Cart,2025-10-29 09:25:42
SES08786,USR08786,Desktop,East,Organic,Fashion,1,Browse,2025-10-10 21:14:54
SES08787,USR08787,Desktop,West,Organic,Fashion,1,Browse,2025-10-14 03:06:45
SES08788,USR08788,Mobile,North,Social Media,Fashion,1,Browse,2025-10-02 23:10:58
SES08789,USR08789,Tablet,South,Email,Sports,2,Add to Cart,2025-10-03 07:11:31
SES08790,USR08790,Desktop,West,Email,Beauty,2,Add to Cart,2025-10-13 19:37:45
SES08791,USR08791,Mobile,South,Organic,Fashion,2,Add to Cart,2025-10-13 19:41:33
SES08792,USR08792,Desktop,East,Email,Beauty,1,Browse,2025-10-23 18:02:30
SES08793,USR08793,Desktop,South,Organic,Beauty,1,Browse,2025-10-10 07:00:24
SES08794,USR08794,Tablet,South,Organic,Electronics,2,Add to Cart,2025-10-25 21:08:31
SES08795,USR08795,Desktop,West,Social Media,Fashion,3,Checkout,2025-10-29 04:42:51
SES08796,USR08796,Tablet,South,Email,Beauty,2,Add to Cart,2025-10-02 10:10:16
SES08797,USR08797,Mobile,North,Email,Beauty,3,Checkout,2025-10-02 14:47:04
SES08798,USR08798,Mobile,North,Google Ads,Beauty,1,Browse,2025-10-03 18:53:41
SES08799,USR08799,Tablet,West,Social Media,Beauty,1,Browse,2025-10-23 11:35:00
SES08800,USR08800,Tablet,South,Organic,Electronics,2,Add to Cart,2025-10-16 03:23:07
SES08801,USR08801,Desktop,North,Email,Fashion,1,Browse,2025-10-15 23:39:07
SES08802,USR08802,Mobile,South,Email,Sports,2,Add to Cart,2025-10-20 20:56:10
SES08803,USR08803,Mobile,North,Google Ads,Home,3,Checkout,2025-10-21 17:19:06
SES08804,USR08804,Mobile,South,Organic,Home,1,Browse,2025-10-11 16:16:12
SES08805,USR08805,Mobile,South,Google Ads,Fashion,3,Checkout,2025-10-19 22:39:46
SES08806,USR08806,Desktop,East,Organic,Beauty,2,Add to Cart,2025-10-24 06:20:59
SES08807,USR08807,Mobile,North,Google Ads,Electronics,1,Browse,2025-10-16 11:33:00
SES08808,USR08808,Mobile,North,Organic,Home,2,Add to Cart,2025-10-30 02:23:54
SES08809,USR08809,Tablet,South,Social Media,Fashion,3,Checkout,2025-10-14 22:12:17
SES08810,USR08810,Mobile,South,Social Media,Electronics,1,Browse,2025-10-24 16:48:42
SES08811,USR08811,Desktop,South,Social Media,Sports,4,Purchase,2025-10-28 21:24:12
SES08812,USR08812,Tablet,East,Organic,Home,2,Add to Cart,2025-10-23 01:30:03
SES08813,USR08813,Desktop,South,Organic,Electronics,2,Add to Cart,2025-10-26 04:15:57
SES08814,USR08814,Tablet,South,Email,Sports,2,Add to Cart,2025-10-07 19:58:34
SES08815,USR08815,Mobile,West,Email,Home,1,Browse,2025-10-02 07:19:24
SES08816,USR08816,Mobile,East,Social Media,Electronics,3,Checkout,2025-10-24 15:16:40
SES08817,USR08817,Tablet,North,Email,Fashion,1,Browse,2025-10-24 11:57:24
SES08818,USR08818,Mobile,East,Google Ads,Beauty,2,Add to Cart,2025-10-08 15:16:17
SES08819,USR08819,Tablet,West,Google Ads,Beauty,2,Add to Cart,2025-10-24 05:17:27
SES08820,USR08820,Tablet,North,Google Ads,Beauty,1,Browse,2025-10-23 06:15:05
SES08821,USR08821,Desktop,South,Social Media,Home,4,Purchase,2025-10-04 12:54:54
SES08822,USR08822,Tablet,North,Social Media,Fashion,3,Checkout,2025-10-24 09:52:27
SES08823,USR08823,Desktop,West,Organic,Electronics,4,Purchase,2025-10-16 01:42:56
SES08824,USR08824,Desktop,South,Google Ads,Electronics,2,Add to Cart,2025-10-28 04:09:49
SES08825,USR08825,Tablet,East,Social Media,Home,1,Browse,2025-10-27 10:51:07
SES08826,USR08826,Tablet,South,Organic,Home,4,Purchase,2025-10-26 02:43:52
SES08827,USR08827,Tablet,North,Social Media,Electronics,4,Purchase,2025-10-11 18:41:47
SES08828,USR08828,Mobile,East,Email,Electronics,1,Browse,2025-10-07 03:25:59
SES08829,USR08829,Tablet,North,Social Media,Beauty,2,Add to Cart,2025-10-31 03:26:09
SES08830,USR08830,Desktop,North,Organic,Electronics,4,Purchase,2025-10-24 15:23:46
SES08831,USR08831,Mobile,East,Email,Beauty,1,Browse,2025-10-18 14:23:01
SES08832,USR08832,Tablet,South,Social Media,Sports,1,Browse,2025-10-20 02:09:11
SES08833,USR08833,Tablet,North,Google Ads,Beauty,3,Checkout,2025-10-03 21:29:26
SES08834,USR08834,Tablet,West,Organic,Electronics,3,Checkout,2025-10-09 01:33:43
SES08835,USR08835,Desktop,East,Google Ads,Beauty,2,Add to Cart,2025-10-18 13:07:22
SES08836,USR08836,Tablet,North,Social Media,Beauty,1,Browse,2025-10-06 06:19:02
SES08837,USR08837,Desktop,East,Organic,Fashion,4,Purchase,2025-10-22 00:02:14
SES08838,USR08838,Mobile,East,Social Media,Beauty,2,Add to Cart,2025-10-15 14:30:52
SES08839,USR08839,Mobile,North,Social Media,Home,2,Add to Cart,2025-10-27 13:59:09
SES08840,USR08840,Tablet,North,Organic,Beauty,4,Purchase,2025-10-25 05:22:21
SES08841,USR08841,Mobile,East,Email,Sports,2,Add to Cart,2025-10-18 22:28:51
SES08842,USR08842,Mobile,South,Social Media,Electronics,1,Browse,2025-10-29 16:17:58
SES08843,USR08843,Mobile,East,Email,Electronics,1,Browse,2025-10-08 05:32:43
SES08844,USR08844,Desktop,South,Social Media,Beauty,4,Purchase,2025-10-13 16:12:03
SES08845,USR08845,Mobile,North,Social Media,Home,3,Checkout,2025-10-29 21:29:55
SES08846,USR08846,Desktop,South,Google Ads,Sports,4,Purchase,2025-10-28 15:35:12
SES08847,USR08847,Tablet,North,Organic,Sports,2,Add to Cart,2025-10-28 20:39:48
SES08848,USR08848,Desktop,North,Organic,Home,3,Checkout,2025-10-11 05:34:53
SES08849,USR08849,Mobile,North,Social Media,Home,3,Checkout,2025-10-17 17:15:55
SES08850,USR08850,Tablet,East,Social Media,Electronics,1,Browse,2025-10-21 08:41:43
SES08851,USR08851,Tablet,North,Email,Home,1,Browse,2025-10-10 14:09:45
SES08852,USR08852,Desktop,North,Email,Beauty,1,Browse,2025-10-21 06:29:24
SES08853,USR08853,Desktop,South,Organic,Electronics,3,Checkout,2025-10-30 11:48:49
SES08854,USR08854,Tablet,West,Email,Fashion,3,Checkout,2025-10-20 19:07:10
SES08855,USR08855,Mobile,East,Google Ads,Beauty,4,Purchase,2025-10-18 13:55:04
SES08856,USR08856,Desktop,East,Email,Beauty,3,Checkout,2025-10-29 11:02:34
SES08857,USR08857,Tablet,East,Organic,Electronics,1,Browse,2025-10-23 18:41:48
SES08858,USR08858,Desktop,South,Google Ads,Sports,1,Browse,2025-10-09 10:38:08
SES08859,USR08859,Desktop,South,Google Ads,Home,3,Checkout,2025-10-10 08:42:19
SES08860,USR08860,Desktop,North,Social Media,Home,2,Add to Cart,2025-10-10 13:57:07
SES08861,USR08861,Desktop,South,Email,Home,2,Add to Cart,2025-10-22 14:41:45
SES08862,USR08862,Tablet,North,Email,Electronics,1,Browse,2025-10-08 14:43:11
SES08863,USR08863,Desktop,South,Social Media,Home,3,Checkout,2025-10-15 21:27:15
SES08864,USR08864,Desktop,East,Google Ads,Home,4,Purchase,2025-10-23 01:51:45
SES08865,USR08865,Desktop,West,Google Ads,Electronics,2,Add to Cart,2025-10-19 06:06:42
SES08866,USR08866,Mobile,South,Google Ads,Fashion,1,Browse,2025-10-22 06:01:49
SES08867,USR08867,Desktop,East,Organic,Sports,1,Browse,2025-10-05 04:36:09
SES08868,USR08868,Mobile,West,Email,Electronics,2,Add to Cart,2025-10-05 12:54:53
SES08869,USR08869,Mobile,North,Google Ads,Sports,3,Checkout,2025-10-18 18:57:15
SES08870,USR08870,Mobile,South,Email,Beauty,4,Purchase,2025-10-29 23:10:21
SES08871,USR08871,Tablet,North,Google Ads,Fashion,2,Add to Cart,2025-10-29 16:46:18
SES08872,USR08872,Tablet,West,Organic,Fashion,3,Checkout,2025-10-31 09:30:24
SES08873,USR08873,Mobile,North,Organic,Fashion,2,Add to Cart,2025-10-13 11:18:33
SES08874,USR08874,Desktop,North,Google Ads,Beauty,3,Checkout,2025-10-14 19:54:40
SES08875,USR08875,Tablet,South,Social Media,Fashion,4,Purchase,2025-10-19 21:45:03
SES08876,USR08876,Mobile,East,Email,Electronics,3,Checkout,2025-10-02 22:44:27
SES08877,USR08877,Mobile,South,Organic,Sports,3,Checkout,2025-10-24 08:16:17
SES08878,USR08878,Tablet,West,Google Ads,Sports,2,Add to Cart,2025-10-08 13:39:33
SES08879,USR08879,Tablet,North,Social Media,Sports,2,Add to Cart,2025-10-26 04:27:42
SES08880,USR08880,Tablet,West,Email,Home,1,Browse,2025-10-21 16:18:15
SES08881,USR08881,Tablet,South,Email,Electronics,2,Add to Cart,2025-10-03 20:06:38
SES08882,USR08882,Tablet,East,Google Ads,Sports,2,Add to Cart,2025-10-22 07:07:06
SES08883,USR08883,Desktop,North,Email,Fashion,3,Checkout,2025-10-13 05:26:57
SES08884,USR08884,Desktop,East,Social Media,Fashion,1,Browse,2025-10-18 07:58:49
SES08885,USR08885,Mobile,North,Google Ads,Electronics,2,Add to Cart,2025-10-22 14:33:23
SES08886,USR08886,Mobile,East,Email,Sports,2,Add to Cart,2025-10-12 14:49:54
SES08887,USR08887,Tablet,West,Google Ads,Beauty,1,Browse,2025-10-18 11:35:57
SES08888,USR08888,Tablet,South,Social Media,Beauty,1,Browse,2025-10-28 07:01:43
SES08889,USR08889,Mobile,South,Social Media,Fashion,1,Browse,2025-10-27 17:06:52
SES08890,USR08890,Desktop,South,Social Media,Home,3,Checkout,2025-10-13 21:07:50
SES08891,USR08891,Tablet,East,Organic,Fashion,1,Browse,2025-10-23 12:18:11
SES08892,USR08892,Mobile,North,Organic,Fashion,2,Add to Cart,2025-10-02 01:52:56
SES08893,USR08893,Mobile,North,Organic,Beauty,4,Purchase,2025-10-11 07:56:35
SES08894,USR08894,Tablet,West,Google Ads,Fashion,2,Add to Cart,2025-10-12 23:51:42
SES08895,USR08895,Desktop,South,Organic,Beauty,1,Browse,2025-10-25 08:56:59
SES08896,USR08896,Desktop,South,Google Ads,Fashion,2,Add to Cart,2025-10-18 21:27:06
SES08897,USR08897,Desktop,South,Organic,Electronics,3,Checkout,2025-10-30 12:12:58
SES08898,USR08898,Desktop,North,Email,Electronics,1,Browse,2025-10-17 10:31:30
SES08899,USR08899,Tablet,East,Organic,Sports,2,Add to Cart,2025-10-07 05:55:26
SES08900,USR08900,Tablet,East,Google Ads,Fashion,1,Browse,2025-10-02 21:33:58
SES08901,USR08901,Tablet,West,Google Ads,Home,1,Browse,2025-10-26 08:48:06
SES08902,USR08902,Desktop,West,Email,Electronics,1,Browse,2025-10-19 04:51:28
SES08903,USR08903,Desktop,North,Social Media,Electronics,2,Add to Cart,2025-10-04 23:24:32
SES08904,USR08904,Tablet,East,Google Ads,Beauty,2,Add to Cart,2025-10-17 18:13:09
SES08905,USR08905,Desktop,South,Social Media,Sports,3,Checkout,2025-10-05 15:12:34
SES08906,USR08906,Mobile,West,Social Media,Electronics,3,Checkout,2025-10-10 02:58:01
SES08907,USR08907,Mobile,East,Email,Sports,2,Add to Cart,2025-10-29 11:33:57
SES08908,USR08908,Tablet,South,Google Ads,Beauty,1,Browse,2025-10-25 16:16:17
SES08909,USR08909,Desktop,South,Email,Home,2,Add to Cart,2025-10-25 00:03:19
SES08910,USR08910,Mobile,North,Organic,Sports,2,Add to Cart,2025-10-15 04:32:51
SES08911,USR08911,Mobile,East,Google Ads,Electronics,2,Add to Cart,2025-10-06 12:47:02
SES08912,USR08912,Desktop,East,Email,Sports,1,Browse,2025-10-13 03:17:37
SES08913,USR08913,Mobile,West,Social Media,Beauty,2,Add to Cart,2025-10-31 15:45:15
SES08914,USR08914,Mobile,East,Social Media,Electronics,3,Checkout,2025-10-17 09:58:08
SES08915,USR08915,Desktop,South,Social Media,Electronics,2,Add to Cart,2025-10-13 09:12:07
SES08916,USR08916,Tablet,East,Google Ads,Fashion,2,Add to Cart,2025-10-25 06:13:48
SES08917,USR08917,Mobile,East,Social Media,Beauty,4,Purchase,2025-10-06 13:24:08
SES08918,USR08918,Tablet,South,Social Media,Home,4,Purchase,2025-10-02 16:06:09
SES08919,USR08919,Tablet,East,Social Media,Fashion,4,Purchase,2025-10-07 23:30:04
SES08920,USR08920,Mobile,South,Email,Beauty,4,Purchase,2025-10-18 04:07:48
SES08921,USR08921,Mobile,North,Organic,Beauty,4,Purchase,2025-10-20 15:43:43
SES08922,USR08922,Desktop,East,Organic,Sports,3,Checkout,2025-10-10 04:34:28
SES08923,USR08923,Desktop,South,Email,Electronics,1,Browse,2025-10-06 12:27:16
SES08924,USR08924,Mobile,South,Email,Home,1,Browse,2025-10-27 08:56:36
SES08925,USR08925,Mobile,South,Social Media,Electronics,1,Browse,2025-10-29 15:52:42
SES08926,USR08926,Desktop,South,Email,Electronics,2,Add to Cart,2025-10-28 20:05:56
SES08927,USR08927,Tablet,East,Google Ads,Sports,3,Checkout,2025-10-19 12:23:37
SES08928,USR08928,Desktop,East,Google Ads,Beauty,1,Browse,2025-10-26 16:21:25
SES08929,USR08929,Mobile,East,Email,Electronics,2,Add to Cart,2025-10-17 17:46:42
SES08930,USR08930,Mobile,East,Organic,Home,2,Add to Cart,2025-10-30 19:43:02
SES08931,USR08931,Desktop,South,Email,Beauty,3,Checkout,2025-10-05 15:33:45
SES08932,USR08932,Tablet,West,Organic,Beauty,3,Checkout,2025-10-08 14:46:08
SES08933,USR08933,Mobile,East,Organic,Home,2,Add to Cart,2025-10-23 07:16:33
SES08934,USR08934,Tablet,West,Email,Fashion,4,Purchase,2025-10-03 09:28:55
SES08935,USR08935,Desktop,West,Google Ads,Fashion,2,Add to Cart,2025-10-08 06:19:02
SES08936,USR08936,Mobile,East,Organic,Beauty,2,Add to Cart,2025-10-28 19:06:13
SES08937,USR08937,Mobile,East,Organic,Electronics,2,Add to Cart,2025-10-10 06:43:30
SES08938,USR08938,Mobile,West,Email,Electronics,1,Browse,2025-10-03 07:08:21
SES08939,USR08939,Tablet,North,Organic,Beauty,1,Browse,2025-10-29 23:47:46
SES08940,USR08940,Mobile,South,Email,Electronics,2,Add to Cart,2025-10-25 02:42:28
SES08941,USR08941,Mobile,North,Organic,Sports,1,Browse,2025-10-19 21:44:47
SES08942,USR08942,Mobile,West,Google Ads,Fashion,1,Browse,2025-10-28 11:42:42
SES08943,USR08943,Mobile,West,Organic,Fashion,2,Add to Cart,2025-10-05 17:09:44
SES08944,USR08944,Desktop,South,Organic,Sports,3,Checkout,2025-10-23 22:27:56
SES08945,USR08945,Tablet,West,Social Media,Fashion,3,Checkout,2025-10-14 13:56:04
SES08946,USR08946,Desktop,North,Google Ads,Electronics,3,Checkout,2025-10-17 18:23:20
SES08947,USR08947,Mobile,North,Organic,Sports,3,Checkout,2025-10-31 07:11:54
SES08948,USR08948,Desktop,West,Google Ads,Sports,2,Add to Cart,2025-10-14 17:36:52
SES08949,USR08949,Tablet,South,Social Media,Home,4,Purchase,2025-10-12 09:59:45
SES08950,USR08950,Tablet,North,Email,Sports,2,Add to Cart,2025-10-19 09:29:36
SES08951,USR08951,Mobile,North,Email,Electronics,1,Browse,2025-10-31 06:37:06
SES08952,USR08952,Mobile,South,Social Media,Fashion,4,Purchase,2025-10-19 12:03:57
SES08953,USR08953,Tablet,North,Social Media,Sports,4,Purchase,2025-10-25 10:00:35
SES08954,USR08954,Desktop,East,Email,Home,1,Browse,2025-10-15 22:41:23
SES08955,USR08955,Desktop,South,Google Ads,Home,4,Purchase,2025-10-28 12:50:41
SES08956,USR08956,Mobile,East,Organic,Home,2,Add to Cart,2025-10-18 21:04:01
SES08957,USR08957,Desktop,West,Email,Sports,2,Add to Cart,2025-10-08 05:05:54
SES08958,USR08958,Tablet,South,Organic,Sports,1,Browse,2025-10-11 09:55:00
SES08959,USR08959,Tablet,West,Email,Beauty,3,Checkout,2025-10-27 04:14:31
SES08960,USR08960,Mobile,West,Email,Home,1,Browse,2025-10-15 20:20:32
SES08961,USR08961,Mobile,North,Organic,Home,3,Checkout,2025-10-19 16:05:27
SES08962,USR08962,Mobile,West,Google Ads,Home,4,Purchase,2025-10-02 04:43:07
SES08963,USR08963,Desktop,East,Email,Beauty,3,Checkout,2025-10-31 06:48:34
SES08964,USR08964,Desktop,South,Social Media,Fashion,2,Add to Cart,2025-10-20 12:58:38
SES08965,USR08965,Desktop,West,Organic,Home,2,Add to Cart,2025-10-01 22:46:28
SES08966,USR08966,Mobile,West,Organic,Electronics,3,Checkout,2025-10-11 09:51:40
SES08967,USR08967,Mobile,East,Organic,Home,3,Checkout,2025-10-24 17:29:14
SES08968,USR08968,Tablet,East,Email,Fashion,1,Browse,2025-10-25 18:08:31
SES08969,USR08969,Desktop,South,Organic,Sports,2,Add to Cart,2025-10-18 19:16:32
SES08970,USR08970,Desktop,North,Email,Beauty,2,Add to Cart,2025-10-26 19:28:06
SES08971,USR08971,Tablet,North,Organic,Sports,1,Browse,2025-10-16 12:49:40
SES08972,USR08972,Tablet,West,Email,Sports,2,Add to Cart,2025-10-02 13:26:53
SES08973,USR08973,Tablet,East,Social Media,Electronics,1,Browse,2025-10-04 14:01:03
SES08974,USR08974,Mobile,West,Google Ads,Beauty,1,Browse,2025-10-11 05:54:44
SES08975,USR08975,Tablet,South,Organic,Beauty,2,Add to Cart,2025-10-08 15:24:01
SES08976,USR08976,Mobile,South,Email,Beauty,3,Checkout,2025-10-29 00:26:56
SES08977,USR08977,Mobile,East,Social Media,Home,3,Checkout,2025-10-15 18:58:43
SES08978,USR08978,Desktop,West,Social Media,Fashion,1,Browse,2025-10-13 18:56:48
SES08979,USR08979,Desktop,East,Google Ads,Home,1,Browse,2025-10-16 14:03:13
SES08980,USR08980,Tablet,West,Email,Electronics,2,Add to Cart,2025-10-09 16:02:52
SES08981,USR08981,Mobile,North,Social Media,Electronics,3,Checkout,2025-10-02 01:35:04
SES08982,USR08982,Desktop,South,Google Ads,Sports,3,Checkout,2025-10-13 12:36:47
SES08983,USR08983,Desktop,East,Social Media,Fashion,2,Add to Cart,2025-10-22 12:27:28
SES08984,USR08984,Desktop,West,Email,Electronics,4,Purchase,2025-10-12 00:51:02
SES08985,USR08985,Tablet,South,Google Ads,Electronics,1,Browse,2025-10-03 11:26:42
SES08986,USR08986,Tablet,West,Email,Home,3,Checkout,2025-10-27 06:28:02
SES08987,USR08987,Desktop,South,Email,Electronics,2,Add to Cart,2025-10-03 07:49:15
SES08988,USR08988,Mobile,East,Google Ads,Home,1,Browse,2025-10-28 14:17:34
SES08989,USR08989,Desktop,East,Email,Electronics,3,Checkout,2025-10-25 04:34:20
SES08990,USR08990,Desktop,South,Google Ads,Beauty,3,Checkout,2025-10-08 17:38:27
SES08991,USR08991,Mobile,North,Google Ads,Home,1,Browse,2025-10-15 12:42:01
SES08992,USR08992,Tablet,West,Organic,Sports,2,Add to Cart,2025-10-26 06:23:45
SES08993,USR08993,Desktop,North,Email,Beauty,2,Add to Cart,2025-10-18 14:25:35
SES08994,USR08994,Mobile,East,Google Ads,Beauty,3,Checkout,2025-10-07 17:07:05
SES08995,USR08995,Tablet,North,Social Media,Electronics,2,Add to Cart,2025-10-20 18:08:17
SES08996,USR08996,Desktop,East,Email,Fashion,2,Add to Cart,2025-10-08 04:42:21
SES08997,USR08997,Desktop,East,Google Ads,Beauty,3,Checkout,2025-10-25 17:58:43
SES08998,USR08998,Tablet,East,Organic,Sports,1,Browse,2025-10-28 01:54:37
SES08999,USR08999,Tablet,South,Google Ads,Fashion,1,Browse,2025-10-19 17:20:30
SES09000,USR09000,Mobile,East,Email,Home,3,Checkout,2025-10-15 12:23:28
SES09001,USR09001,Tablet,North,Organic,Sports,1,Browse,2025-10-06 02:32:06
SES09002,USR09002,Desktop,East,Social Media,Fashion,1,Browse,2025-10-09 07:57:34
SES09003,USR09003,Mobile,East,Email,Sports,1,Browse,2025-10-29 22:27:32
SES09004,USR09004,Mobile,East,Google Ads,Electronics,2,Add to Cart,2025-10-19 12:35:20
SES09005,USR09005,Desktop,East,Email,Home,4,Purchase,2025-10-16 07:37:49
SES09006,USR09006,Tablet,East,Social Media,Beauty,3,Checkout,2025-10-25 10:30:23
SES09007,USR09007,Desktop,West,Organic,Home,1,Browse,2025-10-23 21:41:19
SES09008,USR09008,Desktop,East,Google Ads,Sports,1,Browse,2025-10-02 08:13:32
SES09009,USR09009,Mobile,South,Email,Fashion,2,Add to Cart,2025-10-18 10:15:15
SES09010,USR09010,Mobile,East,Organic,Fashion,3,Checkout,2025-10-21 16:22:05
SES09011,USR09011,Desktop,West,Google Ads,Sports,3,Checkout,2025-10-11 19:01:15
SES09012,USR09012,Desktop,North,Social Media,Beauty,3,Checkout,2025-10-03 22:14:32
SES09013,USR09013,Desktop,West,Social Media,Sports,1,Browse,2025-10-23 03:23:28
SES09014,USR09014,Desktop,North,Social Media,Beauty,2,Add to Cart,2025-10-02 11:58:59
SES09015,USR09015,Tablet,West,Google Ads,Beauty,1,Browse,2025-10-30 15:41:53
SES09016,USR09016,Tablet,South,Email,Beauty,2,Add to Cart,2025-10-24 23:22:35
SES09017,USR09017,Mobile,South,Social Media,Electronics,2,Add to Cart,2025-10-20 11:03:02
SES09018,USR09018,Mobile,South,Organic,Home,4,Purchase,2025-10-02 14:42:17
SES09019,USR09019,Desktop,South,Email,Sports,2,Add to Cart,2025-10-21 13:21:56
SES09020,USR09020,Tablet,East,Organic,Beauty,3,Checkout,2025-10-05 11:02:17
SES09021,USR09021,Tablet,South,Social Media,Electronics,3,Checkout,2025-10-27 10:48:57
SES09022,USR09022,Mobile,South,Organic,Electronics,1,Browse,2025-10-05 05:06:11
SES09023,USR09023,Mobile,West,Organic,Beauty,1,Browse,2025-10-20 09:10:28
SES09024,USR09024,Mobile,North,Email,Sports,2,Add to Cart,2025-10-03 10:40:05
SES09025,USR09025,Tablet,South,Email,Home,3,Checkout,2025-10-02 19:28:37
SES09026,USR09026,Mobile,East,Social Media,Fashion,1,Browse,2025-10-09 13:17:26
SES09027,USR09027,Tablet,West,Social Media,Home,1,Browse,2025-10-29 23:10:27
SES09028,USR09028,Tablet,South,Google Ads,Fashion,2,Add to Cart,2025-10-07 13:41:09
SES09029,USR09029,Desktop,North,Social Media,Sports,3,Checkout,2025-10-11 09:14:33
SES09030,USR09030,Mobile,West,Email,Electronics,3,Checkout,2025-10-30 14:28:47
SES09031,USR09031,Mobile,North,Email,Electronics,3,Checkout,2025-10-10 04:35:37
SES09032,USR09032,Desktop,East,Organic,Beauty,1,Browse,2025-10-24 04:54:03
SES09033,USR09033,Tablet,West,Email,Sports,4,Purchase,2025-10-27 00:43:00
SES09034,USR09034,Tablet,East,Email,Fashion,3,Checkout,2025-10-20 08:18:24
SES09035,USR09035,Mobile,North,Google Ads,Fashion,2,Add to Cart,2025-10-07 01:16:45
SES09036,USR09036,Tablet,East,Google Ads,Home,1,Browse,2025-10-10 12:20:49
SES09037,USR09037,Tablet,North,Google Ads,Sports,3,Checkout,2025-10-03 18:55:47
SES09038,USR09038,Desktop,East,Google Ads,Beauty,4,Purchase,2025-10-20 07:55:18
SES09039,USR09039,Tablet,North,Email,Beauty,2,Add to Cart,2025-10-04 07:11:50
SES09040,USR09040,Mobile,West,Organic,Electronics,1,Browse,2025-10-29 15:40:56
SES09041,USR09041,Desktop,North,Organic,Sports,4,Purchase,2025-10-27 18:30:03
SES09042,USR09042,Desktop,East,Google Ads,Fashion,2,Add to Cart,2025-10-12 08:24:02
SES09043,USR09043,Desktop,West,Google Ads,Fashion,2,Add to Cart,2025-10-16 07:11:53
SES09044,USR09044,Tablet,East,Google Ads,Fashion,1,Browse,2025-10-12 05:14:29
SES09045,USR09045,Tablet,North,Google Ads,Beauty,3,Checkout,2025-10-06 19:37:40
SES09046,USR09046,Mobile,West,Organic,Beauty,2,Add to Cart,2025-10-25 16:18:26
SES09047,USR09047,Mobile,West,Social Media,Electronics,3,Checkout,2025-10-21 17:39:56
SES09048,USR09048,Mobile,South,Organic,Electronics,3,Checkout,2025-10-09 22:44:32
SES09049,USR09049,Tablet,South,Google Ads,Fashion,3,Checkout,2025-10-14 20:07:53
SES09050,USR09050,Mobile,South,Google Ads,Beauty,1,Browse,2025-10-03 10:03:05
SES09051,USR09051,Tablet,East,Google Ads,Electronics,3,Checkout,2025-10-25 21:35:37
SES09052,USR09052,Mobile,North,Google Ads,Electronics,4,Purchase,2025-10-11 03:26:00
SES09053,USR09053,Desktop,South,Social Media,Sports,3,Checkout,2025-10-16 00:07:19
SES09054,USR09054,Mobile,West,Email,Fashion,4,Purchase,2025-10-28 14:43:13
SES09055,USR09055,Desktop,South,Social Media,Beauty,1,Browse,2025-10-27 17:03:08
SES09056,USR09056,Mobile,West,Social Media,Home,3,Checkout,2025-10-22 20:28:39
SES09057,USR09057,Mobile,South,Email,Home,1,Browse,2025-10-16 17:15:36
SES09058,USR09058,Desktop,West,Google Ads,Beauty,4,Purchase,2025-10-24 21:30:19
SES09059,USR09059,Mobile,South,Google Ads,Beauty,1,Browse,2025-10-28 04:27:55
SES09060,USR09060,Tablet,East,Email,Fashion,1,Browse,2025-10-12 05:32:40
SES09061,USR09061,Mobile,East,Email,Fashion,2,Add to Cart,2025-10-08 02:32:06
SES09062,USR09062,Tablet,West,Google Ads,Home,2,Add to Cart,2025-10-09 02:58:07
SES09063,USR09063,Desktop,East,Google Ads,Home,1,Browse,2025-10-29 13:49:57
SES09064,USR09064,Tablet,North,Google Ads,Electronics,2,Add to Cart,2025-10-31 08:53:10
SES09065,USR09065,Mobile,North,Email,Sports,3,Checkout,2025-10-26 10:52:36
SES09066,USR09066,Desktop,South,Email,Beauty,3,Checkout,2025-10-15 07:38:29
SES09067,USR09067,Mobile,East,Organic,Home,1,Browse,2025-10-05 06:10:59
SES09068,USR09068,Tablet,West,Social Media,Beauty,1,Browse,2025-10-27 10:18:40
SES09069,USR09069,Mobile,West,Google Ads,Electronics,2,Add to Cart,2025-10-13 17:56:31
SES09070,USR09070,Tablet,East,Google Ads,Sports,4,Purchase,2025-10-17 07:25:59
SES09071,USR09071,Mobile,East,Google Ads,Sports,1,Browse,2025-10-10 15:50:18
SES09072,USR09072,Mobile,West,Google Ads,Home,3,Checkout,2025-10-02 20:51:12
SES09073,USR09073,Mobile,North,Social Media,Electronics,1,Browse,2025-10-03 19:31:50
SES09074,USR09074,Desktop,South,Organic,Fashion,1,Browse,2025-10-31 17:58:28
SES09075,USR09075,Mobile,North,Organic,Fashion,1,Browse,2025-10-22 23:11:46
SES09076,USR09076,Desktop,West,Organic,Home,2,Add to Cart,2025-10-03 09:38:37
SES09077,USR09077,Tablet,East,Google Ads,Sports,3,Checkout,2025-10-15 02:05:46
SES09078,USR09078,Desktop,South,Organic,Beauty,1,Browse,2025-10-08 22:05:39
SES09079,USR09079,Mobile,East,Organic,Home,2,Add to Cart,2025-10-09 20:52:58
SES09080,USR09080,Desktop,East,Organic,Beauty,4,Purchase,2025-10-28 13:04:02
SES09081,USR09081,Tablet,South,Google Ads,Beauty,2,Add to Cart,2025-10-02 05:11:59
SES09082,USR09082,Tablet,East,Social Media,Sports,4,Purchase,2025-10-21 09:23:07
SES09083,USR09083,Desktop,East,Social Media,Beauty,2,Add to Cart,2025-10-09 07:17:40
SES09084,USR09084,Desktop,East,Social Media,Sports,3,Checkout,2025-10-25 23:38:57
SES09085,USR09085,Tablet,South,Social Media,Home,2,Add to Cart,2025-10-25 14:15:23
SES09086,USR09086,Mobile,West,Email,Fashion,2,Add to Cart,2025-10-07 04:06:40
SES09087,USR09087,Tablet,East,Organic,Sports,2,Add to Cart,2025-10-11 16:44:54
SES09088,USR09088,Desktop,South,Social Media,Fashion,1,Browse,2025-10-08 21:13:19
SES09089,USR09089,Desktop,South,Organic,Sports,2,Add to Cart,2025-10-07 19:52:40
SES09090,USR09090,Mobile,East,Email,Beauty,2,Add to Cart,2025-10-29 09:59:18
SES09091,USR09091,Mobile,South,Social Media,Beauty,2,Add to Cart,2025-10-13 15:40:14
SES09092,USR09092,Mobile,North,Google Ads,Sports,4,Purchase,2025-10-05 07:39:38
SES09093,USR09093,Tablet,East,Organic,Electronics,4,Purchase,2025-10-19 18:27:49
SES09094,USR09094,Mobile,North,Social Media,Sports,2,Add to Cart,2025-10-09 05:33:24
SES09095,USR09095,Desktop,North,Organic,Home,1,Browse,2025-10-28 02:20:52
SES09096,USR09096,Tablet,East,Email,Electronics,3,Checkout,2025-10-28 15:42:09
SES09097,USR09097,Tablet,East,Organic,Fashion,3,Checkout,2025-10-27 12:01:07
SES09098,USR09098,Mobile,West,Social Media,Sports,1,Browse,2025-10-12 02:27:46
SES09099,USR09099,Desktop,West,Social Media,Home,1,Browse,2025-10-17 04:30:10
SES09100,USR09100,Mobile,South,Social Media,Electronics,3,Checkout,2025-10-09 22:42:38
SES09101,USR09101,Mobile,North,Email,Fashion,1,Browse,2025-10-11 05:31:14
SES09102,USR09102,Tablet,East,Google Ads,Fashion,1,Browse,2025-10-08 13:50:09
SES09103,USR09103,Mobile,East,Organic,Beauty,3,Checkout,2025-10-16 23:23:41
SES09104,USR09104,Tablet,West,Email,Electronics,1,Browse,2025-10-12 10:37:06
SES09105,USR09105,Tablet,East,Google Ads,Home,1,Browse,2025-10-09 20:43:42
SES09106,USR09106,Mobile,South,Social Media,Electronics,2,Add to Cart,2025-10-06 12:03:49
SES09107,USR09107,Desktop,East,Social Media,Fashion,3,Checkout,2025-10-20 13:51:27
SES09108,USR09108,Tablet,East,Social Media,Electronics,1,Browse,2025-10-26 19:37:32
SES09109,USR09109,Mobile,North,Organic,Sports,2,Add to Cart,2025-10-09 20:28:15
SES09110,USR09110,Mobile,South,Google Ads,Sports,1,Browse,2025-10-06 00:11:36
SES09111,USR09111,Desktop,South,Organic,Home,3,Checkout,2025-10-05 17:21:45
SES09112,USR09112,Mobile,West,Google Ads,Fashion,2,Add to Cart,2025-10-31 07:58:19
SES09113,USR09113,Desktop,South,Organic,Fashion,4,Purchase,2025-10-13 07:37:40
SES09114,USR09114,Tablet,North,Google Ads,Sports,2,Add to Cart,2025-10-14 19:54:59
SES09115,USR09115,Desktop,North,Organic,Home,1,Browse,2025-10-18 16:14:55
SES09116,USR09116,Mobile,East,Email,Sports,1,Browse,2025-10-21 16:38:17
SES09117,USR09117,Desktop,East,Email,Electronics,1,Browse,2025-10-14 03:14:08
SES09118,USR09118,Mobile,South,Google Ads,Fashion,3,Checkout,2025-10-16 09:34:14
SES09119,USR09119,Mobile,West,Google Ads,Fashion,1,Browse,2025-10-20 16:33:34
SES09120,USR09120,Mobile,South,Social Media,Fashion,1,Browse,2025-10-08 19:10:30
SES09121,USR09121,Tablet,West,Email,Fashion,1,Browse,2025-10-10 16:35:11
SES09122,USR09122,Mobile,North,Social Media,Home,1,Browse,2025-10-23 08:16:54
SES09123,USR09123,Desktop,South,Google Ads,Electronics,2,Add to Cart,2025-10-23 05:55:26
SES09124,USR09124,Mobile,East,Organic,Electronics,1,Browse,2025-10-20 08:09:17
SES09125,USR09125,Tablet,East,Organic,Sports,3,Checkout,2025-10-05 06:18:19
SES09126,USR09126,Desktop,North,Organic,Sports,3,Checkout,2025-10-20 21:09:21
SES09127,USR09127,Mobile,South,Social Media,Electronics,1,Browse,2025-10-25 17:26:41
SES09128,USR09128,Tablet,West,Organic,Sports,1,Browse,2025-10-27 23:12:41
SES09129,USR09129,Mobile,West,Social Media,Beauty,3,Checkout,2025-10-31 16:27:08
SES09130,USR09130,Desktop,South,Google Ads,Beauty,3,Checkout,2025-10-25 11:04:26
SES09131,USR09131,Desktop,East,Organic,Sports,2,Add to Cart,2025-10-26 17:13:54
SES09132,USR09132,Desktop,East,Google Ads,Home,2,Add to Cart,2025-10-31 04:06:28
SES09133,USR09133,Tablet,North,Organic,Electronics,1,Browse,2025-10-20 01:19:22
SES09134,USR09134,Desktop,West,Social Media,Fashion,1,Browse,2025-10-05 23:46:49
SES09135,USR09135,Mobile,South,Google Ads,Home,2,Add to Cart,2025-10-26 02:22:56
SES09136,USR09136,Mobile,East,Social Media,Sports,1,Browse,2025-10-04 19:37:16
SES09137,USR09137,Desktop,South,Organic,Home,3,Checkout,2025-10-20 13:17:59
SES09138,USR09138,Mobile,South,Google Ads,Fashion,2,Add to Cart,2025-10-26 13:48:42
SES09139,USR09139,Tablet,South,Google Ads,Beauty,2,Add to Cart,2025-10-09 18:32:25
SES09140,USR09140,Tablet,North,Email,Home,3,Checkout,2025-10-15 17:49:02
SES09141,USR09141,Mobile,West,Social Media,Electronics,2,Add to Cart,2025-10-14 20:03:07
SES09142,USR09142,Tablet,South,Google Ads,Sports,3,Checkout,2025-10-31 07:18:42
SES09143,USR09143,Tablet,East,Google Ads,Beauty,2,Add to Cart,2025-10-09 21:50:34
SES09144,USR09144,Desktop,North,Organic,Home,1,Browse,2025-10-25 22:08:30
SES09145,USR09145,Mobile,West,Email,Electronics,2,Add to Cart,2025-10-25 05:09:57
SES09146,USR09146,Desktop,North,Organic,Electronics,3,Checkout,2025-10-07 00:34:37
SES09147,USR09147,Mobile,North,Google Ads,Beauty,2,Add to Cart,2025-10-05 22:32:56
SES09148,USR09148,Tablet,East,Google Ads,Sports,1,Browse,2025-10-23 17:00:15
SES09149,USR09149,Mobile,South,Organic,Sports,3,Checkout,2025-10-26 10:05:42
SES09150,USR09150,Mobile,North,Email,Sports,2,Add to Cart,2025-10-27 21:33:23
SES09151,USR09151,Tablet,South,Google Ads,Electronics,1,Browse,2025-10-12 07:09:10
SES09152,USR09152,Desktop,West,Email,Beauty,1,Browse,2025-10-22 20:14:54
SES09153,USR09153,Tablet,North,Google Ads,Beauty,3,Checkout,2025-10-20 01:08:23
SES09154,USR09154,Mobile,East,Google Ads,Home,4,Purchase,2025-10-12 08:28:51
SES09155,USR09155,Desktop,West,Social Media,Electronics,2,Add to Cart,2025-10-24 15:40:00
SES09156,USR09156,Tablet,East,Email,Home,2,Add to Cart,2025-10-03 02:32:59
SES09157,USR09157,Tablet,West,Organic,Sports,4,Purchase,2025-10-28 07:02:46
SES09158,USR09158,Mobile,West,Social Media,Beauty,1,Browse,2025-10-11 23:22:37
SES09159,USR09159,Desktop,North,Social Media,Sports,4,Purchase,2025-10-27 12:01:50
SES09160,USR09160,Tablet,South,Organic,Beauty,2,Add to Cart,2025-10-28 12:59:08
SES09161,USR09161,Desktop,West,Google Ads,Electronics,4,Purchase,2025-10-24 10:10:45
SES09162,USR09162,Tablet,West,Social Media,Fashion,2,Add to Cart,2025-10-26 08:03:02
SES09163,USR09163,Tablet,West,Organic,Electronics,2,Add to Cart,2025-10-06 21:59:10
SES09164,USR09164,Tablet,West,Organic,Sports,3,Checkout,2025-10-31 04:29:25
SES09165,USR09165,Mobile,East,Email,Electronics,3,Checkout,2025-10-11 09:49:25
SES09166,USR09166,Desktop,West,Organic,Fashion,3,Checkout,2025-10-29 14:53:27
SES09167,USR09167,Desktop,West,Google Ads,Sports,1,Browse,2025-10-12 15:35:36
SES09168,USR09168,Mobile,North,Organic,Fashion,2,Add to Cart,2025-10-02 05:41:21
SES09169,USR09169,Desktop,West,Google Ads,Fashion,2,Add to Cart,2025-10-07 17:22:08
SES09170,USR09170,Tablet,West,Organic,Fashion,3,Checkout,2025-10-06 06:03:40
SES09171,USR09171,Desktop,South,Email,Fashion,2,Add to Cart,2025-10-14 07:22:12
SES09172,USR09172,Mobile,North,Google Ads,Home,2,Add to Cart,2025-10-31 16:10:27
SES09173,USR09173,Desktop,East,Email,Electronics,2,Add to Cart,2025-10-02 07:08:03
SES09174,USR09174,Desktop,North,Organic,Home,2,Add to Cart,2025-10-19 08:15:54
SES09175,USR09175,Tablet,East,Google Ads,Sports,1,Browse,2025-10-20 23:30:09
SES09176,USR09176,Mobile,North,Google Ads,Beauty,3,Checkout,2025-10-01 23:43:28
SES09177,USR09177,Mobile,North,Email,Home,4,Purchase,2025-10-07 06:58:45
SES09178,USR09178,Mobile,North,Google Ads,Fashion,3,Checkout,2025-10-04 18:17:10
SES09179,USR09179,Desktop,North,Google Ads,Electronics,2,Add to Cart,2025-10-26 16:27:04
SES09180,USR09180,Tablet,North,Google Ads,Fashion,1,Browse,2025-10-02 08:31:15
SES09181,USR09181,Tablet,North,Social Media,Fashion,1,Browse,2025-10-18 07:18:31
SES09182,USR09182,Desktop,North,Social Media,Beauty,2,Add to Cart,2025-10-23 15:08:33
SES09183,USR09183,Mobile,West,Social Media,Home,3,Checkout,2025-10-22 02:22:07
SES09184,USR09184,Mobile,South,Social Media,Electronics,2,Add to Cart,2025-10-08 08:00:49
SES09185,USR09185,Tablet,East,Google Ads,Sports,2,Add to Cart,2025-10-13 10:32:49
SES09186,USR09186,Desktop,East,Email,Home,2,Add to Cart,2025-10-25 02:19:49
SES09187,USR09187,Desktop,North,Organic,Electronics,2,Add to Cart,2025-10-26 02:56:43
SES09188,USR09188,Mobile,East,Google Ads,Beauty,1,Browse,2025-10-17 02:23:00
SES09189,USR09189,Tablet,South,Email,Sports,3,Checkout,2025-10-14 12:56:39
SES09190,USR09190,Mobile,South,Email,Home,4,Purchase,2025-10-18 01:15:47
SES09191,USR09191,Tablet,West,Email,Home,3,Checkout,2025-10-19 07:03:24
SES09192,USR09192,Mobile,East,Social Media,Beauty,2,Add to Cart,2025-10-23 14:55:40
SES09193,USR09193,Mobile,West,Email,Fashion,1,Browse,2025-10-31 04:59:43
SES09194,USR09194,Tablet,West,Social Media,Fashion,1,Browse,2025-10-05 01:39:23
SES09195,USR09195,Tablet,South,Organic,Electronics,1,Browse,2025-10-29 06:35:29
SES09196,USR09196,Desktop,North,Email,Beauty,3,Checkout,2025-10-24 07:07:30
SES09197,USR09197,Tablet,South,Social Media,Home,3,Checkout,2025-10-30 02:01:44
SES09198,USR09198,Tablet,East,Email,Sports,2,Add to Cart,2025-10-07 16:28:18
SES09199,USR09199,Tablet,West,Organic,Beauty,4,Purchase,2025-10-13 08:56:25
SES09200,USR09200,Mobile,North,Google Ads,Sports,3,Checkout,2025-10-05 15:06:32
SES09201,USR09201,Tablet,North,Google Ads,Fashion,2,Add to Cart,2025-10-26 06:18:53
SES09202,USR09202,Desktop,South,Organic,Fashion,2,Add to Cart,2025-10-23 09:46:41
SES09203,USR09203,Tablet,South,Social Media,Electronics,2,Add to Cart,2025-10-12 15:40:32
SES09204,USR09204,Mobile,North,Social Media,Sports,2,Add to Cart,2025-10-15 02:49:53
SES09205,USR09205,Desktop,West,Email,Home,2,Add to Cart,2025-10-13 17:25:33
SES09206,USR09206,Tablet,West,Email,Beauty,3,Checkout,2025-10-17 09:14:35
SES09207,USR09207,Desktop,East,Organic,Home,1,Browse,2025-10-18 03:07:19
SES09208,USR09208,Mobile,West,Social Media,Home,4,Purchase,2025-10-08 16:51:39
SES09209,USR09209,Mobile,North,Email,Home,3,Checkout,2025-10-06 22:06:11
SES09210,USR09210,Mobile,South,Organic,Fashion,1,Browse,2025-10-23 19:56:22
SES09211,USR09211,Mobile,North,Organic,Fashion,3,Checkout,2025-10-14 12:02:39
SES09212,USR09212,Mobile,East,Organic,Beauty,2,Add to Cart,2025-10-31 00:19:19
SES09213,USR09213,Tablet,West,Social Media,Electronics,3,Checkout,2025-10-21 02:37:24
SES09214,USR09214,Mobile,North,Email,Beauty,1,Browse,2025-10-25 15:10:24
SES09215,USR09215,Desktop,West,Email,Electronics,3,Checkout,2025-10-17 02:37:26
SES09216,USR09216,Desktop,West,Google Ads,Fashion,3,Checkout,2025-10-29 00:30:38
SES09217,USR09217,Mobile,South,Google Ads,Fashion,2,Add to Cart,2025-10-15 15:08:23
SES09218,USR09218,Tablet,West,Email,Beauty,2,Add to Cart,2025-10-06 02:16:53
SES09219,USR09219,Mobile,South,Organic,Home,2,Add to Cart,2025-10-26 21:51:04
SES09220,USR09220,Desktop,North,Email,Beauty,2,Add to Cart,2025-10-28 23:53:46
SES09221,USR09221,Desktop,North,Google Ads,Sports,1,Browse,2025-10-12 13:26:15
SES09222,USR09222,Tablet,South,Google Ads,Electronics,1,Browse,2025-10-07 02:36:42
SES09223,USR09223,Tablet,West,Organic,Sports,1,Browse,2025-10-22 19:18:49
SES09224,USR09224,Mobile,East,Email,Home,2,Add to Cart,2025-10-02 04:38:48
SES09225,USR09225,Mobile,East,Organic,Electronics,3,Checkout,2025-10-19 05:00:48
SES09226,USR09226,Tablet,South,Organic,Sports,3,Checkout,2025-10-11 00:38:13
SES09227,USR09227,Tablet,North,Organic,Fashion,1,Browse,2025-10-23 01:53:52
SES09228,USR09228,Tablet,West,Social Media,Fashion,3,Checkout,2025-10-25 14:08:36
SES09229,USR09229,Tablet,East,Google Ads,Home,3,Checkout,2025-10-06 12:36:35
SES09230,USR09230,Desktop,North,Social Media,Beauty,2,Add to Cart,2025-10-23 04:09:17
SES09231,USR09231,Desktop,East,Social Media,Sports,3,Checkout,2025-10-07 09:42:27
SES09232,USR09232,Mobile,West,Social Media,Home,3,Checkout,2025-10-23 07:02:11
SES09233,USR09233,Desktop,West,Email,Electronics,3,Checkout,2025-10-30 13:53:30
SES09234,USR09234,Tablet,East,Social Media,Electronics,3,Checkout,2025-10-05 22:02:19
SES09235,USR09235,Tablet,West,Google Ads,Sports,4,Purchase,2025-10-14 16:47:04
SES09236,USR09236,Tablet,West,Organic,Home,2,Add to Cart,2025-10-22 00:59:02
SES09237,USR09237,Tablet,West,Social Media,Beauty,1,Browse,2025-10-28 06:27:20
SES09238,USR09238,Mobile,East,Social Media,Sports,2,Add to Cart,2025-10-17 05:08:24
SES09239,USR09239,Mobile,North,Social Media,Beauty,3,Checkout,2025-10-11 01:19:07
SES09240,USR09240,Tablet,East,Organic,Electronics,2,Add to Cart,2025-10-31 11:35:45
SES09241,USR09241,Mobile,West,Google Ads,Sports,1,Browse,2025-10-12 01:20:54
SES09242,USR09242,Desktop,North,Social Media,Electronics,4,Purchase,2025-10-15 03:17:47
SES09243,USR09243,Tablet,West,Google Ads,Electronics,2,Add to Cart,2025-10-25 14:05:28
SES09244,USR09244,Desktop,North,Social Media,Sports,1,Browse,2025-10-26 10:03:23
SES09245,USR09245,Mobile,West,Email,Fashion,1,Browse,2025-10-10 01:24:37
SES09246,USR09246,Mobile,North,Email,Electronics,1,Browse,2025-10-29 23:14:13
SES09247,USR09247,Tablet,East,Social Media,Fashion,2,Add to Cart,2025-10-09 12:20:22
SES09248,USR09248,Tablet,East,Google Ads,Electronics,2,Add to Cart,2025-10-15 11:40:25
SES09249,USR09249,Mobile,North,Google Ads,Home,3,Checkout,2025-10-21 12:26:49
SES09250,USR09250,Mobile,East,Social Media,Electronics,2,Add to Cart,2025-10-28 05:58:52
SES09251,USR09251,Mobile,West,Email,Electronics,2,Add to Cart,2025-10-21 16:18:56
SES09252,USR09252,Mobile,North,Google Ads,Sports,2,Add to Cart,2025-10-16 14:48:19
SES09253,USR09253,Desktop,North,Social Media,Beauty,1,Browse,2025-10-04 09:23:41
SES09254,USR09254,Tablet,South,Organic,Electronics,2,Add to Cart,2025-10-03 21:20:57
SES09255,USR09255,Desktop,North,Social Media,Electronics,4,Purchase,2025-10-21 23:21:58
SES09256,USR09256,Mobile,South,Email,Fashion,4,Purchase,2025-10-25 17:52:13
SES09257,USR09257,Tablet,West,Email,Home,3,Checkout,2025-10-18 21:39:10
SES09258,USR09258,Mobile,North,Email,Sports,1,Browse,2025-10-07 20:36:37
SES09259,USR09259,Mobile,North,Organic,Fashion,1,Browse,2025-10-31 10:21:55
SES09260,USR09260,Tablet,North,Organic,Home,4,Purchase,2025-10-13 22:18:43
SES09261,USR09261,Mobile,South,Email,Fashion,1,Browse,2025-10-08 01:23:36
SES09262,USR09262,Mobile,South,Email,Home,3,Checkout,2025-10-27 17:55:16
SES09263,USR09263,Desktop,North,Organic,Beauty,3,Checkout,2025-10-12 09:58:39
SES09264,USR09264,Tablet,West,Social Media,Electronics,1,Browse,2025-10-12 06:23:14
SES09265,USR09265,Mobile,East,Email,Electronics,1,Browse,2025-10-23 04:45:22
SES09266,USR09266,Desktop,North,Google Ads,Electronics,3,Checkout,2025-10-05 00:10:37
SES09267,USR09267,Tablet,North,Email,Home,2,Add to Cart,2025-10-10 02:28:49
SES09268,USR09268,Desktop,South,Google Ads,Sports,1,Browse,2025-10-21 09:37:38
SES09269,USR09269,Mobile,South,Organic,Electronics,2,Add to Cart,2025-10-19 04:04:48
SES09270,USR09270,Tablet,North,Social Media,Electronics,2,Add to Cart,2025-10-30 04:06:39
SES09271,USR09271,Tablet,North,Email,Sports,1,Browse,2025-10-04 23:34:12
SES09272,USR09272,Desktop,North,Email,Sports,1,Browse,2025-10-09 15:28:14
SES09273,USR09273,Tablet,North,Email,Home,1,Browse,2025-10-14 06:13:46
SES09274,USR09274,Tablet,East,Email,Sports,2,Add to Cart,2025-10-06 22:03:32
SES09275,USR09275,Tablet,North,Email,Sports,2,Add to Cart,2025-10-22 07:06:15
SES09276,USR09276,Mobile,North,Social Media,Electronics,3,Checkout,2025-10-11 14:45:57
SES09277,USR09277,Tablet,South,Social Media,Fashion,4,Purchase,2025-10-03 10:27:33
SES09278,USR09278,Desktop,East,Social Media,Beauty,2,Add to Cart,2025-10-06 07:20:46
SES09279,USR09279,Tablet,South,Google Ads,Electronics,2,Add to Cart,2025-10-24 05:45:43
SES09280,USR09280,Desktop,South,Social Media,Fashion,2,Add to Cart,2025-10-19 09:23:27
SES09281,USR09281,Tablet,East,Google Ads,Beauty,3,Checkout,2025-10-16 17:06:34
SES09282,USR09282,Desktop,East,Email,Sports,1,Browse,2025-10-27 12:53:48
SES09283,USR09283,Desktop,South,Organic,Home,4,Purchase,2025-10-10 22:09:01
SES09284,USR09284,Tablet,North,Social Media,Electronics,1,Browse,2025-10-20 17:39:56
SES09285,USR09285,Tablet,South,Organic,Electronics,3,Checkout,2025-10-27 17:54:29
SES09286,USR09286,Tablet,South,Email,Beauty,1,Browse,2025-10-13 01:28:22
SES09287,USR09287,Tablet,South,Social Media,Sports,3,Checkout,2025-10-24 16:33:47
SES09288,USR09288,Tablet,West,Organic,Home,3,Checkout,2025-10-08 01:47:17
SES09289,USR09289,Tablet,West,Organic,Beauty,3,Checkout,2025-10-20 18:39:42
SES09290,USR09290,Desktop,West,Organic,Beauty,2,Add to Cart,2025-10-31 12:37:02
SES09291,USR09291,Mobile,East,Organic,Fashion,2,Add to Cart,2025-10-08 02:28:48
SES09292,USR09292,Desktop,South,Organic,Fashion,3,Checkout,2025-10-16 06:37:09
SES09293,USR09293,Desktop,South,Social Media,Home,1,Browse,2025-10-13 13:47:23
SES09294,USR09294,Desktop,South,Google Ads,Sports,2,Add to Cart,2025-10-27 06:21:43
SES09295,USR09295,Tablet,East,Google Ads,Beauty,1,Browse,2025-10-02 07:45:45
SES09296,USR09296,Tablet,East,Google Ads,Sports,1,Browse,2025-10-14 08:10:27
SES09297,USR09297,Desktop,East,Email,Home,1,Browse,2025-10-27 08:01:08
SES09298,USR09298,Desktop,South,Email,Electronics,4,Purchase,2025-10-10 19:35:34
SES09299,USR09299,Tablet,West,Email,Beauty,1,Browse,2025-10-24 17:30:14
SES09300,USR09300,Desktop,North,Organic,Fashion,1,Browse,2025-10-19 12:45:20
SES09301,USR09301,Tablet,West,Google Ads,Beauty,2,Add to Cart,2025-10-09 13:28:40
SES09302,USR09302,Desktop,West,Email,Home,4,Purchase,2025-10-20 14:00:48
SES09303,USR09303,Tablet,West,Google Ads,Sports,2,Add to Cart,2025-10-13 16:05:04
SES09304,USR09304,Mobile,West,Google Ads,Beauty,3,Checkout,2025-10-25 06:32:58
SES09305,USR09305,Tablet,North,Organic,Sports,1,Browse,2025-10-17 18:09:56
SES09306,USR09306,Mobile,North,Organic,Fashion,1,Browse,2025-10-23 22:44:59
SES09307,USR09307,Desktop,South,Email,Electronics,4,Purchase,2025-10-10 05:12:30
SES09308,USR09308,Desktop,West,Organic,Fashion,3,Checkout,2025-10-27 13:47:58
SES09309,USR09309,Tablet,North,Organic,Sports,3,Checkout,2025-10-09 13:38:49
SES09310,USR09310,Tablet,South,Google Ads,Beauty,2,Add to Cart,2025-10-29 06:51:28
SES09311,USR09311,Tablet,East,Google Ads,Fashion,3,Checkout,2025-10-13 07:17:43
SES09312,USR09312,Mobile,North,Email,Fashion,2,Add to Cart,2025-10-26 13:22:37
SES09313,USR09313,Desktop,East,Organic,Sports,1,Browse,2025-10-07 04:53:32
SES09314,USR09314,Mobile,North,Email,Electronics,4,Purchase,2025-10-27 02:53:16
SES09315,USR09315,Tablet,West,Social Media,Sports,1,Browse,2025-10-07 00:30:21
SES09316,USR09316,Tablet,South,Organic,Fashion,1,Browse,2025-10-12 13:50:30
SES09317,USR09317,Desktop,North,Google Ads,Home,1,Browse,2025-10-28 14:32:26
SES09318,USR09318,Mobile,East,Social Media,Electronics,1,Browse,2025-10-06 10:11:26
SES09319,USR09319,Mobile,North,Social Media,Beauty,3,Checkout,2025-10-13 12:01:33
SES09320,USR09320,Mobile,East,Social Media,Sports,2,Add to Cart,2025-10-28 05:16:19
SES09321,USR09321,Tablet,East,Organic,Home,3,Checkout,2025-10-26 01:17:08
SES09322,USR09322,Tablet,North,Social Media,Beauty,2,Add to Cart,2025-10-11 05:47:14
SES09323,USR09323,Mobile,East,Email,Home,3,Checkout,2025-10-19 22:41:07
SES09324,USR09324,Tablet,East,Google Ads,Fashion,4,Purchase,2025-10-08 01:08:59
SES09325,USR09325,Desktop,East,Social Media,Beauty,2,Add to Cart,2025-10-11 02:08:41
SES09326,USR09326,Desktop,South,Organic,Fashion,3,Checkout,2025-10-13 06:02:28
SES09327,USR09327,Desktop,West,Google Ads,Fashion,3,Checkout,2025-10-12 12:44:41
SES09328,USR09328,Mobile,South,Email,Fashion,1,Browse,2025-10-31 03:03:21
SES09329,USR09329,Desktop,West,Social Media,Fashion,3,Checkout,2025-10-15 08:26:12
SES09330,USR09330,Tablet,East,Social Media,Beauty,3,Checkout,2025-10-15 16:00:02
SES09331,USR09331,Tablet,North,Organic,Electronics,1,Browse,2025-10-03 05:49:39
SES09332,USR09332,Mobile,West,Organic,Beauty,1,Browse,2025-10-28 00:05:34
SES09333,USR09333,Desktop,West,Google Ads,Home,1,Browse,2025-10-25 12:52:38
SES09334,USR09334,Tablet,South,Social Media,Beauty,2,Add to Cart,2025-10-06 17:42:56
SES09335,USR09335,Mobile,North,Email,Fashion,1,Browse,2025-10-08 00:24:27
SES09336,USR09336,Mobile,East,Organic,Home,2,Add to Cart,2025-10-31 04:07:10
SES09337,USR09337,Tablet,East,Organic,Electronics,1,Browse,2025-10-11 21:18:06
SES09338,USR09338,Tablet,North,Social Media,Beauty,2,Add to Cart,2025-10-13 16:45:41
SES09339,USR09339,Tablet,West,Google Ads,Home,1,Browse,2025-10-04 21:54:22
SES09340,USR09340,Tablet,West,Google Ads,Beauty,2,Add to Cart,2025-10-14 23:50:40
SES09341,USR09341,Desktop,East,Social Media,Sports,2,Add to Cart,2025-10-05 03:46:21
SES09342,USR09342,Desktop,East,Organic,Electronics,1,Browse,2025-10-12 09:46:12
SES09343,USR09343,Mobile,West,Google Ads,Home,1,Browse,2025-10-30 18:28:34
SES09344,USR09344,Mobile,West,Google Ads,Home,3,Checkout,2025-10-04 03:19:34
SES09345,USR09345,Tablet,North,Google Ads,Home,2,Add to Cart,2025-10-31 16:38:51
SES09346,USR09346,Tablet,East,Google Ads,Sports,2,Add to Cart,2025-10-08 00:57:13
SES09347,USR09347,Tablet,East,Google Ads,Beauty,2,Add to Cart,2025-10-12 01:28:51
SES09348,USR09348,Mobile,North,Google Ads,Electronics,1,Browse,2025-10-11 14:05:53
SES09349,USR09349,Mobile,North,Email,Fashion,3,Checkout,2025-10-16 06:53:18
SES09350,USR09350,Desktop,South,Email,Sports,1,Browse,2025-10-13 05:24:59
SES09351,USR09351,Tablet,South,Organic,Sports,2,Add to Cart,2025-10-27 20:23:34
SES09352,USR09352,Mobile,West,Organic,Sports,4,Purchase,2025-10-27 16:21:10
SES09353,USR09353,Desktop,South,Social Media,Electronics,4,Purchase,2025-10-11 15:54:08
SES09354,USR09354,Mobile,West,Social Media,Sports,4,Purchase,2025-10-24 09:26:36
SES09355,USR09355,Mobile,East,Google Ads,Fashion,3,Checkout,2025-10-03 08:49:40
SES09356,USR09356,Tablet,South,Social Media,Sports,3,Checkout,2025-10-23 22:02:26
SES09357,USR09357,Tablet,South,Email,Beauty,4,Purchase,2025-10-07 18:03:56
SES09358,USR09358,Desktop,South,Email,Electronics,1,Browse,2025-10-06 14:46:54
SES09359,USR09359,Mobile,South,Google Ads,Home,1,Browse,2025-10-08 13:13:46
SES09360,USR09360,Desktop,East,Google Ads,Fashion,3,Checkout,2025-10-20 16:28:17
SES09361,USR09361,Mobile,East,Social Media,Beauty,2,Add to Cart,2025-10-08 08:10:35
SES09362,USR09362,Mobile,South,Google Ads,Beauty,1,Browse,2025-10-23 18:04:50
SES09363,USR09363,Desktop,East,Social Media,Sports,1,Browse,2025-10-17 11:51:15
SES09364,USR09364,Desktop,East,Organic,Beauty,1,Browse,2025-10-26 23:22:01
SES09365,USR09365,Desktop,North,Google Ads,Home,2,Add to Cart,2025-10-25 06:58:13
SES09366,USR09366,Tablet,South,Google Ads,Electronics,2,Add to Cart,2025-10-24 20:32:32
SES09367,USR09367,Mobile,East,Email,Beauty,2,Add to Cart,2025-10-11 01:29:34
SES09368,USR09368,Tablet,South,Email,Electronics,1,Browse,2025-10-30 18:51:24
SES09369,USR09369,Mobile,East,Email,Beauty,1,Browse,2025-10-29 07:32:09
SES09370,USR09370,Tablet,East,Email,Fashion,1,Browse,2025-10-24 08:54:29
SES09371,USR09371,Mobile,East,Google Ads,Beauty,2,Add to Cart,2025-10-15 15:14:23
SES09372,USR09372,Tablet,East,Email,Beauty,3,Checkout,2025-10-03 02:53:20
SES09373,USR09373,Tablet,East,Social Media,Fashion,1,Browse,2025-10-02 00:42:27
SES09374,USR09374,Tablet,North,Organic,Beauty,4,Purchase,2025-10-21 09:33:44
SES09375,USR09375,Tablet,South,Email,Home,1,Browse,2025-10-30 02:13:59
SES09376,USR09376,Desktop,North,Organic,Home,1,Browse,2025-10-03 07:40:44
SES09377,USR09377,Mobile,South,Organic,Electronics,4,Purchase,2025-10-27 19:53:12
SES09378,USR09378,Tablet,East,Social Media,Fashion,1,Browse,2025-10-30 04:08:30
SES09379,USR09379,Tablet,East,Google Ads,Electronics,2,Add to Cart,2025-10-30 19:27:56
SES09380,USR09380,Tablet,South,Organic,Fashion,4,Purchase,2025-10-28 03:32:54
SES09381,USR09381,Desktop,East,Social Media,Fashion,2,Add to Cart,2025-10-20 07:53:05
SES09382,USR09382,Desktop,East,Google Ads,Beauty,1,Browse,2025-10-06 02:35:50
SES09383,USR09383,Tablet,South,Social Media,Fashion,3,Checkout,2025-10-05 11:08:30
SES09384,USR09384,Tablet,West,Email,Home,2,Add to Cart,2025-10-17 19:56:54
SES09385,USR09385,Mobile,West,Google Ads,Beauty,1,Browse,2025-10-29 01:35:15
SES09386,USR09386,Desktop,South,Email,Electronics,4,Purchase,2025-10-29 22:32:50
SES09387,USR09387,Mobile,East,Google Ads,Electronics,1,Browse,2025-10-07 01:12:24
SES09388,USR09388,Desktop,South,Email,Sports,2,Add to Cart,2025-10-18 21:20:14
SES09389,USR09389,Mobile,West,Google Ads,Sports,2,Add to Cart,2025-10-16 16:03:36
SES09390,USR09390,Desktop,East,Social Media,Electronics,3,Checkout,2025-10-29 03:27:40
SES09391,USR09391,Mobile,South,Google Ads,Home,1,Browse,2025-10-06 11:54:39
SES09392,USR09392,Mobile,North,Organic,Beauty,3,Checkout,2025-10-12 11:57:02
SES09393,USR09393,Tablet,East,Google Ads,Sports,2,Add to Cart,2025-10-28 03:21:31
SES09394,USR09394,Mobile,West,Organic,Home,2,Add to Cart,2025-10-25 09:16:00
SES09395,USR09395,Tablet,East,Social Media,Home,2,Add to Cart,2025-10-06 05:54:33
SES09396,USR09396,Desktop,West,Organic,Fashion,3,Checkout,2025-10-25 17:07:25
SES09397,USR09397,Desktop,South,Social Media,Sports,2,Add to Cart,2025-10-02 11:41:43
SES09398,USR09398,Desktop,East,Organic,Home,1,Browse,2025-10-24 23:00:24
SES09399,USR09399,Desktop,North,Organic,Fashion,2,Add to Cart,2025-10-12 04:02:39
SES09400,USR09400,Desktop,East,Organic,Beauty,1,Browse,2025-10-09 05:44:06
SES09401,USR09401,Mobile,East,Google Ads,Sports,1,Browse,2025-10-18 01:10:18
SES09402,USR09402,Mobile,East,Organic,Fashion,2,Add to Cart,2025-10-02 18:30:36
SES09403,USR09403,Tablet,East,Social Media,Beauty,1,Browse,2025-10-05 11:12:48
SES09404,USR09404,Desktop,North,Social Media,Beauty,3,Checkout,2025-10-19 10:38:12
SES09405,USR09405,Mobile,North,Social Media,Electronics,1,Browse,2025-10-10 16:10:14
SES09406,USR09406,Mobile,East,Google Ads,Fashion,2,Add to Cart,2025-10-23 01:23:14
SES09407,USR09407,Tablet,South,Google Ads,Sports,1,Browse,2025-10-10 07:40:00
SES09408,USR09408,Mobile,East,Organic,Beauty,4,Purchase,2025-10-14 05:04:51
SES09409,USR09409,Desktop,South,Email,Electronics,3,Checkout,2025-10-31 05:59:57
SES09410,USR09410,Desktop,East,Organic,Electronics,1,Browse,2025-10-23 06:15:07
SES09411,USR09411,Tablet,North,Google Ads,Home,3,Checkout,2025-10-08 04:59:08
SES09412,USR09412,Tablet,North,Google Ads,Electronics,3,Checkout,2025-10-03 05:36:01
SES09413,USR09413,Desktop,West,Social Media,Beauty,2,Add to Cart,2025-10-09 04:09:39
SES09414,USR09414,Mobile,East,Social Media,Electronics,1,Browse,2025-10-29 20:02:18
SES09415,USR09415,Desktop,West,Email,Electronics,1,Browse,2025-10-19 10:51:53
SES09416,USR09416,Mobile,West,Organic,Fashion,1,Browse,2025-10-25 20:28:37
SES09417,USR09417,Desktop,South,Email,Beauty,3,Checkout,2025-10-17 05:40:04
SES09418,USR09418,Tablet,West,Social Media,Fashion,2,Add to Cart,2025-10-11 16:12:15
SES09419,USR09419,Tablet,East,Organic,Beauty,2,Add to Cart,2025-10-12 12:26:49
SES09420,USR09420,Desktop,East,Google Ads,Fashion,2,Add to Cart,2025-10-03 01:30:10
SES09421,USR09421,Tablet,East,Organic,Sports,2,Add to Cart,2025-10-12 04:26:55
SES09422,USR09422,Tablet,West,Social Media,Sports,2,Add to Cart,2025-10-26 19:27:05
SES09423,USR09423,Mobile,East,Organic,Fashion,2,Add to Cart,2025-10-10 19:17:02
SES09424,USR09424,Desktop,West,Social Media,Home,2,Add to Cart,2025-10-11 20:56:45
SES09425,USR09425,Mobile,North,Social Media,Fashion,4,Purchase,2025-10-27 21:15:24
SES09426,USR09426,Desktop,North,Email,Sports,1,Browse,2025-10-07 07:57:03
SES09427,USR09427,Desktop,East,Organic,Fashion,3,Checkout,2025-10-20 00:44:09
SES09428,USR09428,Tablet,North,Google Ads,Home,1,Browse,2025-10-17 06:27:01
SES09429,USR09429,Mobile,North,Google Ads,Electronics,2,Add to Cart,2025-10-05 17:06:01
SES09430,USR09430,Mobile,North,Organic,Sports,3,Checkout,2025-10-28 22:48:50
SES09431,USR09431,Desktop,South,Organic,Home,3,Checkout,2025-10-04 11:34:11
SES09432,USR09432,Desktop,East,Google Ads,Beauty,3,Checkout,2025-10-05 07:49:21
SES09433,USR09433,Mobile,West,Email,Sports,1,Browse,2025-10-13 16:00:21
SES09434,USR09434,Tablet,West,Google Ads,Electronics,3,Checkout,2025-10-24 18:19:18
SES09435,USR09435,Tablet,South,Organic,Electronics,1,Browse,2025-10-06 15:51:29
SES09436,USR09436,Mobile,South,Email,Home,3,Checkout,2025-10-26 01:08:32
SES09437,USR09437,Tablet,North,Email,Sports,2,Add to Cart,2025-10-12 15:25:26
SES09438,USR09438,Mobile,North,Email,Sports,2,Add to Cart,2025-10-13 21:53:38
SES09439,USR09439,Mobile,North,Social Media,Beauty,2,Add to Cart,2025-10-28 13:23:33
SES09440,USR09440,Tablet,South,Google Ads,Fashion,1,Browse,2025-10-18 11:08:35
SES09441,USR09441,Tablet,East,Google Ads,Fashion,1,Browse,2025-10-03 17:48:05
SES09442,USR09442,Mobile,South,Google Ads,Electronics,1,Browse,2025-10-24 21:30:50
SES09443,USR09443,Mobile,South,Email,Electronics,3,Checkout,2025-10-29 02:05:41
SES09444,USR09444,Desktop,North,Organic,Fashion,2,Add to Cart,2025-10-27 00:55:29
SES09445,USR09445,Mobile,West,Google Ads,Sports,1,Browse,2025-10-15 06:38:45
SES09446,USR09446,Desktop,South,Email,Beauty,3,Checkout,2025-10-12 19:22:05
SES09447,USR09447,Desktop,South,Organic,Electronics,4,Purchase,2025-10-15 13:03:40
SES09448,USR09448,Tablet,North,Google Ads,Home,1,Browse,2025-10-21 00:04:49
SES09449,USR09449,Desktop,North,Email,Fashion,1,Browse,2025-10-21 10:38:22
SES09450,USR09450,Desktop,North,Email,Home,3,Checkout,2025-10-19 21:55:23
SES09451,USR09451,Tablet,North,Google Ads,Sports,4,Purchase,2025-10-26 03:22:44
SES09452,USR09452,Tablet,North,Google Ads,Sports,2,Add to Cart,2025-10-15 21:48:13
SES09453,USR09453,Mobile,West,Email,Sports,2,Add to Cart,2025-10-23 16:40:53
SES09454,USR09454,Desktop,East,Organic,Fashion,2,Add to Cart,2025-10-02 09:01:14
SES09455,USR09455,Mobile,South,Google Ads,Electronics,1,Browse,2025-10-28 10:35:05
SES09456,USR09456,Mobile,West,Organic,Electronics,2,Add to Cart,2025-10-07 11:46:45
SES09457,USR09457,Mobile,East,Social Media,Home,1,Browse,2025-10-14 01:38:05
SES09458,USR09458,Mobile,East,Social Media,Electronics,2,Add to Cart,2025-10-06 14:04:16
SES09459,USR09459,Mobile,East,Organic,Electronics,2,Add to Cart,2025-10-11 10:34:27
SES09460,USR09460,Tablet,East,Email,Home,3,Checkout,2025-10-09 06:37:13
SES09461,USR09461,Mobile,South,Social Media,Beauty,3,Checkout,2025-10-08 12:03:39
SES09462,USR09462,Tablet,North,Organic,Sports,2,Add to Cart,2025-10-22 23:05:32
SES09463,USR09463,Desktop,South,Google Ads,Sports,2,Add to Cart,2025-10-02 05:40:53
SES09464,USR09464,Mobile,East,Google Ads,Home,3,Checkout,2025-10-10 20:06:43
SES09465,USR09465,Tablet,North,Social Media,Beauty,1,Browse,2025-10-02 15:18:32
SES09466,USR09466,Tablet,East,Social Media,Sports,3,Checkout,2025-10-18 00:50:17
SES09467,USR09467,Mobile,North,Email,Electronics,1,Browse,2025-10-09 05:20:21
SES09468,USR09468,Desktop,South,Social Media,Beauty,2,Add to Cart,2025-10-20 14:48:33
SES09469,USR09469,Desktop,South,Email,Fashion,2,Add to Cart,2025-10-17 16:38:06
SES09470,USR09470,Mobile,East,Email,Electronics,1,Browse,2025-10-30 00:57:40
SES09471,USR09471,Mobile,East,Google Ads,Fashion,2,Add to Cart,2025-10-27 04:49:36
SES09472,USR09472,Desktop,North,Email,Electronics,3,Checkout,2025-10-24 11:03:33
SES09473,USR09473,Mobile,North,Google Ads,Electronics,4,Purchase,2025-10-12 22:47:07
SES09474,USR09474,Tablet,West,Social Media,Fashion,3,Checkout,2025-10-19 20:47:51
SES09475,USR09475,Desktop,South,Social Media,Sports,1,Browse,2025-10-06 21:54:24
SES09476,USR09476,Tablet,West,Social Media,Beauty,2,Add to Cart,2025-10-11 11:06:25
SES09477,USR09477,Mobile,South,Social Media,Electronics,3,Checkout,2025-10-13 09:01:36
SES09478,USR09478,Tablet,West,Organic,Sports,3,Checkout,2025-10-06 05:13:10
SES09479,USR09479,Tablet,South,Social Media,Beauty,3,Checkout,2025-10-30 08:22:52
SES09480,USR09480,Mobile,South,Email,Home,3,Checkout,2025-10-18 15:44:09
SES09481,USR09481,Mobile,East,Social Media,Electronics,2,Add to Cart,2025-10-15 16:19:10
SES09482,USR09482,Tablet,South,Google Ads,Sports,3,Checkout,2025-10-17 13:35:07
SES09483,USR09483,Desktop,North,Organic,Electronics,2,Add to Cart,2025-10-22 04:45:25
SES09484,USR09484,Desktop,East,Social Media,Electronics,3,Checkout,2025-10-14 00:29:04
SES09485,USR09485,Mobile,North,Google Ads,Electronics,1,Browse,2025-10-14 23:50:05
SES09486,USR09486,Tablet,East,Email,Electronics,2,Add to Cart,2025-10-21 08:00:13
SES09487,USR09487,Mobile,South,Social Media,Sports,3,Checkout,2025-10-03 06:05:33
SES09488,USR09488,Mobile,East,Organic,Sports,4,Purchase,2025-10-26 13:50:56
SES09489,USR09489,Mobile,East,Google Ads,Fashion,2,Add to Cart,2025-10-19 18:21:14
SES09490,USR09490,Desktop,East,Email,Beauty,3,Checkout,2025-10-31 13:34:12
SES09491,USR09491,Tablet,South,Email,Electronics,2,Add to Cart,2025-10-05 14:48:31
SES09492,USR09492,Desktop,North,Email,Electronics,3,Checkout,2025-10-30 07:21:01
SES09493,USR09493,Tablet,East,Google Ads,Electronics,2,Add to Cart,2025-10-07 15:38:58
SES09494,USR09494,Desktop,North,Email,Beauty,2,Add to Cart,2025-10-10 00:17:43
SES09495,USR09495,Mobile,East,Email,Beauty,1,Browse,2025-10-23 11:31:17
SES09496,USR09496,Mobile,South,Social Media,Fashion,2,Add to Cart,2025-10-13 17:06:45
SES09497,USR09497,Desktop,West,Email,Home,3,Checkout,2025-10-13 13:04:58
SES09498,USR09498,Tablet,East,Social Media,Beauty,1,Browse,2025-10-18 19:54:40
SES09499,USR09499,Mobile,North,Google Ads,Electronics,2,Add to Cart,2025-10-22 19:45:09
SES09500,USR09500,Tablet,North,Email,Beauty,1,Browse,2025-10-13 21:43:53
SES09501,USR09501,Mobile,North,Social Media,Home,3,Checkout,2025-10-30 13:59:27
SES09502,USR09502,Tablet,South,Social Media,Beauty,2,Add to Cart,2025-10-11 16:57:13
SES09503,USR09503,Mobile,South,Social Media,Beauty,2,Add to Cart,2025-10-30 01:04:12
SES09504,USR09504,Desktop,South,Email,Sports,1,Browse,2025-10-27 12:57:42
SES09505,USR09505,Desktop,South,Social Media,Electronics,1,Browse,2025-10-09 11:26:54
SES09506,USR09506,Desktop,South,Email,Home,4,Purchase,2025-10-27 12:02:38
SES09507,USR09507,Desktop,North,Organic,Electronics,2,Add to Cart,2025-10-19 03:07:43
SES09508,USR09508,Mobile,West,Google Ads,Electronics,2,Add to Cart,2025-10-15 01:18:56
SES09509,USR09509,Tablet,West,Email,Sports,2,Add to Cart,2025-10-21 16:05:42
SES09510,USR09510,Mobile,East,Email,Beauty,1,Browse,2025-10-21 09:30:20
SES09511,USR09511,Tablet,South,Social Media,Beauty,2,Add to Cart,2025-10-24 07:03:04
SES09512,USR09512,Mobile,West,Google Ads,Beauty,1,Browse,2025-10-24 13:08:09
SES09513,USR09513,Mobile,East,Email,Sports,3,Checkout,2025-10-26 21:04:24
SES09514,USR09514,Desktop,West,Google Ads,Electronics,1,Browse,2025-10-24 04:50:39
SES09515,USR09515,Mobile,West,Organic,Home,2,Add to Cart,2025-10-30 04:58:29
SES09516,USR09516,Desktop,West,Social Media,Electronics,3,Checkout,2025-10-14 17:14:28
SES09517,USR09517,Mobile,North,Email,Electronics,1,Browse,2025-10-22 14:23:52
SES09518,USR09518,Tablet,North,Google Ads,Fashion,1,Browse,2025-10-11 21:25:19
SES09519,USR09519,Mobile,South,Organic,Fashion,4,Purchase,2025-10-31 13:45:35
SES09520,USR09520,Mobile,West,Google Ads,Beauty,3,Checkout,2025-10-02 16:45:46
SES09521,USR09521,Mobile,North,Google Ads,Home,1,Browse,2025-10-30 06:36:11
SES09522,USR09522,Tablet,West,Organic,Sports,4,Purchase,2025-10-25 10:33:27
SES09523,USR09523,Mobile,North,Email,Beauty,1,Browse,2025-10-25 16:27:31
SES09524,USR09524,Mobile,South,Organic,Home,3,Checkout,2025-10-24 16:24:27
SES09525,USR09525,Desktop,North,Google Ads,Beauty,4,Purchase,2025-10-11 02:13:03
SES09526,USR09526,Tablet,South,Google Ads,Beauty,1,Browse,2025-10-14 15:32:56
SES09527,USR09527,Mobile,North,Social Media,Fashion,1,Browse,2025-10-26 20:22:33
SES09528,USR09528,Mobile,East,Google Ads,Fashion,3,Checkout,2025-10-18 03:12:20
SES09529,USR09529,Desktop,East,Email,Beauty,4,Purchase,2025-10-23 12:10:49
SES09530,USR09530,Desktop,East,Email,Electronics,1,Browse,2025-10-10 05:54:38
SES09531,USR09531,Desktop,South,Organic,Fashion,2,Add to Cart,2025-10-25 11:08:59
SES09532,USR09532,Tablet,North,Google Ads,Home,3,Checkout,2025-10-16 19:04:40
SES09533,USR09533,Desktop,West,Google Ads,Fashion,1,Browse,2025-10-04 09:17:26
SES09534,USR09534,Mobile,East,Google Ads,Electronics,2,Add to Cart,2025-10-23 19:28:00
SES09535,USR09535,Tablet,West,Organic,Beauty,3,Checkout,2025-10-13 22:39:43
SES09536,USR09536,Mobile,South,Social Media,Home,1,Browse,2025-10-04 17:56:26
SES09537,USR09537,Mobile,East,Organic,Beauty,1,Browse,2025-10-24 21:26:49
SES09538,USR09538,Mobile,North,Social Media,Electronics,3,Checkout,2025-10-23 11:44:27
SES09539,USR09539,Desktop,North,Email,Sports,2,Add to Cart,2025-10-23 04:15:02
SES09540,USR09540,Desktop,North,Google Ads,Home,2,Add to Cart,2025-10-06 15:56:58
SES09541,USR09541,Tablet,West,Email,Beauty,2,Add to Cart,2025-10-04 09:44:05
SES09542,USR09542,Tablet,East,Organic,Sports,3,Checkout,2025-10-25 07:32:26
SES09543,USR09543,Mobile,South,Email,Home,1,Browse,2025-10-19 08:40:31
SES09544,USR09544,Mobile,South,Social Media,Fashion,1,Browse,2025-10-23 12:19:28
SES09545,USR09545,Desktop,North,Email,Sports,1,Browse,2025-10-09 21:12:45
SES09546,USR09546,Mobile,South,Organic,Sports,2,Add to Cart,2025-10-19 02:20:46
SES09547,USR09547,Tablet,South,Social Media,Home,3,Checkout,2025-10-21 12:09:24
SES09548,USR09548,Desktop,West,Social Media,Beauty,1,Browse,2025-10-18 08:20:56
SES09549,USR09549,Tablet,North,Google Ads,Electronics,2,Add to Cart,2025-10-05 23:54:59
SES09550,USR09550,Tablet,North,Google Ads,Sports,1,Browse,2025-10-25 02:14:45
SES09551,USR09551,Desktop,West,Google Ads,Sports,1,Browse,2025-10-18 19:11:03
SES09552,USR09552,Mobile,North,Organic,Fashion,1,Browse,2025-10-28 18:10:33
SES09553,USR09553,Desktop,East,Social Media,Electronics,4,Purchase,2025-10-21 08:51:21
SES09554,USR09554,Tablet,West,Google Ads,Fashion,4,Purchase,2025-10-03 04:52:01
SES09555,USR09555,Tablet,West,Email,Electronics,4,Purchase,2025-10-15 06:34:43
SES09556,USR09556,Desktop,South,Email,Fashion,1,Browse,2025-10-06 11:27:14
SES09557,USR09557,Mobile,East,Social Media,Beauty,1,Browse,2025-10-09 18:45:25
SES09558,USR09558,Mobile,East,Email,Sports,2,Add to Cart,2025-10-22 10:58:49
SES09559,USR09559,Tablet,East,Google Ads,Sports,1,Browse,2025-10-08 11:58:31
SES09560,USR09560,Tablet,South,Social Media,Home,4,Purchase,2025-10-22 02:54:22
SES09561,USR09561,Tablet,South,Social Media,Fashion,3,Checkout,2025-10-28 09:50:40
SES09562,USR09562,Desktop,North,Organic,Home,3,Checkout,2025-10-20 10:44:47
SES09563,USR09563,Mobile,West,Organic,Beauty,2,Add to Cart,2025-10-10 10:55:37
SES09564,USR09564,Desktop,West,Email,Sports,2,Add to Cart,2025-10-08 10:35:29
SES09565,USR09565,Tablet,North,Google Ads,Fashion,2,Add to Cart,2025-10-27 12:08:20
SES09566,USR09566,Tablet,East,Google Ads,Fashion,3,Checkout,2025-10-28 14:27:08
SES09567,USR09567,Tablet,North,Email,Beauty,3,Checkout,2025-10-30 05:38:47
SES09568,USR09568,Tablet,South,Google Ads,Home,3,Checkout,2025-10-29 03:32:44
SES09569,USR09569,Desktop,West,Social Media,Electronics,2,Add to Cart,2025-10-28 12:49:27
SES09570,USR09570,Mobile,East,Organic,Home,3,Checkout,2025-10-02 23:14:44
SES09571,USR09571,Desktop,West,Google Ads,Fashion,1,Browse,2025-10-10 15:56:43
SES09572,USR09572,Tablet,East,Google Ads,Sports,1,Browse,2025-10-20 21:30:42
SES09573,USR09573,Mobile,South,Social Media,Fashion,1,Browse,2025-10-12 11:54:38
SES09574,USR09574,Mobile,East,Email,Electronics,2,Add to Cart,2025-10-09 03:52:22
SES09575,USR09575,Tablet,South,Google Ads,Beauty,2,Add to Cart,2025-10-20 18:22:12
SES09576,USR09576,Mobile,North,Email,Electronics,2,Add to Cart,2025-10-04 17:27:09
SES09577,USR09577,Tablet,South,Social Media,Sports,3,Checkout,2025-10-17 09:50:11
SES09578,USR09578,Tablet,East,Social Media,Home,4,Purchase,2025-10-27 23:44:04
SES09579,USR09579,Mobile,East,Email,Sports,2,Add to Cart,2025-10-13 05:31:07
SES09580,USR09580,Tablet,East,Social Media,Beauty,2,Add to Cart,2025-10-10 08:12:40
SES09581,USR09581,Desktop,South,Google Ads,Home,2,Add to Cart,2025-10-24 04:56:56
SES09582,USR09582,Tablet,West,Social Media,Fashion,2,Add to Cart,2025-10-27 01:30:43
SES09583,USR09583,Mobile,South,Social Media,Electronics,3,Checkout,2025-10-11 04:52:01
SES09584,USR09584,Desktop,East,Social Media,Sports,2,Add to Cart,2025-10-12 09:36:57
SES09585,USR09585,Mobile,South,Email,Electronics,3,Checkout,2025-10-18 18:28:51
SES09586,USR09586,Tablet,West,Social Media,Beauty,2,Add to Cart,2025-10-28 15:50:34
SES09587,USR09587,Desktop,West,Email,Sports,2,Add to Cart,2025-10-28 14:03:11
SES09588,USR09588,Mobile,South,Social Media,Beauty,4,Purchase,2025-10-26 20:35:10
SES09589,USR09589,Desktop,West,Email,Beauty,2,Add to Cart,2025-10-21 17:20:03
SES09590,USR09590,Tablet,West,Email,Home,3,Checkout,2025-10-09 16:36:44
SES09591,USR09591,Tablet,North,Social Media,Fashion,1,Browse,2025-10-29 23:37:15
SES09592,USR09592,Desktop,South,Google Ads,Beauty,1,Browse,2025-10-08 22:15:56
SES09593,USR09593,Desktop,West,Organic,Fashion,1,Browse,2025-10-10 07:23:28
SES09594,USR09594,Mobile,East,Email,Fashion,3,Checkout,2025-10-14 15:02:37
SES09595,USR09595,Desktop,North,Organic,Electronics,1,Browse,2025-10-14 04:04:20
SES09596,USR09596,Mobile,South,Social Media,Electronics,1,Browse,2025-10-21 10:36:53
SES09597,USR09597,Mobile,South,Organic,Electronics,1,Browse,2025-10-14 02:37:50
SES09598,USR09598,Desktop,North,Social Media,Sports,1,Browse,2025-10-30 01:57:50
SES09599,USR09599,Desktop,North,Email,Sports,2,Add to Cart,2025-10-08 22:51:30
SES09600,USR09600,Desktop,South,Organic,Sports,3,Checkout,2025-10-21 04:43:07
SES09601,USR09601,Mobile,North,Social Media,Home,1,Browse,2025-10-07 15:41:22
SES09602,USR09602,Tablet,East,Organic,Beauty,2,Add to Cart,2025-10-31 04:31:34
SES09603,USR09603,Tablet,South,Social Media,Electronics,3,Checkout,2025-10-04 11:55:49
SES09604,USR09604,Tablet,East,Social Media,Home,2,Add to Cart,2025-10-03 21:31:31
SES09605,USR09605,Mobile,South,Google Ads,Sports,2,Add to Cart,2025-10-15 07:43:35
SES09606,USR09606,Desktop,South,Organic,Fashion,2,Add to Cart,2025-10-25 00:55:51
SES09607,USR09607,Mobile,South,Social Media,Sports,2,Add to Cart,2025-10-07 03:53:59
SES09608,USR09608,Tablet,South,Email,Beauty,3,Checkout,2025-10-03 19:17:16
SES09609,USR09609,Desktop,North,Google Ads,Home,3,Checkout,2025-10-27 12:54:58
SES09610,USR09610,Tablet,South,Social Media,Electronics,2,Add to Cart,2025-10-24 01:44:20
SES09611,USR09611,Mobile,West,Google Ads,Beauty,2,Add to Cart,2025-10-25 11:06:03
SES09612,USR09612,Desktop,East,Organic,Home,1,Browse,2025-10-29 18:57:17
SES09613,USR09613,Mobile,East,Google Ads,Fashion,4,Purchase,2025-10-03 22:34:36
SES09614,USR09614,Mobile,South,Organic,Home,2,Add to Cart,2025-10-10 11:20:08
SES09615,USR09615,Mobile,West,Email,Electronics,1,Browse,2025-10-03 23:50:26
SES09616,USR09616,Tablet,East,Google Ads,Beauty,1,Browse,2025-10-31 12:23:00
SES09617,USR09617,Tablet,South,Organic,Beauty,2,Add to Cart,2025-10-06 16:28:49
SES09618,USR09618,Mobile,West,Google Ads,Electronics,1,Browse,2025-10-01 20:59:06
SES09619,USR09619,Mobile,North,Email,Electronics,2,Add to Cart,2025-10-13 21:39:49
SES09620,USR09620,Tablet,South,Organic,Home,1,Browse,2025-10-15 05:01:38
SES09621,USR09621,Desktop,North,Organic,Electronics,4,Purchase,2025-10-30 23:56:34
SES09622,USR09622,Mobile,East,Organic,Sports,1,Browse,2025-10-28 21:06:22
SES09623,USR09623,Tablet,North,Email,Electronics,2,Add to Cart,2025-10-12 18:05:10
SES09624,USR09624,Desktop,West,Google Ads,Electronics,3,Checkout,2025-10-12 05:15:24
SES09625,USR09625,Mobile,North,Email,Beauty,4,Purchase,2025-10-05 11:09:37
SES09626,USR09626,Desktop,North,Email,Electronics,3,Checkout,2025-10-15 21:39:45
SES09627,USR09627,Mobile,North,Social Media,Fashion,3,Checkout,2025-10-10 06:27:33
SES09628,USR09628,Mobile,South,Google Ads,Home,2,Add to Cart,2025-10-10 02:59:16
SES09629,USR09629,Desktop,East,Email,Electronics,4,Purchase,2025-10-13 09:23:44
SES09630,USR09630,Mobile,West,Email,Beauty,1,Browse,2025-10-19 09:58:05
SES09631,USR09631,Tablet,East,Google Ads,Beauty,4,Purchase,2025-10-05 06:20:51
SES09632,USR09632,Mobile,West,Google Ads,Sports,1,Browse,2025-10-18 10:06:14
SES09633,USR09633,Tablet,South,Social Media,Sports,1,Browse,2025-10-19 21:15:05
SES09634,USR09634,Desktop,South,Organic,Electronics,1,Browse,2025-10-14 15:37:14
SES09635,USR09635,Mobile,South,Google Ads,Fashion,2,Add to Cart,2025-10-09 06:05:32
SES09636,USR09636,Mobile,East,Social Media,Beauty,2,Add to Cart,2025-10-03 23:24:46
SES09637,USR09637,Tablet,North,Organic,Beauty,3,Checkout,2025-10-09 05:52:44
SES09638,USR09638,Desktop,East,Email,Electronics,4,Purchase,2025-10-25 01:19:28
SES09639,USR09639,Tablet,East,Email,Electronics,2,Add to Cart,2025-10-26 08:35:24
SES09640,USR09640,Tablet,West,Email,Fashion,1,Browse,2025-10-20 04:37:55
SES09641,USR09641,Desktop,South,Email,Home,1,Browse,2025-10-08 15:34:08
SES09642,USR09642,Desktop,West,Social Media,Beauty,1,Browse,2025-10-20 19:07:49
SES09643,USR09643,Tablet,West,Email,Electronics,1,Browse,2025-10-04 00:38:10
SES09644,USR09644,Desktop,East,Organic,Home,1,Browse,2025-10-25 21:13:03
SES09645,USR09645,Tablet,South,Social Media,Sports,2,Add to Cart,2025-10-26 03:03:23
SES09646,USR09646,Mobile,West,Email,Home,2,Add to Cart,2025-10-31 15:45:58
SES09647,USR09647,Desktop,South,Organic,Sports,1,Browse,2025-10-24 05:52:42
SES09648,USR09648,Desktop,South,Google Ads,Beauty,1,Browse,2025-10-21 07:50:07
SES09649,USR09649,Mobile,East,Google Ads,Home,3,Checkout,2025-10-18 13:10:47
SES09650,USR09650,Desktop,East,Email,Beauty,4,Purchase,2025-10-22 07:36:03
SES09651,USR09651,Desktop,East,Google Ads,Sports,1,Browse,2025-10-11 21:40:55
SES09652,USR09652,Tablet,South,Google Ads,Fashion,4,Purchase,2025-10-18 23:44:26
SES09653,USR09653,Desktop,East,Google Ads,Electronics,1,Browse,2025-10-17 14:45:55
SES09654,USR09654,Mobile,East,Organic,Electronics,4,Purchase,2025-10-07 19:28:23
SES09655,USR09655,Tablet,North,Google Ads,Sports,1,Browse,2025-10-18 23:48:44
SES09656,USR09656,Desktop,West,Organic,Beauty,3,Checkout,2025-10-18 12:23:31
SES09657,USR09657,Tablet,North,Organic,Fashion,3,Checkout,2025-10-07 08:55:15
SES09658,USR09658,Tablet,East,Organic,Beauty,2,Add to Cart,2025-10-22 11:53:56
SES09659,USR09659,Mobile,East,Google Ads,Home,2,Add to Cart,2025-10-24 20:14:36
SES09660,USR09660,Tablet,South,Google Ads,Electronics,3,Checkout,2025-10-10 13:35:18
SES09661,USR09661,Desktop,South,Google Ads,Fashion,2,Add to Cart,2025-10-12 08:22:22
SES09662,USR09662,Desktop,North,Google Ads,Fashion,4,Purchase,2025-10-20 04:24:13
SES09663,USR09663,Mobile,South,Google Ads,Sports,2,Add to Cart,2025-10-08 16:06:56
SES09664,USR09664,Mobile,East,Google Ads,Sports,1,Browse,2025-10-26 12:42:48
SES09665,USR09665,Mobile,East,Email,Electronics,1,Browse,2025-10-30 12:31:09
SES09666,USR09666,Tablet,East,Organic,Home,2,Add to Cart,2025-10-16 00:56:07
SES09667,USR09667,Tablet,North,Email,Sports,2,Add to Cart,2025-10-28 08:43:23
SES09668,USR09668,Desktop,North,Email,Home,3,Checkout,2025-10-16 13:18:27
SES09669,USR09669,Tablet,East,Google Ads,Electronics,1,Browse,2025-10-10 17:04:08
SES09670,USR09670,Mobile,West,Google Ads,Electronics,3,Checkout,2025-10-10 08:55:11
SES09671,USR09671,Desktop,East,Google Ads,Electronics,1,Browse,2025-10-27 12:53:42
SES09672,USR09672,Desktop,West,Organic,Fashion,3,Checkout,2025-10-14 16:05:30
SES09673,USR09673,Tablet,East,Email,Sports,3,Checkout,2025-10-23 00:25:52
SES09674,USR09674,Mobile,North,Email,Sports,2,Add to Cart,2025-10-20 01:17:16
SES09675,USR09675,Tablet,North,Social Media,Beauty,3,Checkout,2025-10-18 11:04:43
SES09676,USR09676,Tablet,South,Email,Sports,1,Browse,2025-10-26 02:41:17
SES09677,USR09677,Desktop,North,Google Ads,Home,3,Checkout,2025-10-25 00:22:48
SES09678,USR09678,Tablet,North,Google Ads,Electronics,4,Purchase,2025-10-09 03:45:12
SES09679,USR09679,Mobile,East,Social Media,Electronics,3,Checkout,2025-10-02 00:16:51
SES09680,USR09680,Tablet,East,Email,Home,4,Purchase,2025-10-10 12:01:06
SES09681,USR09681,Tablet,North,Social Media,Fashion,1,Browse,2025-10-24 19:01:16
SES09682,USR09682,Mobile,East,Social Media,Sports,3,Checkout,2025-10-25 08:11:57
SES09683,USR09683,Desktop,East,Google Ads,Beauty,1,Browse,2025-10-13 23:26:34
SES09684,USR09684,Mobile,West,Google Ads,Home,1,Browse,2025-10-26 14:11:41
SES09685,USR09685,Desktop,North,Social Media,Electronics,3,Checkout,2025-10-09 23:06:58
SES09686,USR09686,Tablet,South,Google Ads,Sports,2,Add to Cart,2025-10-07 10:31:13
SES09687,USR09687,Desktop,West,Email,Electronics,3,Checkout,2025-10-11 07:59:31
SES09688,USR09688,Desktop,West,Google Ads,Home,3,Checkout,2025-10-28 07:36:58
SES09689,USR09689,Mobile,North,Organic,Beauty,3,Checkout,2025-10-15 10:17:24
SES09690,USR09690,Tablet,South,Google Ads,Electronics,4,Purchase,2025-10-22 01:43:11
SES09691,USR09691,Mobile,East,Email,Sports,2,Add to Cart,2025-10-26 16:40:07
SES09692,USR09692,Mobile,East,Email,Beauty,1,Browse,2025-10-18 08:12:21
SES09693,USR09693,Mobile,North,Organic,Home,2,Add to Cart,2025-10-20 21:16:33
SES09694,USR09694,Tablet,West,Organic,Home,3,Checkout,2025-10-22 14:14:37
SES09695,USR09695,Tablet,West,Organic,Beauty,3,Checkout,2025-10-14 09:36:13
SES09696,USR09696,Mobile,East,Google Ads,Beauty,2,Add to Cart,2025-10-13 18:48:13
SES09697,USR09697,Tablet,East,Google Ads,Electronics,1,Browse,2025-10-31 09:49:56
SES09698,USR09698,Tablet,West,Organic,Sports,2,Add to Cart,2025-10-25 16:38:20
SES09699,USR09699,Tablet,East,Social Media,Sports,2,Add to Cart,2025-10-28 17:38:38
SES09700,USR09700,Mobile,West,Google Ads,Electronics,1,Browse,2025-10-12 04:28:35
SES09701,USR09701,Tablet,West,Social Media,Electronics,1,Browse,2025-10-15 13:42:27
SES09702,USR09702,Tablet,West,Social Media,Sports,3,Checkout,2025-10-07 12:51:09
SES09703,USR09703,Desktop,East,Social Media,Electronics,2,Add to Cart,2025-10-03 12:12:20
SES09704,USR09704,Desktop,East,Organic,Fashion,3,Checkout,2025-10-28 11:11:56
SES09705,USR09705,Desktop,East,Email,Beauty,2,Add to Cart,2025-10-21 02:01:53
SES09706,USR09706,Mobile,North,Organic,Home,2,Add to Cart,2025-10-20 21:07:28
SES09707,USR09707,Tablet,North,Organic,Sports,3,Checkout,2025-10-09 01:44:22
SES09708,USR09708,Mobile,North,Email,Beauty,3,Checkout,2025-10-22 23:23:18
SES09709,USR09709,Tablet,East,Social Media,Beauty,2,Add to Cart,2025-10-09 09:39:45
SES09710,USR09710,Desktop,East,Social Media,Beauty,3,Checkout,2025-10-21 05:00:47
SES09711,USR09711,Mobile,West,Google Ads,Electronics,2,Add to Cart,2025-10-29 19:57:10
SES09712,USR09712,Mobile,North,Social Media,Sports,2,Add to Cart,2025-10-18 17:35:55
SES09713,USR09713,Tablet,North,Email,Home,2,Add to Cart,2025-10-04 10:27:56
SES09714,USR09714,Desktop,North,Social Media,Electronics,2,Add to Cart,2025-10-05 05:50:48
SES09715,USR09715,Tablet,West,Organic,Sports,1,Browse,2025-10-03 17:29:46
SES09716,USR09716,Mobile,East,Organic,Sports,1,Browse,2025-10-25 19:17:11
SES09717,USR09717,Mobile,West,Social Media,Fashion,3,Checkout,2025-10-07 09:12:08
SES09718,USR09718,Tablet,West,Social Media,Home,2,Add to Cart,2025-10-14 23:26:11
SES09719,USR09719,Desktop,South,Social Media,Sports,3,Checkout,2025-10-22 09:15:52
SES09720,USR09720,Mobile,North,Social Media,Beauty,3,Checkout,2025-10-31 16:12:11
SES09721,USR09721,Tablet,West,Email,Beauty,2,Add to Cart,2025-10-20 12:52:26
SES09722,USR09722,Mobile,North,Email,Sports,1,Browse,2025-10-06 23:24:22
SES09723,USR09723,Mobile,South,Google Ads,Beauty,2,Add to Cart,2025-10-22 16:57:47
SES09724,USR09724,Tablet,West,Google Ads,Beauty,4,Purchase,2025-10-17 15:50:47
SES09725,USR09725,Desktop,South,Social Media,Beauty,2,Add to Cart,2025-10-09 21:59:32
SES09726,USR09726,Mobile,South,Organic,Beauty,1,Browse,2025-10-17 08:40:01
SES09727,USR09727,Mobile,East,Email,Fashion,2,Add to Cart,2025-10-20 18:35:13
SES09728,USR09728,Mobile,South,Google Ads,Home,4,Purchase,2025-10-09 18:34:44
SES09729,USR09729,Desktop,East,Organic,Sports,3,Checkout,2025-10-09 07:18:20
SES09730,USR09730,Mobile,North,Organic,Electronics,1,Browse,2025-10-29 01:37:39
SES09731,USR09731,Mobile,South,Social Media,Home,3,Checkout,2025-10-28 11:00:42
SES09732,USR09732,Desktop,North,Organic,Sports,1,Browse,2025-10-26 05:57:29
SES09733,USR09733,Desktop,South,Social Media,Fashion,1,Browse,2025-10-05 08:12:42
SES09734,USR09734,Desktop,North,Email,Fashion,2,Add to Cart,2025-10-23 00:27:03
SES09735,USR09735,Desktop,East,Google Ads,Fashion,2,Add to Cart,2025-10-18 12:53:26
SES09736,USR09736,Desktop,West,Google Ads,Beauty,2,Add to Cart,2025-10-28 17:57:12
SES09737,USR09737,Mobile,East,Email,Beauty,1,Browse,2025-10-08 16:44:33
SES09738,USR09738,Desktop,North,Email,Sports,3,Checkout,2025-10-09 22:51:59
SES09739,USR09739,Desktop,South,Google Ads,Beauty,4,Purchase,2025-10-03 03:04:37
SES09740,USR09740,Mobile,North,Organic,Fashion,2,Add to Cart,2025-10-15 12:25:39
SES09741,USR09741,Mobile,West,Organic,Sports,1,Browse,2025-10-06 05:48:44
SES09742,USR09742,Desktop,East,Email,Beauty,1,Browse,2025-10-09 04:52:14
SES09743,USR09743,Desktop,North,Google Ads,Electronics,1,Browse,2025-10-26 15:24:26
SES09744,USR09744,Desktop,North,Social Media,Home,4,Purchase,2025-10-11 07:50:22
SES09745,USR09745,Tablet,South,Google Ads,Electronics,2,Add to Cart,2025-10-26 23:39:54
SES09746,USR09746,Tablet,South,Google Ads,Electronics,4,Purchase,2025-10-25 19:10:03
SES09747,USR09747,Mobile,North,Organic,Home,1,Browse,2025-10-01 23:37:45
SES09748,USR09748,Desktop,South,Social Media,Home,2,Add to Cart,2025-10-14 12:20:21
SES09749,USR09749,Desktop,North,Email,Electronics,1,Browse,2025-10-22 00:57:55
SES09750,USR09750,Tablet,East,Social Media,Fashion,2,Add to Cart,2025-10-09 21:02:17
SES09751,USR09751,Tablet,South,Social Media,Home,4,Purchase,2025-10-19 00:02:39
SES09752,USR09752,Mobile,East,Email,Fashion,1,Browse,2025-10-28 11:31:01
SES09753,USR09753,Desktop,West,Email,Fashion,1,Browse,2025-10-23 04:43:58
SES09754,USR09754,Mobile,North,Email,Home,1,Browse,2025-10-18 13:02:29
SES09755,USR09755,Tablet,North,Google Ads,Electronics,2,Add to Cart,2025-10-02 16:26:20
SES09756,USR09756,Tablet,East,Social Media,Home,1,Browse,2025-10-23 03:10:31
SES09757,USR09757,Tablet,South,Google Ads,Electronics,4,Purchase,2025-10-11 07:26:12
SES09758,USR09758,Mobile,West,Google Ads,Sports,1,Browse,2025-10-14 17:03:55
SES09759,USR09759,Mobile,South,Google Ads,Electronics,4,Purchase,2025-10-24 03:45:18
SES09760,USR09760,Desktop,West,Social Media,Beauty,4,Purchase,2025-10-16 17:53:54
SES09761,USR09761,Desktop,North,Social Media,Sports,1,Browse,2025-10-04 04:59:46
SES09762,USR09762,Tablet,North,Social Media,Electronics,2,Add to Cart,2025-10-11 03:57:20
SES09763,USR09763,Mobile,South,Email,Fashion,2,Add to Cart,2025-10-30 17:44:23
SES09764,USR09764,Mobile,East,Organic,Beauty,1,Browse,2025-10-27 11:07:55
SES09765,USR09765,Tablet,West,Social Media,Home,3,Checkout,2025-10-18 15:16:24
SES09766,USR09766,Mobile,West,Email,Sports,4,Purchase,2025-10-12 16:22:22
SES09767,USR09767,Tablet,South,Email,Beauty,1,Browse,2025-10-19 08:43:01
SES09768,USR09768,Tablet,South,Organic,Beauty,2,Add to Cart,2025-10-11 05:34:22
SES09769,USR09769,Tablet,West,Social Media,Electronics,2,Add to Cart,2025-10-16 04:13:34
SES09770,USR09770,Mobile,West,Social Media,Beauty,4,Purchase,2025-10-25 06:04:14
SES09771,USR09771,Tablet,East,Organic,Electronics,2,Add to Cart,2025-10-13 04:36:58
SES09772,USR09772,Desktop,West,Email,Sports,3,Checkout,2025-10-27 10:49:09
SES09773,USR09773,Tablet,West,Google Ads,Beauty,2,Add to Cart,2025-10-20 07:40:53
SES09774,USR09774,Mobile,East,Google Ads,Sports,3,Checkout,2025-10-31 17:12:38
SES09775,USR09775,Tablet,North,Social Media,Beauty,2,Add to Cart,2025-10-06 15:41:09
SES09776,USR09776,Mobile,West,Social Media,Electronics,1,Browse,2025-10-04 20:43:45
SES09777,USR09777,Tablet,East,Social Media,Fashion,4,Purchase,2025-10-02 23:33:03
SES09778,USR09778,Desktop,West,Organic,Sports,2,Add to Cart,2025-10-25 05:05:23
SES09779,USR09779,Mobile,East,Organic,Home,4,Purchase,2025-10-04 00:20:36
SES09780,USR09780,Tablet,West,Social Media,Beauty,3,Checkout,2025-10-27 02:37:28
SES09781,USR09781,Desktop,West,Google Ads,Electronics,1,Browse,2025-10-11 11:02:13
SES09782,USR09782,Mobile,East,Social Media,Home,1,Browse,2025-10-25 10:59:34
SES09783,USR09783,Tablet,West,Email,Electronics,3,Checkout,2025-10-06 19:40:23
SES09784,USR09784,Desktop,North,Google Ads,Sports,2,Add to Cart,2025-10-08 21:40:05
SES09785,USR09785,Desktop,South,Social Media,Fashion,4,Purchase,2025-10-05 09:51:48
SES09786,USR09786,Mobile,South,Social Media,Sports,4,Purchase,2025-10-11 08:04:37
SES09787,USR09787,Desktop,East,Email,Beauty,2,Add to Cart,2025-10-17 16:30:40
SES09788,USR09788,Mobile,South,Social Media,Sports,2,Add to Cart,2025-10-16 08:28:59
SES09789,USR09789,Desktop,West,Email,Fashion,2,Add to Cart,2025-10-05 22:58:18
SES09790,USR09790,Desktop,North,Organic,Electronics,3,Checkout,2025-10-30 06:23:47
SES09791,USR09791,Desktop,North,Google Ads,Sports,2,Add to Cart,2025-10-22 19:51:30
SES09792,USR09792,Tablet,South,Google Ads,Fashion,3,Checkout,2025-10-27 21:33:05
SES09793,USR09793,Tablet,South,Organic,Beauty,1,Browse,2025-10-09 17:13:05
SES09794,USR09794,Desktop,West,Social Media,Beauty,1,Browse,2025-10-26 12:09:01
SES09795,USR09795,Mobile,East,Google Ads,Sports,3,Checkout,2025-10-08 20:32:40
SES09796,USR09796,Tablet,South,Email,Home,1,Browse,2025-10-06 06:55:43
SES09797,USR09797,Desktop,North,Email,Home,2,Add to Cart,2025-10-31 12:10:37
SES09798,USR09798,Tablet,North,Organic,Fashion,1,Browse,2025-10-26 18:52:29
SES09799,USR09799,Mobile,North,Organic,Fashion,2,Add to Cart,2025-10-03 08:24:40
SES09800,USR09800,Tablet,North,Email,Sports,3,Checkout,2025-10-21 03:39:26
SES09801,USR09801,Mobile,South,Social Media,Home,4,Purchase,2025-10-07 13:02:20
SES09802,USR09802,Tablet,West,Organic,Electronics,3,Checkout,2025-10-05 02:20:19
SES09803,USR09803,Desktop,East,Google Ads,Fashion,3,Checkout,2025-10-26 08:18:16
SES09804,USR09804,Tablet,East,Google Ads,Sports,3,Checkout,2025-10-15 15:46:22
SES09805,USR09805,Mobile,East,Social Media,Sports,3,Checkout,2025-10-13 14:45:28
SES09806,USR09806,Tablet,North,Social Media,Sports,2,Add to Cart,2025-10-12 23:26:29
SES09807,USR09807,Desktop,West,Email,Sports,3,Checkout,2025-10-31 06:19:17
SES09808,USR09808,Tablet,North,Organic,Electronics,1,Browse,2025-10-25 16:26:16
SES09809,USR09809,Desktop,South,Social Media,Beauty,1,Browse,2025-10-29 07:14:27
SES09810,USR09810,Mobile,North,Organic,Beauty,1,Browse,2025-10-11 15:07:37
SES09811,USR09811,Tablet,South,Google Ads,Electronics,2,Add to Cart,2025-10-02 09:40:13
SES09812,USR09812,Tablet,East,Organic,Fashion,2,Add to Cart,2025-10-22 13:35:58
SES09813,USR09813,Tablet,West,Social Media,Fashion,2,Add to Cart,2025-10-20 23:41:36
SES09814,USR09814,Desktop,West,Email,Beauty,2,Add to Cart,2025-10-10 17:46:17
SES09815,USR09815,Tablet,South,Social Media,Fashion,1,Browse,2025-10-26 17:21:53
SES09816,USR09816,Tablet,North,Email,Electronics,3,Checkout,2025-10-29 16:35:05
SES09817,USR09817,Desktop,North,Organic,Fashion,2,Add to Cart,2025-10-16 20:27:24
SES09818,USR09818,Desktop,East,Google Ads,Beauty,1,Browse,2025-10-19 20:38:10
SES09819,USR09819,Mobile,North,Email,Home,2,Add to Cart,2025-10-20 07:40:00
SES09820,USR09820,Tablet,North,Google Ads,Sports,1,Browse,2025-10-20 01:26:38
SES09821,USR09821,Desktop,West,Organic,Beauty,4,Purchase,2025-10-28 09:20:43
SES09822,USR09822,Mobile,North,Social Media,Home,2,Add to Cart,2025-10-04 22:22:16
SES09823,USR09823,Tablet,West,Organic,Fashion,1,Browse,2025-10-12 10:33:17
SES09824,USR09824,Tablet,North,Organic,Electronics,2,Add to Cart,2025-10-06 13:16:10
SES09825,USR09825,Desktop,West,Email,Sports,1,Browse,2025-10-25 17:28:03
SES09826,USR09826,Tablet,South,Google Ads,Sports,1,Browse,2025-10-18 10:41:50
SES09827,USR09827,Desktop,East,Google Ads,Fashion,4,Purchase,2025-10-15 03:56:39
SES09828,USR09828,Tablet,North,Google Ads,Home,3,Checkout,2025-10-27 12:38:58
SES09829,USR09829,Tablet,East,Google Ads,Beauty,4,Purchase,2025-10-25 02:57:57
SES09830,USR09830,Tablet,West,Google Ads,Electronics,2,Add to Cart,2025-10-08 14:54:35
SES09831,USR09831,Desktop,North,Organic,Fashion,3,Checkout,2025-10-21 05:15:28
SES09832,USR09832,Tablet,North,Google Ads,Home,2,Add to Cart,2025-10-25 08:59:16
SES09833,USR09833,Desktop,North,Google Ads,Electronics,3,Checkout,2025-10-22 02:51:52
SES09834,USR09834,Mobile,East,Social Media,Sports,2,Add to Cart,2025-10-29 17:36:05
SES09835,USR09835,Desktop,North,Organic,Home,1,Browse,2025-10-30 08:34:58
SES09836,USR09836,Mobile,East,Organic,Fashion,3,Checkout,2025-10-21 08:29:54
SES09837,USR09837,Desktop,North,Google Ads,Electronics,2,Add to Cart,2025-10-06 01:58:46
SES09838,USR09838,Mobile,West,Google Ads,Fashion,2,Add to Cart,2025-10-26 06:05:51
SES09839,USR09839,Mobile,East,Email,Fashion,2,Add to Cart,2025-10-25 12:59:37
SES09840,USR09840,Mobile,West,Google Ads,Electronics,2,Add to Cart,2025-10-28 07:27:20
SES09841,USR09841,Desktop,East,Social Media,Home,2,Add to Cart,2025-10-06 04:36:35
SES09842,USR09842,Mobile,West,Google Ads,Sports,2,Add to Cart,2025-10-29 06:29:13
SES09843,USR09843,Mobile,East,Google Ads,Sports,2,Add to Cart,2025-10-10 05:28:40
SES09844,USR09844,Mobile,South,Social Media,Electronics,2,Add to Cart,2025-10-29 23:56:45
SES09845,USR09845,Desktop,North,Social Media,Beauty,2,Add to Cart,2025-10-03 10:08:13
SES09846,USR09846,Tablet,North,Email,Fashion,1,Browse,2025-10-13 21:53:14
SES09847,USR09847,Mobile,North,Organic,Home,2,Add to Cart,2025-10-20 13:06:40
SES09848,USR09848,Mobile,South,Email,Fashion,1,Browse,2025-10-26 22:38:58
SES09849,USR09849,Mobile,West,Social Media,Sports,1,Browse,2025-10-15 04:19:42
SES09850,USR09850,Tablet,West,Organic,Beauty,1,Browse,2025-10-01 21:19:58
SES09851,USR09851,Tablet,West,Organic,Beauty,2,Add to Cart,2025-10-11 20:26:39
SES09852,USR09852,Tablet,East,Google Ads,Beauty,3,Checkout,2025-10-12 06:10:45
SES09853,USR09853,Mobile,West,Organic,Electronics,2,Add to Cart,2025-10-22 05:06:45
SES09854,USR09854,Tablet,North,Organic,Beauty,3,Checkout,2025-10-15 18:59:41
SES09855,USR09855,Desktop,East,Email,Fashion,2,Add to Cart,2025-10-03 20:23:48
SES09856,USR09856,Tablet,North,Google Ads,Beauty,1,Browse,2025-10-14 06:17:48
SES09857,USR09857,Tablet,North,Social Media,Fashion,2,Add to Cart,2025-10-03 03:03:50
SES09858,USR09858,Tablet,North,Social Media,Electronics,4,Purchase,2025-10-20 07:11:20
SES09859,USR09859,Tablet,South,Email,Sports,2,Add to Cart,2025-10-17 10:50:04
SES09860,USR09860,Tablet,East,Social Media,Home,3,Checkout,2025-10-29 17:18:43
SES09861,USR09861,Desktop,East,Social Media,Beauty,3,Checkout,2025-10-24 09:10:41
SES09862,USR09862,Desktop,West,Organic,Electronics,2,Add to Cart,2025-10-18 09:44:29
SES09863,USR09863,Desktop,West,Social Media,Electronics,1,Browse,2025-10-09 13:52:16
SES09864,USR09864,Desktop,North,Google Ads,Sports,2,Add to Cart,2025-10-23 03:40:15
SES09865,USR09865,Desktop,North,Organic,Beauty,1,Browse,2025-10-16 08:46:24
SES09866,USR09866,Desktop,North,Organic,Sports,2,Add to Cart,2025-10-26 20:34:12
SES09867,USR09867,Mobile,North,Email,Electronics,2,Add to Cart,2025-10-31 02:34:53
SES09868,USR09868,Tablet,South,Social Media,Beauty,3,Checkout,2025-10-03 17:10:37
SES09869,USR09869,Tablet,West,Email,Beauty,4,Purchase,2025-10-30 21:37:19
SES09870,USR09870,Mobile,South,Email,Home,1,Browse,2025-10-26 22:58:57
SES09871,USR09871,Mobile,East,Social Media,Sports,1,Browse,2025-10-14 18:32:11
SES09872,USR09872,Desktop,East,Google Ads,Electronics,1,Browse,2025-10-02 11:11:44
SES09873,USR09873,Mobile,South,Social Media,Fashion,1,Browse,2025-10-10 04:15:08
SES09874,USR09874,Desktop,East,Google Ads,Electronics,2,Add to Cart,2025-10-27 00:23:45
SES09875,USR09875,Desktop,West,Email,Home,2,Add to Cart,2025-10-28 16:18:13
SES09876,USR09876,Tablet,East,Organic,Beauty,2,Add to Cart,2025-10-25 01:41:39
SES09877,USR09877,Tablet,North,Social Media,Electronics,1,Browse,2025-10-03 00:22:51
SES09878,USR09878,Tablet,South,Email,Fashion,4,Purchase,2025-10-09 12:37:27
SES09879,USR09879,Mobile,South,Organic,Fashion,2,Add to Cart,2025-10-24 07:52:58
SES09880,USR09880,Desktop,East,Social Media,Fashion,2,Add to Cart,2025-10-21 11:32:37
SES09881,USR09881,Tablet,West,Google Ads,Home,1,Browse,2025-10-13 04:21:15
SES09882,USR09882,Tablet,East,Email,Sports,1,Browse,2025-10-04 14:09:11
SES09883,USR09883,Mobile,North,Organic,Electronics,1,Browse,2025-10-23 19:38:29
SES09884,USR09884,Tablet,West,Social Media,Electronics,4,Purchase,2025-10-14 23:31:25
SES09885,USR09885,Tablet,North,Google Ads,Beauty,1,Browse,2025-10-23 16:21:37
SES09886,USR09886,Mobile,North,Google Ads,Sports,1,Browse,2025-10-21 11:14:39
SES09887,USR09887,Desktop,North,Social Media,Sports,2,Add to Cart,2025-10-25 23:06:11
SES09888,USR09888,Tablet,East,Email,Fashion,2,Add to Cart,2025-10-02 22:29:50
SES09889,USR09889,Desktop,East,Social Media,Beauty,1,Browse,2025-10-12 02:43:15
SES09890,USR09890,Desktop,South,Organic,Beauty,2,Add to Cart,2025-10-07 13:10:17
SES09891,USR09891,Desktop,West,Email,Electronics,1,Browse,2025-10-29 15:29:18
SES09892,USR09892,Desktop,North,Organic,Fashion,1,Browse,2025-10-11 10:44:59
SES09893,USR09893,Desktop,West,Google Ads,Fashion,3,Checkout,2025-10-21 05:15:33
SES09894,USR09894,Tablet,South,Google Ads,Fashion,1,Browse,2025-10-20 10:46:27
SES09895,USR09895,Tablet,East,Organic,Electronics,2,Add to Cart,2025-10-13 06:38:24
SES09896,USR09896,Tablet,South,Email,Home,4,Purchase,2025-10-20 21:25:27
SES09897,USR09897,Tablet,South,Email,Fashion,2,Add to Cart,2025-10-25 01:03:59
SES09898,USR09898,Desktop,East,Email,Fashion,1,Browse,2025-10-17 18:15:18
SES09899,USR09899,Mobile,West,Email,Fashion,4,Purchase,2025-10-12 04:57:08
SES09900,USR09900,Mobile,South,Social Media,Home,2,Add to Cart,2025-10-21 19:08:43
SES09901,USR09901,Desktop,South,Social Media,Home,2,Add to Cart,2025-10-06 16:12:19
SES09902,USR09902,Desktop,South,Email,Sports,1,Browse,2025-10-04 22:16:38
SES09903,USR09903,Mobile,North,Email,Home,3,Checkout,2025-10-15 23:03:26
SES09904,USR09904,Mobile,West,Social Media,Beauty,3,Checkout,2025-10-12 16:02:08
SES09905,USR09905,Tablet,North,Social Media,Home,2,Add to Cart,2025-10-31 16:56:04
SES09906,USR09906,Mobile,South,Organic,Electronics,2,Add to Cart,2025-10-10 16:34:16
SES09907,USR09907,Desktop,North,Social Media,Electronics,1,Browse,2025-10-04 04:09:09
SES09908,USR09908,Desktop,South,Social Media,Fashion,3,Checkout,2025-10-07 05:57:40
SES09909,USR09909,Desktop,South,Organic,Electronics,4,Purchase,2025-10-27 03:40:26
SES09910,USR09910,Desktop,South,Email,Beauty,3,Checkout,2025-10-13 06:42:48
SES09911,USR09911,Mobile,East,Organic,Fashion,1,Browse,2025-10-24 14:15:08
SES09912,USR09912,Mobile,South,Email,Electronics,3,Checkout,2025-10-13 16:59:12
SES09913,USR09913,Desktop,North,Social Media,Beauty,3,Checkout,2025-10-26 15:00:37
SES09914,USR09914,Tablet,South,Email,Fashion,1,Browse,2025-10-04 16:22:43
SES09915,USR09915,Tablet,North,Social Media,Electronics,1,Browse,2025-10-03 22:29:03
SES09916,USR09916,Tablet,South,Email,Fashion,4,Purchase,2025-10-12 19:16:09
SES09917,USR09917,Tablet,North,Organic,Fashion,1,Browse,2025-10-22 04:19:30
SES09918,USR09918,Desktop,West,Social Media,Electronics,1,Browse,2025-10-24 14:29:19
SES09919,USR09919,Tablet,East,Google Ads,Fashion,2,Add to Cart,2025-10-05 06:41:36
SES09920,USR09920,Mobile,West,Email,Electronics,2,Add to Cart,2025-10-02 21:06:27
SES09921,USR09921,Mobile,East,Organic,Sports,1,Browse,2025-10-06 01:37:25
SES09922,USR09922,Desktop,North,Social Media,Home,2,Add to Cart,2025-10-19 09:55:39
SES09923,USR09923,Tablet,West,Social Media,Beauty,1,Browse,2025-10-29 22:13:59
SES09924,USR09924,Desktop,North,Organic,Fashion,2,Add to Cart,2025-10-21 08:11:20
SES09925,USR09925,Mobile,North,Google Ads,Beauty,3,Checkout,2025-10-03 23:29:14
SES09926,USR09926,Desktop,South,Email,Electronics,1,Browse,2025-10-02 00:15:57
SES09927,USR09927,Mobile,North,Email,Electronics,1,Browse,2025-10-15 00:24:00
SES09928,USR09928,Mobile,East,Organic,Electronics,3,Checkout,2025-10-16 22:38:57
SES09929,USR09929,Tablet,South,Google Ads,Sports,2,Add to Cart,2025-10-19 00:52:19
SES09930,USR09930,Tablet,West,Email,Fashion,1,Browse,2025-10-31 01:05:57
SES09931,USR09931,Mobile,North,Email,Fashion,1,Browse,2025-10-13 04:20:50
SES09932,USR09932,Mobile,South,Email,Sports,3,Checkout,2025-10-24 07:36:28
SES09933,USR09933,Tablet,East,Social Media,Home,2,Add to Cart,2025-10-10 03:14:08
SES09934,USR09934,Mobile,West,Google Ads,Sports,3,Checkout,2025-10-02 11:33:18
SES09935,USR09935,Tablet,North,Organic,Fashion,1,Browse,2025-10-13 18:59:45
SES09936,USR09936,Tablet,West,Organic,Home,3,Checkout,2025-10-18 08:35:53
SES09937,USR09937,Desktop,North,Organic,Home,2,Add to Cart,2025-10-08 07:55:02
SES09938,USR09938,Mobile,West,Organic,Home,2,Add to Cart,2025-10-24 09:34:33
SES09939,USR09939,Desktop,West,Social Media,Sports,2,Add to Cart,2025-10-16 21:16:38
SES09940,USR09940,Tablet,West,Social Media,Home,2,Add to Cart,2025-10-31 09:09:09
SES09941,USR09941,Tablet,North,Email,Electronics,3,Checkout,2025-10-18 18:39:38
SES09942,USR09942,Mobile,East,Organic,Sports,1,Browse,2025-10-18 08:15:30
SES09943,USR09943,Mobile,South,Organic,Home,2,Add to Cart,2025-10-04 04:15:48
SES09944,USR09944,Desktop,East,Email,Electronics,2,Add to Cart,2025-10-13 13:58:22
SES09945,USR09945,Mobile,South,Organic,Electronics,3,Checkout,2025-10-14 14:35:01
SES09946,USR09946,Mobile,North,Organic,Sports,3,Checkout,2025-10-07 03:56:08
SES09947,USR09947,Tablet,East,Organic,Home,4,Purchase,2025-10-24 05:53:08
SES09948,USR09948,Tablet,East,Google Ads,Sports,3,Checkout,2025-10-16 21:53:51
SES09949,USR09949,Desktop,East,Organic,Sports,1,Browse,2025-10-06 15:45:18
SES09950,USR09950,Desktop,North,Organic,Home,3,Checkout,2025-10-08 00:51:09
SES09951,USR09951,Tablet,East,Social Media,Sports,2,Add to Cart,2025-10-25 01:49:55
SES09952,USR09952,Desktop,East,Google Ads,Electronics,1,Browse,2025-10-11 10:31:00
SES09953,USR09953,Desktop,South,Google Ads,Beauty,1,Browse,2025-10-21 13:04:28
SES09954,USR09954,Tablet,North,Email,Beauty,1,Browse,2025-10-31 07:44:18
SES09955,USR09955,Desktop,West,Organic,Fashion,3,Checkout,2025-10-16 22:49:30
SES09956,USR09956,Mobile,East,Social Media,Electronics,4,Purchase,2025-10-13 13:26:48
SES09957,USR09957,Desktop,South,Google Ads,Fashion,2,Add to Cart,2025-10-30 21:14:51
SES09958,USR09958,Tablet,South,Google Ads,Fashion,3,Checkout,2025-10-23 05:07:13
SES09959,USR09959,Tablet,South,Organic,Sports,1,Browse,2025-10-28 01:42:59
SES09960,USR09960,Desktop,East,Email,Sports,2,Add to Cart,2025-10-14 09:24:00
SES09961,USR09961,Tablet,South,Social Media,Beauty,2,Add to Cart,2025-10-31 11:56:43
SES09962,USR09962,Mobile,North,Email,Beauty,4,Purchase,2025-10-08 20:23:44
SES09963,USR09963,Tablet,North,Social Media,Fashion,2,Add to Cart,2025-10-20 13:16:00
SES09964,USR09964,Mobile,West,Social Media,Fashion,1,Browse,2025-10-16 10:17:28
SES09965,USR09965,Desktop,South,Google Ads,Fashion,3,Checkout,2025-10-03 17:17:23
SES09966,USR09966,Desktop,North,Organic,Beauty,2,Add to Cart,2025-10-07 01:51:24
SES09967,USR09967,Mobile,North,Organic,Fashion,2,Add to Cart,2025-10-22 03:49:28
SES09968,USR09968,Tablet,East,Email,Sports,1,Browse,2025-10-17 10:29:27
SES09969,USR09969,Tablet,North,Social Media,Fashion,1,Browse,2025-10-10 23:58:44
SES09970,USR09970,Tablet,West,Organic,Home,2,Add to Cart,2025-10-25 07:12:56
SES09971,USR09971,Tablet,North,Google Ads,Fashion,2,Add to Cart,2025-10-09 12:42:53
SES09972,USR09972,Tablet,East,Google Ads,Fashion,3,Checkout,2025-10-20 11:19:50
SES09973,USR09973,Desktop,North,Email,Home,1,Browse,2025-10-27 19:33:51
SES09974,USR09974,Desktop,North,Organic,Electronics,3,Checkout,2025-10-28 15:21:13
SES09975,USR09975,Desktop,East,Organic,Home,1,Browse,2025-10-14 20:02:47
SES09976,USR09976,Tablet,West,Google Ads,Sports,2,Add to Cart,2025-10-26 13:24:59
SES09977,USR09977,Desktop,East,Organic,Beauty,3,Checkout,2025-10-08 03:21:35
SES09978,USR09978,Tablet,North,Organic,Fashion,2,Add to Cart,2025-10-24 18:39:29
SES09979,USR09979,Tablet,East,Social Media,Home,4,Purchase,2025-10-11 04:02:57
SES09980,USR09980,Desktop,East,Google Ads,Beauty,2,Add to Cart,2025-10-22 00:52:33
SES09981,USR09981,Mobile,East,Google Ads,Beauty,2,Add to Cart,2025-10-09 23:48:03
SES09982,USR09982,Mobile,South,Google Ads,Beauty,3,Checkout,2025-10-04 10:52:48
SES09983,USR09983,Mobile,South,Organic,Beauty,2,Add to Cart,2025-10-02 09:48:26
SES09984,USR09984,Mobile,South,Email,Sports,2,Add to Cart,2025-10-01 22:56:14
SES09985,USR09985,Tablet,North,Google Ads,Sports,1,Browse,2025-10-08 21:32:35
SES09986,USR09986,Desktop,East,Organic,Beauty,3,Checkout,2025-10-28 12:03:13
SES09987,USR09987,Tablet,East,Organic,Sports,2,Add to Cart,2025-10-20 01:44:04
SES09988,USR09988,Tablet,South,Email,Beauty,2,Add to Cart,2025-10-12 15:24:21
SES09989,USR09989,Mobile,East,Google Ads,Sports,1,Browse,2025-10-15 13:01:56
SES09990,USR09990,Tablet,North,Social Media,Fashion,2,Add to Cart,2025-10-07 03:15:36
SES09991,USR09991,Desktop,North,Google Ads,Fashion,1,Browse,2025-10-03 04:50:25
SES09992,USR09992,Mobile,East,Social Media,Fashion,1,Browse,2025-10-14 12:16:05
SES09993,USR09993,Mobile,South,Organic,Sports,2,Add to Cart,2025-10-27 06:33:21
SES09994,USR09994,Desktop,East,Google Ads,Sports,2,Add to Cart,2025-10-16 22:14:24
SES09995,USR09995,Desktop,South,Google Ads,Electronics,1,Browse,2025-10-13 11:28:35
SES09996,USR09996,Desktop,South,Organic,Sports,4,Purchase,2025-10-24 13:47:03
SES09997,USR09997,Mobile,South,Google Ads,Home,1,Browse,2025-10-28 02:53:54
SES09998,USR09998,Tablet,East,Social Media,Beauty,3,Checkout,2025-10-09 12:04:15
SES09999,USR09999,Desktop,South,Google Ads,Electronics,4,Purchase,2025-10-03 17:22:58
SES10000,USR10000,Mobile,South,Google Ads,Beauty,1,Browse,2025-10-15 20:32:43
